Workbook

Sheet 1、架空线路红外检测
A1: 广供电输二〔2023〕1号附件2
A2: 输电管理二所2023年人机协同预试检测计划（关键和重要线路1年2测，一般和关注线路1年1测）
A3: 序号 | B3: 工作类型 | C3: 计划类型 | D3: 电压等级 | E3: 线路重要度 | F3: 线路名称 | G3: 作业内容 | H3: 设备设施名称 | I3: 复合绝缘子：杆塔数量（基） | J3: 绝缘子数量（串） | K3: 合成绝缘子投运年限 | L3: 导地线：杆塔数量（基） | M3: 计划开始日期 | N3: 计划结束日期 | O3: 是否停电 | P3: 责任单位 | Q3: 中心负责人 | R3: 线路专责人 | S3: 责任中心 | T3: 计划完成数 | U3: 实际开始日期(自动计算） | V3: 实际结束日期(自动计算） | W3: 实际完成数 (自动计算） | X3: 合格数量 (自动计算） | Y3: 完成率 (自动计算） | Z3: 合格率 (自动计算） | AA3: 备注（异常情况、未按时完成原因） | AB3: 对应系统中计划编号 | AC3: 对应系统中计划状态 | AD3: 问题 | AE3: 提醒 | AF3: 中心反馈
A4: 1 | B4: 预试 | C4: 考核 | D4: 500kV | E4: 关键 | F4: 从科甲线 | G4: 机巡区复合绝缘子 | H4: #01、#02、#03、#04、#05、#06、#07、#08、#09、#10、#11、#13、#14、#15、#16、#17、#18、#19、#20、#21、#22、#23、#24、#26、#28、#29、#30、#31、#33、#34、#35、#36、#37、#38、#39、#40、#41、#42、#43、#44、#45、#46、#47、#48、#49、#50、#51、#52、#53、#54、#55、#56、#57、#58、#59、#60、#61、#62、#63、#64、#65、#66、#67、#68、#69、#70、#71、#72、#73、#74、#75、#76、#77、#78、#79、#80、#81、#82、#83、#84、#85、#86、#87、#88、#89、#90、#91、#92、#96、#97、#98、#99、#100、#101、#102、#103、#104、#105、#106、#107、#108、#109、#110、#111、#112、#113、#115 | I4: 107 | J4: 448 | K4: 9 | M4: 44986 | N4: 2023年3月31日 | O4: 否 | P4: 输电管理二所 | Q4: 吴达 | R4: 甘永叶 | S4: 天河中心 | T4: 448 | U4: 2023-03-17 08:48:00 | V4: 2023-03-17 11:57:00 | W4: 448 | X4: 448 | Y4: 1 | Z4: 1 | AB4: JH030120230111-010828 | AC4: 已完成 | AH4: =IF(N4="2023年01月","2023年01月31日",IF(N4="2023年02月","2023年02月28日",IF(N4="2023年3月","2023年3月31日",IF(N4="2023年4月","2023年4月30日",IF(N4="2023年5月","2023年5月31日",IF(N4="2023年6月","2023年6月30日",IF(N4="2023年7月","2023年7月31日",IF(N4="2023年8月","2023年8月31日",IF(N4="2023年9月","2023年9月30日",IF(N4="2023年10月","2023年10月31日",IF(N4="2023年11月","2023年11月30日",IF(N4="2023年12月","2023年12月31日")))))))))))) -> FALSE
A5: 2 | B5: 预试 | C5: 考核 | D5: 500kV | E5: 关键 | F5: 从科甲线 | G5: 导、地线连接位置 | H5: 耐张线夹： #01、#05、#09、#10、#12、#20、#23、#25、#27、#28、#29、#31、#32、#34、#35、#37、#38、#40、#44、#49、#52、#57、#63、#66、#69、#71、#78、#82、#83、#85、#87、#89、#91、#95、#98、#100、#101、#103、#105、#106、#107、#108、#111、#113、#114、#116、#117、#118 | L5: 48 | M5: 44986 | N5: 2023年3月31日 | O5: 否 | P5: 输电管理二所 | Q5: 吴达 | R5: 甘永叶 | S5: 天河中心 | T5: 48 | U5: 2023-03-17 08:48:00 | V5: 2023-03-17 11:57:00 | W5: 48 | X5: 48 | Y5: 1 | Z5: 1 | AB5: JH030120230111-010828 | AC5: 已完成 | AH5: =IF(N5="2023年01月","2023年01月31日",IF(N5="2023年02月","2023年02月28日",IF(N5="2023年3月","2023年3月31日",IF(N5="2023年4月","2023年4月30日",IF(N5="2023年5月","2023年5月31日",IF(N5="2023年6月","2023年6月30日",IF(N5="2023年7月","2023年7月31日",IF(N5="2023年8月","2023年8月31日",IF(N5="2023年9月","2023年9月30日",IF(N5="2023年10月","2023年10月31日",IF(N5="2023年11月","2023年11月30日",IF(N5="2023年12月","2023年12月31日")))))))))))) -> FALSE
A6: 3 | B6: 预试 | C6: 考核 | D6: 500kV | E6: 关键 | F6: 从科甲线 | G6: 导、地线连接位置 | H6: 接续管或预绞丝：#02-#03（B相）、#04-#05（A相）、#04-#05（C相）、#07-#08（B相）、#10-#11（C相）、#11-#12（C相）、#15-#16（A相）、#15-#16（B相）、#15-#16（C相）、#18-#19（B相）、#19-#20（A相）、#19-#20（C相）、#23-#24（B相）、#27-#28（A相）、#27-#28（C相）、#33-#34（A相）、#33-#34（B相）、#41-#42（C相）、#43-#44（A相）、#44-#45（A相）、#44-#45（B相）、#44-#45（C相）、#46-#47（B相）、#47-#48（B相）、#49-#50（C相）、#49-#50（B相）、#50-#51（A相）、#50-#51（B相）、#50-#51（C相）、#52-#53（B相）、#53-#54（A相）、#53-#54（B相）、#54-#55（C相）、#57-#58（A相）、#57-#58（B相）、#59-#60（C相）、#60-#61（B相）、#65-#66（B相）、#66-#67（A相）、#68-#69（B相）、#71-#72（C相）、#73-#74（B相）、#75-#76（A相）、#76-#77（C相）、#80-#81（B相）、#91-#92（B相）、#91-#92（C相）、#97-#98（A相）、#97-#98（B相）、#97-#98（C相）、#104-#105（B相）、#113-#114（B相）、#113-#114（C相） | L6: 53 | M6: 44986 | N6: 2023年3月31日 | O6: 否 | P6: 输电管理二所 | Q6: 吴达 | R6: 甘永叶 | S6: 天河中心 | T6: 53 | U6: 2023-03-17 08:48:00 | V6: 2023-03-17 11:57:00 | W6: 53 | X6: 53 | Y6: 1 | Z6: 1 | AB6: JH030120230111-010828 | AC6: 已完成 | AH6: =IF(N6="2023年01月","2023年01月31日",IF(N6="2023年02月","2023年02月28日",IF(N6="2023年3月","2023年3月31日",IF(N6="2023年4月","2023年4月30日",IF(N6="2023年5月","2023年5月31日",IF(N6="2023年6月","2023年6月30日",IF(N6="2023年7月","2023年7月31日",IF(N6="2023年8月","2023年8月31日",IF(N6="2023年9月","2023年9月30日",IF(N6="2023年10月","2023年10月31日",IF(N6="2023年11月","2023年11月30日",IF(N6="2023年12月","2023年12月31日")))))))))))) -> FALSE
A7: 4 | B7: 预试 | C7: 考核 | D7: 500kV | E7: 关键 | F7: 从科甲线 | G7: 机巡区复合绝缘子 | H7: #01、#02、#03、#04、#05、#06、#07、#08、#09、#10、#11、#13、#14、#15、#16、#17、#18、#19、#20、#21、#22、#23、#24、#26、#28、#29、#30、#31、#33、#34、#35、#36、#37、#38、#39、#40、#41、#42、#43、#44、#45、#46、#47、#48、#49、#50、#51、#52、#53、#54、#55、#56、#57、#58、#59、#60、#61、#62、#63、#64、#65、#66、#67、#68、#69、#70、#71、#72、#73、#74、#75、#76、#77、#78、#79、#80、#81、#82、#83、#84、#85、#86、#87、#88、#89、#90、#91、#92、#96、#97、#98、#99、#100、#101、#102、#103、#104、#105、#106、#107、#108、#109、#110、#111、#112、#113、#115 | I7: 107 | J7: 448 | K7: 9 | M7: 45170 | N7: 2023年9月30日 | O7: 否 | P7: 输电管理二所 | Q7: 吴达 | R7: 甘永叶 | S7: 天河中心 | T7: 448 | U7: 2023-09-07 08:46:00 | V7: 2023-09-07 12:07:00 | W7: 448 | X7: 448 | Y7: 1 | Z7: 1 | AB7: JH030120230111-014592 | AC7: 已完成 | AH7: =IF(N7="2023年01月","2023年01月31日",IF(N7="2023年02月","2023年02月28日",IF(N7="2023年3月","2023年3月31日",IF(N7="2023年4月","2023年4月30日",IF(N7="2023年5月","2023年5月31日",IF(N7="2023年6月","2023年6月30日",IF(N7="2023年7月","2023年7月31日",IF(N7="2023年8月","2023年8月31日",IF(N7="2023年9月","2023年9月30日",IF(N7="2023年10月","2023年10月31日",IF(N7="2023年11月","2023年11月30日",IF(N7="2023年12月","2023年12月31日")))))))))))) -> FALSE
A8: 5 | B8: 预试 | C8: 考核 | D8: 500kV | E8: 关键 | F8: 从科甲线 | G8: 导、地线连接位置 | H8: 耐张线夹： #01、#05、#09、#10、#12、#20、#23、#25、#27、#28、#29、#31、#32、#34、#35、#37、#38、#40、#44、#49、#52、#57、#63、#66、#69、#71、#78、#82、#83、#85、#87、#89、#91、#95、#98、#100、#101、#103、#105、#106、#107、#108、#111、#113、#114、#116、#117、#118 | L8: 48 | M8: 45170 | N8: 2023年9月30日 | O8: 否 | P8: 输电管理二所 | Q8: 吴达 | R8: 甘永叶 | S8: 天河中心 | T8: 48 | U8: 2023-09-07 08:46:00 | V8: 2023-09-07 12:07:00 | W8: 48 | X8: 48 | Y8: 1 | Z8: 1 | AB8: JH030120230111-014592 | AC8: 已完成 | AH8: =IF(N8="2023年01月","2023年01月31日",IF(N8="2023年02月","2023年02月28日",IF(N8="2023年3月","2023年3月31日",IF(N8="2023年4月","2023年4月30日",IF(N8="2023年5月","2023年5月31日",IF(N8="2023年6月","2023年6月30日",IF(N8="2023年7月","2023年7月31日",IF(N8="2023年8月","2023年8月31日",IF(N8="2023年9月","2023年9月30日",IF(N8="2023年10月","2023年10月31日",IF(N8="2023年11月","2023年11月30日",IF(N8="2023年12月","2023年12月31日")))))))))))) -> FALSE
A9: 6 | B9: 预试 | C9: 考核 | D9: 500kV | E9: 关键 | F9: 从科甲线 | G9: 导、地线连接位置 | H9: 接续管或预绞丝：#02-#03（B相）、#04-#05（A相）、#04-#05（C相）、#07-#08（B相）、#10-#11（C相）、#11-#12（C相）、#15-#16（A相）、#15-#16（B相）、#15-#16（C相）、#18-#19（B相）、#19-#20（A相）、#19-#20（C相）、#23-#24（B相）、#27-#28（A相）、#27-#28（C相）、#33-#34（A相）、#33-#34（B相）、#41-#42（C相）、#43-#44（A相）、#44-#45（A相）、#44-#45（B相）、#44-#45（C相）、#46-#47（B相）、#47-#48（B相）、#49-#50（C相）、#49-#50（B相）、#50-#51（A相）、#50-#51（B相）、#50-#51（C相）、#52-#53（B相）、#53-#54（A相）、#53-#54（B相）、#54-#55（C相）、#57-#58（A相）、#57-#58（B相）、#59-#60（C相）、#60-#61（B相）、#65-#66（B相）、#66-#67（A相）、#68-#69（B相）、#71-#72（C相）、#73-#74（B相）、#75-#76（A相）、#76-#77（C相）、#80-#81（B相）、#91-#92（B相）、#91-#92（C相）、#97-#98（A相）、#97-#98（B相）、#97-#98（C相）、#104-#105（B相）、#113-#114（B相）、#113-#114（C相） | L9: 53 | M9: 45170 | N9: 2023年9月30日 | O9: 否 | P9: 输电管理二所 | Q9: 吴达 | R9: 甘永叶 | S9: 天河中心 | T9: 53 | U9: 2023-09-07 08:46:00 | V9: 2023-09-07 12:07:00 | W9: 53 | X9: 53 | Y9: 1 | Z9: 1 | AB9: JH030120230111-014592 | AC9: 已完成 | AH9: =IF(N9="2023年01月","2023年01月31日",IF(N9="2023年02月","2023年02月28日",IF(N9="2023年3月","2023年3月31日",IF(N9="2023年4月","2023年4月30日",IF(N9="2023年5月","2023年5月31日",IF(N9="2023年6月","2023年6月30日",IF(N9="2023年7月","2023年7月31日",IF(N9="2023年8月","2023年8月31日",IF(N9="2023年9月","2023年9月30日",IF(N9="2023年10月","2023年10月31日",IF(N9="2023年11月","2023年11月30日",IF(N9="2023年12月","2023年12月31日")))))))))))) -> FALSE
A10: 7 | B10: 预试 | C10: 考核 | D10: 500kV | E10: 关键 | F10: 从科乙线 | G10: 机巡区复合绝缘子 | H10: #01、#02、#03、#04、#05、#06、#07、#08、#09、#10、#11、#12、#13、#14、#15、#16、#17、#18、#19、#20、#21、#22、#24、#25、#26、#27、#28、#30、#31、#32、#33、#34、#35、#36、#37、#38、#39、#40、#41、#42、#43、#44、#45、#46、#47、#48、#49、#50、#51、#52、#53、#54、#55、#56、#57、#58、#59、#60、#61、#62、#63、#64、#65、#66、#67、#68、#69、#70、#71、#72、#73、#74、#75、#76、#77、#78、#79、#80、#81、#82、#83、#84、#85、#86、#87、#88、#89、#90、#91、#92、#96、#97、#98、#99、#100、#101、#102、#103、#104、#105、#106、#107、#108、#109、#110、#111、#112、#113、#115 | I10: 109 | J10: 442 | K10: 9 | M10: 44986 | N10: 2023年3月31日 | O10: 否 | P10: 输电管理二所 | Q10: 吴达 | R10: 甘永叶 | S10: 天河中心 | T10: 442 | U10: 2023-03-17 08:48:00 | V10: 2023-03-17 11:57:00 | W10: 442 | X10: 442 | Y10: 1 | Z10: 1 | AB10: JH030120230111-010828 | AC10: 已完成 | AH10: =IF(N10="2023年01月","2023年01月31日",IF(N10="2023年02月","2023年02月28日",IF(N10="2023年3月","2023年3月31日",IF(N10="2023年4月","2023年4月30日",IF(N10="2023年5月","2023年5月31日",IF(N10="2023年6月","2023年6月30日",IF(N10="2023年7月","2023年7月31日",IF(N10="2023年8月","2023年8月31日",IF(N10="2023年9月","2023年9月30日",IF(N10="2023年10月","2023年10月31日",IF(N10="2023年11月","2023年11月30日",IF(N10="2023年12月","2023年12月31日")))))))))))) -> FALSE
A11: 8 | B11: 预试 | C11: 考核 | D11: 500kV | E11: 关键 | F11: 从科乙线 | G11: 机巡区瓷质绝缘子 | H11: #12、#20、#23、#25、#27、#28、#29、#31、#32 | I11: 9 | J11: 108 | K11: 9 | M11: 44986 | N11: 2023年3月31日 | O11: 否 | P11: 输电管理二所 | Q11: 吴达 | R11: 甘永叶 | S11: 天河中心 | T11: 108 | U11: 2023-03-17 08:48:00 | V11: 2023-03-17 11:57:00 | W11: 108 | X11: 108 | Y11: 1 | Z11: 1 | AB11: JH030120230111-010828 | AC11: 已完成 | AH11: =IF(N11="2023年01月","2023年01月31日",IF(N11="2023年02月","2023年02月28日",IF(N11="2023年3月","2023年3月31日",IF(N11="2023年4月","2023年4月30日",IF(N11="2023年5月","2023年5月31日",IF(N11="2023年6月","2023年6月30日",IF(N11="2023年7月","2023年7月31日",IF(N11="2023年8月","2023年8月31日",IF(N11="2023年9月","2023年9月30日",IF(N11="2023年10月","2023年10月31日",IF(N11="2023年11月","2023年11月30日",IF(N11="2023年12月","2023年12月31日")))))))))))) -> FALSE
A12: 9 | B12: 预试 | C12: 考核 | D12: 500kV | E12: 关键 | F12: 从科乙线 | G12: 导、地线连接位置 | H12: 耐张线夹： #01、#05、#09、#10、#12、#20、#23、#25、#27、#28、#29、#31、#32、#34、#35、#37、#38、#40、#44、#49、#52、#57、#63、#66、#69、#71、#78、#82、#83、#85、#87、#89、#91、#95、#98、#100、#101、#103、#105、#106、#107、#110、#111、#113、#114、#116、#117、#118 | L12: 48 | M12: 44986 | N12: 2023年3月31日 | O12: 否 | P12: 输电管理二所 | Q12: 吴达 | R12: 甘永叶 | S12: 天河中心 | T12: 48 | U12: 2023-03-17 08:48:00 | V12: 2023-03-17 11:57:00 | W12: 48 | X12: 48 | Y12: 1 | Z12: 1 | AB12: JH030120230111-010828 | AC12: 已完成 | AH12: =IF(N12="2023年01月","2023年01月31日",IF(N12="2023年02月","2023年02月28日",IF(N12="2023年3月","2023年3月31日",IF(N12="2023年4月","2023年4月30日",IF(N12="2023年5月","2023年5月31日",IF(N12="2023年6月","2023年6月30日",IF(N12="2023年7月","2023年7月31日",IF(N12="2023年8月","2023年8月31日",IF(N12="2023年9月","2023年9月30日",IF(N12="2023年10月","2023年10月31日",IF(N12="2023年11月","2023年11月30日",IF(N12="2023年12月","2023年12月31日")))))))))))) -> FALSE
A13: 10 | B13: 预试 | C13: 考核 | D13: 500kV | E13: 关键 | F13: 从科乙线 | G13: 导、地线连接位置 | H13: 接续管或预绞丝：#04-#05（B相）、#07-#08（A相）、#08-#09（地线）、#08-#09（B相）、#11-#12（B相）、#11-#12（C相）、#12-#13（地线）、#15-#16（A相）、#15-#16（B相）、#15-#16（C相）、#17-#18（B相）、#17-#18（地线）、#18-#19（A相）、#18-#19（A相）、#19-#20（B相）、#19-#20（C相）、#23-#24（A相）、#27-#28（B相）、#27-#28（C相）、#33-#34（A相）、#33-#34（C相）、#37-#38（B相）、#41-#42（C相）、#44-#45（A相）、#44-#45（B相）、#44-#45（C相）、#44-#45（地线）、#46-#47（A相）、#48-#49（地线）、#49-#50（B相）、#49-#50（C相）、#50-#51（A相）、#50-#51（B相）、#50-#51（C相）、#51-#52（A相）、#54-#55（B相）、#54-#55（C相）、#56-#57（A相）、#57-#58（A相）、#59-#60（B相）、#59-#60（C相）、#65-#66（B相）、#68-#69（A相）、#68-#69（B相）、#70-#71（A相）、#71-#72（A相）、#73-#74（B相）、#75-#76（C相 ）、#76-#77（A相 ）、#77-#78（地线）、#80-#81（B相）、#87-#88（B相）、#88-#89（C相）、#96-#97（A相）、#100-#101（B相）、#100-#101（C相）、#113-#114（B相） | L13: 57 | M13: 44986 | N13: 2023年3月31日 | O13: 否 | P13: 输电管理二所 | Q13: 吴达 | R13: 甘永叶 | S13: 天河中心 | T13: 57 | U13: 2023-03-17 08:48:00 | V13: 2023-03-17 11:57:00 | W13: 57 | X13: 57 | Y13: 1 | Z13: 1 | AB13: JH030120230111-010828 | AC13: 已完成 | AH13: =IF(N13="2023年01月","2023年01月31日",IF(N13="2023年02月","2023年02月28日",IF(N13="2023年3月","2023年3月31日",IF(N13="2023年4月","2023年4月30日",IF(N13="2023年5月","2023年5月31日",IF(N13="2023年6月","2023年6月30日",IF(N13="2023年7月","2023年7月31日",IF(N13="2023年8月","2023年8月31日",IF(N13="2023年9月","2023年9月30日",IF(N13="2023年10月","2023年10月31日",IF(N13="2023年11月","2023年11月30日",IF(N13="2023年12月","2023年12月31日")))))))))))) -> FALSE
A14: 11 | B14: 预试 | C14: 考核 | D14: 500kV | E14: 关键 | F14: 从科乙线 | G14: 机巡区复合绝缘子 | H14: #01、#02、#03、#04、#05、#06、#07、#08、#09、#10、#11、#12、#13、#14、#15、#16、#17、#18、#19、#20、#21、#22、#24、#25、#26、#27、#28、#30、#31、#32、#33、#34、#35、#36、#37、#38、#39、#40、#41、#42、#43、#44、#45、#46、#47、#48、#49、#50、#51、#52、#53、#54、#55、#56、#57、#58、#59、#60、#61、#62、#63、#64、#65、#66、#67、#68、#69、#70、#71、#72、#73、#74、#75、#76、#77、#78、#79、#80、#81、#82、#83、#84、#85、#86、#87、#88、#89、#90、#91、#92、#96、#97、#98、#99、#100、#101、#102、#103、#104、#105、#106、#107、#108、#109、#110、#111、#112、#113、#115 | I14: 109 | J14: 442 | K14: 9 | M14: 45170 | N14: 2023年9月30日 | O14: 否 | P14: 输电管理二所 | Q14: 吴达 | R14: 甘永叶 | S14: 天河中心 | T14: 442 | U14: 2023-09-07 08:46:00 | V14: 2023-09-07 12:07:00 | W14: 442 | X14: 442 | Y14: 1 | Z14: 1 | AB14: JH030120230111-014592 | AC14: 已完成 | AH14: =IF(N14="2023年01月","2023年01月31日",IF(N14="2023年02月","2023年02月28日",IF(N14="2023年3月","2023年3月31日",IF(N14="2023年4月","2023年4月30日",IF(N14="2023年5月","2023年5月31日",IF(N14="2023年6月","2023年6月30日",IF(N14="2023年7月","2023年7月31日",IF(N14="2023年8月","2023年8月31日",IF(N14="2023年9月","2023年9月30日",IF(N14="2023年10月","2023年10月31日",IF(N14="2023年11月","2023年11月30日",IF(N14="2023年12月","2023年12月31日")))))))))))) -> FALSE
A15: 12 | B15: 预试 | C15: 考核 | D15: 500kV | E15: 关键 | F15: 从科乙线 | G15: 机巡区瓷质绝缘子 | H15: #12、#20、#23、#25、#27、#28、#29、#31、#32 | I15: 9 | J15: 108 | K15: 9 | M15: 45170 | N15: 2023年9月30日 | O15: 否 | P15: 输电管理二所 | Q15: 吴达 | R15: 甘永叶 | S15: 天河中心 | T15: 108 | U15: 2023-09-07 08:46:00 | V15: 2023-09-07 12:07:00 | W15: 108 | X15: 108 | Y15: 1 | Z15: 1 | AB15: JH030120230111-014592 | AC15: 已完成 | AH15: =IF(N15="2023年01月","2023年01月31日",IF(N15="2023年02月","2023年02月28日",IF(N15="2023年3月","2023年3月31日",IF(N15="2023年4月","2023年4月30日",IF(N15="2023年5月","2023年5月31日",IF(N15="2023年6月","2023年6月30日",IF(N15="2023年7月","2023年7月31日",IF(N15="2023年8月","2023年8月31日",IF(N15="2023年9月","2023年9月30日",IF(N15="2023年10月","2023年10月31日",IF(N15="2023年11月","2023年11月30日",IF(N15="2023年12月","2023年12月31日")))))))))))) -> FALSE
A16: 13 | B16: 预试 | C16: 考核 | D16: 500kV | E16: 关键 | F16: 从科乙线 | G16: 导、地线连接位置 | H16: 耐张线夹： #01、#05、#09、#10、#12、#20、#23、#25、#27、#28、#29、#31、#32、#34、#35、#37、#38、#40、#44、#49、#52、#57、#63、#66、#69、#71、#78、#82、#83、#85、#87、#89、#91、#95、#98、#100、#101、#103、#105、#106、#107、#110、#111、#113、#114、#116、#117、#118 | L16: 48 | M16: 45170 | N16: 2023年9月30日 | O16: 否 | P16: 输电管理二所 | Q16: 吴达 | R16: 甘永叶 | S16: 天河中心 | T16: 48 | U16: 2023-09-07 08:46:00 | V16: 2023-09-07 12:07:00 | W16: 48 | X16: 48 | Y16: 1 | Z16: 1 | AB16: JH030120230111-014592 | AC16: 已完成 | AH16: =IF(N16="2023年01月","2023年01月31日",IF(N16="2023年02月","2023年02月28日",IF(N16="2023年3月","2023年3月31日",IF(N16="2023年4月","2023年4月30日",IF(N16="2023年5月","2023年5月31日",IF(N16="2023年6月","2023年6月30日",IF(N16="2023年7月","2023年7月31日",IF(N16="2023年8月","2023年8月31日",IF(N16="2023年9月","2023年9月30日",IF(N16="2023年10月","2023年10月31日",IF(N16="2023年11月","2023年11月30日",IF(N16="2023年12月","2023年12月31日")))))))))))) -> FALSE
A17: 14 | B17: 预试 | C17: 考核 | D17: 500kV | E17: 关键 | F17: 从科乙线 | G17: 导、地线连接位置 | H17: 接续管或预绞丝：#04-#05（B相）、#07-#08（A相）、#08-#09（地线）、#08-#09（B相）、#11-#12（B相）、#11-#12（C相）、#12-#13（地线）、#15-#16（A相）、#15-#16（B相）、#15-#16（C相）、#17-#18（B相）、#17-#18（地线）、#18-#19（A相）、#18-#19（A相）、#19-#20（B相）、#19-#20（C相）、#23-#24（A相）、#27-#28（B相）、#27-#28（C相）、#33-#34（A相）、#33-#34（C相）、#37-#38（B相）、#41-#42（C相）、#44-#45（A相）、#44-#45（B相）、#44-#45（C相）、#44-#45（地线）、#46-#47（A相）、#48-#49（地线）、#49-#50（B相）、#49-#50（C相）、#50-#51（A相）、#50-#51（B相）、#50-#51（C相）、#51-#52（A相）、#54-#55（B相）、#54-#55（C相）、#56-#57（A相）、#57-#58（A相）、#59-#60（B相）、#59-#60（C相）、#65-#66（B相）、#68-#69（A相）、#68-#69（B相）、#70-#71（A相）、#71-#72（A相）、#73-#74（B相）、#75-#76（C相 ）、#76-#77（A相 ）、#77-#78（地线）、#80-#81（B相）、#87-#88（B相）、#88-#89（C相）、#96-#97（A相）、#100-#101（B相）、#100-#101（C相）、#113-#114（B相） | L17: 57 | M17: 45170 | N17: 2023年9月30日 | O17: 否 | P17: 输电管理二所 | Q17: 吴达 | R17: 甘永叶 | S17: 天河中心 | T17: 57 | U17: 2023-09-07 08:46:00 | V17: 2023-09-07 12:07:00 | W17: 57 | X17: 57 | Y17: 1 | Z17: 1 | AB17: JH030120230111-014592 | AC17: 已完成 | AH17: =IF(N17="2023年01月","2023年01月31日",IF(N17="2023年02月","2023年02月28日",IF(N17="2023年3月","2023年3月31日",IF(N17="2023年4月","2023年4月30日",IF(N17="2023年5月","2023年5月31日",IF(N17="2023年6月","2023年6月30日",IF(N17="2023年7月","2023年7月31日",IF(N17="2023年8月","2023年8月31日",IF(N17="2023年9月","2023年9月30日",IF(N17="2023年10月","2023年10月31日",IF(N17="2023年11月","2023年11月30日",IF(N17="2023年12月","2023年12月31日")))))))))))) -> FALSE
A18: 15 | B18: 预试 | C18: 考核 | D18: 500kV | E18: 关键 | F18: 科木甲线 | G18: 机巡区复合绝缘子 | H18: #02、#04、#06、#07、#08、#09、#10、#11、#12、#13、#14、#15、#16、#17、#18、#19、#20、#21、#22、#23、#24、#25、#26、#27 | I18: 24 | J18: 102 | K18: 9 | M18: 44986 | N18: 2023年3月31日 | O18: 否 | P18: 输电管理二所 | Q18: 吴达 | R18: 甘永叶 | S18: 天河中心 | T18: 102 | U18: 45014 | V18: 45014 | W18: 102 | X18: 102 | Y18: 1 | Z18: 1 | AA18: 已完成（外委直升机精巡） | AB18: JH030120230113-006784、JH030120230113-006781、JH030120230113-006770、JH030120230113-006768、JH030120230113-006788 | AC18: 已完成 | AH18: =IF(N18="2023年01月","2023年01月31日",IF(N18="2023年02月","2023年02月28日",IF(N18="2023年3月","2023年3月31日",IF(N18="2023年4月","2023年4月30日",IF(N18="2023年5月","2023年5月31日",IF(N18="2023年6月","2023年6月30日",IF(N18="2023年7月","2023年7月31日",IF(N18="2023年8月","2023年8月31日",IF(N18="2023年9月","2023年9月30日",IF(N18="2023年10月","2023年10月31日",IF(N18="2023年11月","2023年11月30日",IF(N18="2023年12月","2023年12月31日")))))))))))) -> FALSE
A19: 16 | B19: 预试 | C19: 考核 | D19: 500kV | E19: 关键 | F19: 科木甲线 | G19: 导、地线连接位置 | H19: 耐张线夹：#01、#03、#05、#07、#09、#11、#14、#16、#19、#23、#24、#28、#29 | L19: 13 | M19: 44986 | N19: 2023年3月31日 | O19: 否 | P19: 输电管理二所 | Q19: 吴达 | R19: 甘永叶 | S19: 天河中心 | T19: 13 | U19: 45014 | V19: 45014 | W19: 13 | X19: 13 | Y19: 1 | Z19: 1 | AA19: 已完成（外委直升机精巡） | AB19: JH030120230113-006784、JH030120230113-006781、JH030120230113-006770、JH030120230113-006768、JH030120230113-006788 | AC19: 已完成 | AH19: =IF(N19="2023年01月","2023年01月31日",IF(N19="2023年02月","2023年02月28日",IF(N19="2023年3月","2023年3月31日",IF(N19="2023年4月","2023年4月30日",IF(N19="2023年5月","2023年5月31日",IF(N19="2023年6月","2023年6月30日",IF(N19="2023年7月","2023年7月31日",IF(N19="2023年8月","2023年8月31日",IF(N19="2023年9月","2023年9月30日",IF(N19="2023年10月","2023年10月31日",IF(N19="2023年11月","2023年11月30日",IF(N19="2023年12月","2023年12月31日")))))))))))) -> FALSE
A20: 17 | B20: 预试 | C20: 考核 | D20: 500kV | E20: 关键 | F20: 科木甲线 | G20: 导、地线连接位置 | H20: 接续管或预绞丝：#05-#06（A相）、#05-#06（C相）、#18-#19（B相）、#20-#21（A相）、#20-#21（C相）、#27-#28（A相）、#27-#28（B相）、#27-#28（C相） | L20: 8 | M20: 44986 | N20: 2023年3月31日 | O20: 否 | P20: 输电管理二所 | Q20: 吴达 | R20: 甘永叶 | S20: 天河中心 | T20: 8 | U20: 45014 | V20: 45014 | W20: 8 | X20: 8 | Y20: 1 | Z20: 1 | AA20: 已完成（外委直升机精巡） | AB20: JH030120230113-006784、JH030120230113-006781、JH030120230113-006770、JH030120230113-006768、JH030120230113-006788 | AC20: 已完成 | AH20: =IF(N20="2023年01月","2023年01月31日",IF(N20="2023年02月","2023年02月28日",IF(N20="2023年3月","2023年3月31日",IF(N20="2023年4月","2023年4月30日",IF(N20="2023年5月","2023年5月31日",IF(N20="2023年6月","2023年6月30日",IF(N20="2023年7月","2023年7月31日",IF(N20="2023年8月","2023年8月31日",IF(N20="2023年9月","2023年9月30日",IF(N20="2023年10月","2023年10月31日",IF(N20="2023年11月","2023年11月30日",IF(N20="2023年12月","2023年12月31日")))))))))))) -> FALSE
A21: 18 | B21: 预试 | C21: 考核 | D21: 500kV | E21: 关键 | F21: 科木甲线 | G21: 机巡区复合绝缘子 | H21: #02、#04、#06、#07、#08、#09、#10、#11、#12、#13、#14、#15、#16、#17、#18、#19、#20、#21、#22、#23、#24、#25、#26、#27 | I21: 24 | J21: 102 | K21: 9 | M21: 45170 | N21: 2023年9月30日 | O21: 否 | P21: 输电管理二所 | Q21: 吴达 | R21: 甘永叶 | S21: 天河中心 | T21: 102 | U21: 2023-09-15 08:57:00 | V21: 2023-09-15 12:06:00 | W21: 102 | X21: 102 | Y21: 1 | Z21: 1 | AB21: JH030120230111-014596 | AC21: 已完成 | AH21: =IF(N21="2023年01月","2023年01月31日",IF(N21="2023年02月","2023年02月28日",IF(N21="2023年3月","2023年3月31日",IF(N21="2023年4月","2023年4月30日",IF(N21="2023年5月","2023年5月31日",IF(N21="2023年6月","2023年6月30日",IF(N21="2023年7月","2023年7月31日",IF(N21="2023年8月","2023年8月31日",IF(N21="2023年9月","2023年9月30日",IF(N21="2023年10月","2023年10月31日",IF(N21="2023年11月","2023年11月30日",IF(N21="2023年12月","2023年12月31日")))))))))))) -> FALSE
A22: 19 | B22: 预试 | C22: 考核 | D22: 500kV | E22: 关键 | F22: 科木甲线 | G22: 导、地线连接位置 | H22: 耐张线夹：#01、#03、#05、#07、#09、#11、#14、#16、#19、#23、#24、#28、#29 | L22: 13 | M22: 45170 | N22: 2023年9月30日 | O22: 否 | P22: 输电管理二所 | Q22: 吴达 | R22: 甘永叶 | S22: 天河中心 | T22: 13 | U22: 2023-09-15 08:57:00 | V22: 2023-09-15 12:06:00 | W22: 13 | X22: 13 | Y22: 1 | Z22: 1 | AB22: JH030120230111-014596 | AC22: 已完成 | AH22: =IF(N22="2023年01月","2023年01月31日",IF(N22="2023年02月","2023年02月28日",IF(N22="2023年3月","2023年3月31日",IF(N22="2023年4月","2023年4月30日",IF(N22="2023年5月","2023年5月31日",IF(N22="2023年6月","2023年6月30日",IF(N22="2023年7月","2023年7月31日",IF(N22="2023年8月","2023年8月31日",IF(N22="2023年9月","2023年9月30日",IF(N22="2023年10月","2023年10月31日",IF(N22="2023年11月","2023年11月30日",IF(N22="2023年12月","2023年12月31日")))))))))))) -> FALSE
A23: 20 | B23: 预试 | C23: 考核 | D23: 500kV | E23: 关键 | F23: 科木甲线 | G23: 导、地线连接位置 | H23: 接续管或预绞丝：#05-#06（A相）、#05-#06（C相）、#18-#19（B相）、#20-#21（A相）、#20-#21（C相）、#27-#28（A相）、#27-#28（B相）、#27-#28（C相） | L23: 8 | M23: 45170 | N23: 2023年9月30日 | O23: 否 | P23: 输电管理二所 | Q23: 吴达 | R23: 甘永叶 | S23: 天河中心 | T23: 8 | U23: 2023-09-15 08:57:00 | V23: 2023-09-15 12:06:00 | W23: 8 | X23: 8 | Y23: 1 | Z23: 1 | AB23: JH030120230111-014596 | AC23: 已完成 | AH23: =IF(N23="2023年01月","2023年01月31日",IF(N23="2023年02月","2023年02月28日",IF(N23="2023年3月","2023年3月31日",IF(N23="2023年4月","2023年4月30日",IF(N23="2023年5月","2023年5月31日",IF(N23="2023年6月","2023年6月30日",IF(N23="2023年7月","2023年7月31日",IF(N23="2023年8月","2023年8月31日",IF(N23="2023年9月","2023年9月30日",IF(N23="2023年10月","2023年10月31日",IF(N23="2023年11月","2023年11月30日",IF(N23="2023年12月","2023年12月31日")))))))))))) -> FALSE
A24: 21 | B24: 预试 | C24: 考核 | D24: 500kV | E24: 关键 | F24: 科木乙线 | G24: 机巡区复合绝缘子 | H24: #02、#04、#06、#07、#08、#09、#10、#11、#12、#13、#14、#15、#16、#17、#18、#19、#20、#21、#22、#23、#24、#25、#26、#27 | I24: 24 | J24: 108 | K24: 9 | M24: 44986 | N24: 2023年3月31日 | O24: 否 | P24: 输电管理二所 | Q24: 吴达 | R24: 甘永叶 | S24: 天河中心 | T24: 108 | U24: 45014 | V24: 45014 | W24: 108 | X24: 108 | Y24: 1 | Z24: 1 | AA24: 已完成（外委直升机精巡） | AB24: JH030120230113-006784、JH030120230113-006781、JH030120230113-006770、JH030120230113-006768、JH030120230113-006788 | AC24: 已完成 | AH24: =IF(N24="2023年01月","2023年01月31日",IF(N24="2023年02月","2023年02月28日",IF(N24="2023年3月","2023年3月31日",IF(N24="2023年4月","2023年4月30日",IF(N24="2023年5月","2023年5月31日",IF(N24="2023年6月","2023年6月30日",IF(N24="2023年7月","2023年7月31日",IF(N24="2023年8月","2023年8月31日",IF(N24="2023年9月","2023年9月30日",IF(N24="2023年10月","2023年10月31日",IF(N24="2023年11月","2023年11月30日",IF(N24="2023年12月","2023年12月31日")))))))))))) -> FALSE
A25: 22 | B25: 预试 | C25: 考核 | D25: 500kV | E25: 关键 | F25: 科木乙线 | G25: 导、地线连接位置 | H25: 耐张线夹：#01、#03、#05、#07、#09、#11、#14、#16、#19、#23、#24、#28、#29 | L25: 13 | M25: 44986 | N25: 2023年3月31日 | O25: 否 | P25: 输电管理二所 | Q25: 吴达 | R25: 甘永叶 | S25: 天河中心 | T25: 13 | U25: 45014 | V25: 45014 | W25: 13 | X25: 13 | Y25: 1 | Z25: 1 | AA25: 已完成（外委直升机精巡） | AB25: JH030120230113-006784、JH030120230113-006781、JH030120230113-006770、JH030120230113-006768、JH030120230113-006788 | AC25: 已完成 | AH25: =IF(N25="2023年01月","2023年01月31日",IF(N25="2023年02月","2023年02月28日",IF(N25="2023年3月","2023年3月31日",IF(N25="2023年4月","2023年4月30日",IF(N25="2023年5月","2023年5月31日",IF(N25="2023年6月","2023年6月30日",IF(N25="2023年7月","2023年7月31日",IF(N25="2023年8月","2023年8月31日",IF(N25="2023年9月","2023年9月30日",IF(N25="2023年10月","2023年10月31日",IF(N25="2023年11月","2023年11月30日",IF(N25="2023年12月","2023年12月31日")))))))))))) -> FALSE
A26: 23 | B26: 预试 | C26: 考核 | D26: 500kV | E26: 关键 | F26: 科木乙线 | G26: 导、地线连接位置 | H26: 接续管或预绞丝：#14-#15（地线）、#15-#16（地线）、#18-#19（A相 ）、#19-#20（C相）、#19-#20（B相） | L26: 5 | M26: 44986 | N26: 2023年3月31日 | O26: 否 | P26: 输电管理二所 | Q26: 吴达 | R26: 甘永叶 | S26: 天河中心 | T26: 5 | U26: 45014 | V26: 45014 | W26: 5 | X26: 5 | Y26: 1 | Z26: 1 | AA26: 已完成（外委直升机精巡） | AB26: JH030120230113-006784、JH030120230113-006781、JH030120230113-006770、JH030120230113-006768、JH030120230113-006788 | AC26: 已完成 | AH26: =IF(N26="2023年01月","2023年01月31日",IF(N26="2023年02月","2023年02月28日",IF(N26="2023年3月","2023年3月31日",IF(N26="2023年4月","2023年4月30日",IF(N26="2023年5月","2023年5月31日",IF(N26="2023年6月","2023年6月30日",IF(N26="2023年7月","2023年7月31日",IF(N26="2023年8月","2023年8月31日",IF(N26="2023年9月","2023年9月30日",IF(N26="2023年10月","2023年10月31日",IF(N26="2023年11月","2023年11月30日",IF(N26="2023年12月","2023年12月31日")))))))))))) -> FALSE
A27: 24 | B27: 预试 | C27: 考核 | D27: 500kV | E27: 关键 | F27: 科木乙线 | G27: 机巡区复合绝缘子 | H27: #02、#04、#06、#07、#08、#09、#10、#11、#12、#13、#14、#15、#16、#17、#18、#19、#20、#21、#22、#23、#24、#25、#26、#27 | I27: 24 | J27: 108 | K27: 9 | M27: 45170 | N27: 2023年9月30日 | O27: 否 | P27: 输电管理二所 | Q27: 吴达 | R27: 甘永叶 | S27: 天河中心 | T27: 108 | U27: 2023-09-15 08:57:00 | V27: 2023-09-15 12:06:00 | W27: 108 | X27: 108 | Y27: 1 | Z27: 1 | AB27: JH030120230111-014596 | AC27: 已完成 | AH27: =IF(N27="2023年01月","2023年01月31日",IF(N27="2023年02月","2023年02月28日",IF(N27="2023年3月","2023年3月31日",IF(N27="2023年4月","2023年4月30日",IF(N27="2023年5月","2023年5月31日",IF(N27="2023年6月","2023年6月30日",IF(N27="2023年7月","2023年7月31日",IF(N27="2023年8月","2023年8月31日",IF(N27="2023年9月","2023年9月30日",IF(N27="2023年10月","2023年10月31日",IF(N27="2023年11月","2023年11月30日",IF(N27="2023年12月","2023年12月31日")))))))))))) -> FALSE
A28: 25 | B28: 预试 | C28: 考核 | D28: 500kV | E28: 关键 | F28: 科木乙线 | G28: 导、地线连接位置 | H28: 耐张线夹：#01、#03、#05、#07、#09、#11、#14、#16、#19、#23、#24、#28、#29 | L28: 13 | M28: 45170 | N28: 2023年9月30日 | O28: 否 | P28: 输电管理二所 | Q28: 吴达 | R28: 甘永叶 | S28: 天河中心 | T28: 13 | U28: 2023-09-15 08:57:00 | V28: 2023-09-15 12:06:00 | W28: 13 | X28: 13 | Y28: 1 | Z28: 1 | AB28: JH030120230111-014596 | AC28: 已完成 | AH28: =IF(N28="2023年01月","2023年01月31日",IF(N28="2023年02月","2023年02月28日",IF(N28="2023年3月","2023年3月31日",IF(N28="2023年4月","2023年4月30日",IF(N28="2023年5月","2023年5月31日",IF(N28="2023年6月","2023年6月30日",IF(N28="2023年7月","2023年7月31日",IF(N28="2023年8月","2023年8月31日",IF(N28="2023年9月","2023年9月30日",IF(N28="2023年10月","2023年10月31日",IF(N28="2023年11月","2023年11月30日",IF(N28="2023年12月","2023年12月31日")))))))))))) -> FALSE
A29: 26 | B29: 预试 | C29: 考核 | D29: 500kV | E29: 关键 | F29: 科木乙线 | G29: 导、地线连接位置 | H29: 接续管或预绞丝：#14-#15（地线）、#15-#16（地线）、#18-#19（A相 ）、#19-#20（C相）、#19-#20（B相） | L29: 5 | M29: 45170 | N29: 2023年9月30日 | O29: 否 | P29: 输电管理二所 | Q29: 吴达 | R29: 甘永叶 | S29: 天河中心 | T29: 5 | U29: 2023-09-15 08:57:00 | V29: 2023-09-15 12:06:00 | W29: 5 | X29: 5 | Y29: 1 | Z29: 1 | AB29: JH030120230111-014596 | AC29: 已完成 | AH29: =IF(N29="2023年01月","2023年01月31日",IF(N29="2023年02月","2023年02月28日",IF(N29="2023年3月","2023年3月31日",IF(N29="2023年4月","2023年4月30日",IF(N29="2023年5月","2023年5月31日",IF(N29="2023年6月","2023年6月30日",IF(N29="2023年7月","2023年7月31日",IF(N29="2023年8月","2023年8月31日",IF(N29="2023年9月","2023年9月30日",IF(N29="2023年10月","2023年10月31日",IF(N29="2023年11月","2023年11月30日",IF(N29="2023年12月","2023年12月31日")))))))))))) -> FALSE
A30: 27 | B30: 预试 | C30: 考核 | D30: 500kV | E30: 关键 | F30: 从木丙线 | G30: 机巡区复合绝缘子 | H30: #1、#2、#3、#4、#5、#6、#7、#8、#9、#10、#11、#12、#13、#14、#15、#16、#17、#18、#19、#20、#21、#22、#23、#24、#25、#26、#27、#28、#29、#30、#31、#32、#33、#34、#35、#36、#37、#38、#39、#40、#41、#42、#43、#44、#45、#46、#47、#48、#49、#50、#51、#52、#53、#54、#55、#56、#57、#58、#59、#60、#61、#62、#63、#64、#65、#66、#67、#68、#69、#70、#71、#72、#73、#74、#75、#76、#77、#78、#79、#80、#81、#82、#83、#84、#85、#86、#87、#88、#89、#90、#91、#92、#93、#94、#95、#96、#97、#98、#99、#100、#101、#102、#103、#104、#105、#106、#107、#108、#109、#110、#111、#112、#113、#114、#115、#116、#117、#118、#119、#120、#121、#122、#123、#124、#125、#126、#127、#128、#129、#130、#131、#132、#133、#134、#135 | I30: 135 | J30: 624 | K30: 9 | M30: 44986 | N30: 2023年3月31日 | O30: 否 | P30: 输电管理二所 | Q30: 吴达 | R30: 朱常镇 | S30: 天河中心 | T30: 624 | U30: 2023-03-17 08:48:00 | V30: 2023-03-17 11:57:00 | W30: 624 | X30: 624 | Y30: 1 | Z30: 1 | AB30: JH030120230111-010828 | AC30: 已完成 | AH30: =IF(N30="2023年01月","2023年01月31日",IF(N30="2023年02月","2023年02月28日",IF(N30="2023年3月","2023年3月31日",IF(N30="2023年4月","2023年4月30日",IF(N30="2023年5月","2023年5月31日",IF(N30="2023年6月","2023年6月30日",IF(N30="2023年7月","2023年7月31日",IF(N30="2023年8月","2023年8月31日",IF(N30="2023年9月","2023年9月30日",IF(N30="2023年10月","2023年10月31日",IF(N30="2023年11月","2023年11月30日",IF(N30="2023年12月","2023年12月31日")))))))))))) -> FALSE
A31: 28 | B31: 预试 | C31: 考核 | D31: 500kV | E31: 关键 | F31: 从木丙线 | G31: 导、地线连接位置 | H31: 耐张线夹：#1、#3、#8、#10、#11、#13、#18、#22、#24、#25、#29、#31、#33、#34、#36、#37、#39、#41、#43、#47、#50、#55、#61、#64、#66、#68、#70、#78、#82、#85、#87、#89、#91、#94、#97、#100、#101、#103、#105、#106、#107、#110、#111、#112、#116、#117、#119、#122、#124、#127、#132、#133、#136、#137 | L31: 58 | M31: 44986 | N31: 2023年3月31日 | O31: 否 | P31: 输电管理二所 | Q31: 吴达 | R31: 朱常镇 | S31: 天河中心 | T31: 58 | U31: 2023-03-17 08:48:00 | V31: 2023-03-17 11:57:00 | W31: 58 | X31: 58 | Y31: 1 | Z31: 1 | AB31: JH030120230111-010828 | AC31: 已完成 | AH31: =IF(N31="2023年01月","2023年01月31日",IF(N31="2023年02月","2023年02月28日",IF(N31="2023年3月","2023年3月31日",IF(N31="2023年4月","2023年4月30日",IF(N31="2023年5月","2023年5月31日",IF(N31="2023年6月","2023年6月30日",IF(N31="2023年7月","2023年7月31日",IF(N31="2023年8月","2023年8月31日",IF(N31="2023年9月","2023年9月30日",IF(N31="2023年10月","2023年10月31日",IF(N31="2023年11月","2023年11月30日",IF(N31="2023年12月","2023年12月31日")))))))))))) -> FALSE
A32: 29 | B32: 预试 | C32: 考核 | D32: 500kV | E32: 关键 | F32: 从木丙线 | G32: 导、地线连接位置 | H32: 接续管或预绞丝：#06-#07（地线）、#06-#07（A相）、#06-#07（B相）、#06-#07（C相 ）、#15-#16（A相 ）、#15-#16（B相 ）、#20-21（A相 ）、#20-21（B相 ）、#20-21（C相 ）、#28-29（A相 ）、#28-29（B相 ）、#29-#30（地线）、#38-39（B相 ）、#40-41（C相 ）、#43-#44（地线）、#43-#44（A相 ）、#43-#44（B相）、#43-#44（C相）、#47-#48（A相）、#47-#48（B相）、#47-#48（C相）、#50-#51（C相）、#52-#53（A相）、#52-#53（B相）、#52-#53（C相）、#53-#54（C相）、#58-#59（地线）、#58-#59（A相）、#58-#59（B相）、#58-#59（C相 ）、#63-#64（C相 ）、#65-#66（B相 ）、#69-#70（B相 ）、#71-#72（A相 ）、#72-#73（C相 ）、#73-#74（C相 ）、#75-#76（B相 ）、#77-#78（地线）、#77-#78（A相 ）、#77-#78（B相）、#79-#80（C相）、#80-#81（地线）、#81-#82（B相）、#91-#92（C相）、#93-#94（B相）、#94-#95（A相）、#99-#100（A相）、#99-#100（B相）、#99-#100（C相）、#127-#128（地线）、#127-#128（C相）、#127-#128（B相）、#127-#128（A相 ）、#134-#135（A相 ） | L32: 54 | M32: 44986 | N32: 2023年3月31日 | O32: 否 | P32: 输电管理二所 | Q32: 吴达 | R32: 朱常镇 | S32: 天河中心 | T32: 54 | U32: 2023-03-17 08:48:00 | V32: 2023-03-17 11:57:00 | W32: 54 | X32: 54 | Y32: 1 | Z32: 1 | AB32: JH030120230111-010828 | AC32: 已完成 | AH32: =IF(N32="2023年01月","2023年01月31日",IF(N32="2023年02月","2023年02月28日",IF(N32="2023年3月","2023年3月31日",IF(N32="2023年4月","2023年4月30日",IF(N32="2023年5月","2023年5月31日",IF(N32="2023年6月","2023年6月30日",IF(N32="2023年7月","2023年7月31日",IF(N32="2023年8月","2023年8月31日",IF(N32="2023年9月","2023年9月30日",IF(N32="2023年10月","2023年10月31日",IF(N32="2023年11月","2023年11月30日",IF(N32="2023年12月","2023年12月31日")))))))))))) -> FALSE
A33: 30 | B33: 预试 | C33: 考核 | D33: 500kV | E33: 关键 | F33: 从木丙线 | G33: 机巡区复合绝缘子 | H33: #1、#2、#3、#4、#5、#6、#7、#8、#9、#10、#11、#12、#13、#14、#15、#16、#17、#18、#19、#20、#21、#22、#23、#24、#25、#26、#27、#28、#29、#30、#31、#32、#33、#34、#35、#36、#37、#38、#39、#40、#41、#42、#43、#44、#45、#46、#47、#48、#49、#50、#51、#52、#53、#54、#55、#56、#57、#58、#59、#60、#61、#62、#63、#64、#65、#66、#67、#68、#69、#70、#71、#72、#73、#74、#75、#76、#77、#78、#79、#80、#81、#82、#83、#84、#85、#86、#87、#88、#89、#90、#91、#92、#93、#94、#95、#96、#97、#98、#99、#100、#101、#102、#103、#104、#105、#106、#107、#108、#109、#110、#111、#112、#113、#114、#115、#116、#117、#118、#119、#120、#121、#122、#123、#124、#125、#126、#127、#128、#129、#130、#131、#132、#133、#134、#135 | I33: 135 | J33: 624 | K33: 9 | M33: 45170 | N33: 2023年9月30日 | O33: 否 | P33: 输电管理二所 | Q33: 吴达 | R33: 朱常镇 | S33: 天河中心 | T33: 624 | U33: 2023-09-07 08:46:00 | V33: 2023-09-07 12:07:00 | W33: 624 | X33: 624 | Y33: 1 | Z33: 1 | AB33: JH030120230111-014592 | AC33: 已完成 | AH33: =IF(N33="2023年01月","2023年01月31日",IF(N33="2023年02月","2023年02月28日",IF(N33="2023年3月","2023年3月31日",IF(N33="2023年4月","2023年4月30日",IF(N33="2023年5月","2023年5月31日",IF(N33="2023年6月","2023年6月30日",IF(N33="2023年7月","2023年7月31日",IF(N33="2023年8月","2023年8月31日",IF(N33="2023年9月","2023年9月30日",IF(N33="2023年10月","2023年10月31日",IF(N33="2023年11月","2023年11月30日",IF(N33="2023年12月","2023年12月31日")))))))))))) -> FALSE
A34: 31 | B34: 预试 | C34: 考核 | D34: 500kV | E34: 关键 | F34: 从木丙线 | G34: 导、地线连接位置 | H34: 耐张线夹：#1、#3、#8、#10、#11、#13、#18、#22、#24、#25、#29、#31、#33、#34、#36、#37、#39、#41、#43、#47、#50、#55、#61、#64、#66、#68、#70、#78、#82、#85、#87、#89、#91、#94、#97、#100、#101、#103、#105、#106、#107、#110、#111、#112、#116、#117、#119、#122、#124、#127、#132、#133、#136、#137 | L34: 58 | M34: 45170 | N34: 2023年9月30日 | O34: 否 | P34: 输电管理二所 | Q34: 吴达 | R34: 朱常镇 | S34: 天河中心 | T34: 58 | U34: 2023-09-07 08:46:00 | V34: 2023-09-07 12:07:00 | W34: 58 | X34: 58 | Y34: 1 | Z34: 1 | AB34: JH030120230111-014592 | AC34: 已完成 | AH34: =IF(N34="2023年01月","2023年01月31日",IF(N34="2023年02月","2023年02月28日",IF(N34="2023年3月","2023年3月31日",IF(N34="2023年4月","2023年4月30日",IF(N34="2023年5月","2023年5月31日",IF(N34="2023年6月","2023年6月30日",IF(N34="2023年7月","2023年7月31日",IF(N34="2023年8月","2023年8月31日",IF(N34="2023年9月","2023年9月30日",IF(N34="2023年10月","2023年10月31日",IF(N34="2023年11月","2023年11月30日",IF(N34="2023年12月","2023年12月31日")))))))))))) -> FALSE
A35: 32 | B35: 预试 | C35: 考核 | D35: 500kV | E35: 关键 | F35: 从木丙线 | G35: 导、地线连接位置 | H35: 接续管或预绞丝：#06-#07（地线）、#06-#07（A相）、#06-#07（B相）、#06-#07（C相 ）、#15-#16（A相 ）、#15-#16（B相 ）、#20-21（A相 ）、#20-21（B相 ）、#20-21（C相 ）、#28-29（A相 ）、#28-29（B相 ）、#29-#30（地线）、#38-39（B相 ）、#40-41（C相 ）、#43-#44（地线）、#43-#44（A相 ）、#43-#44（B相）、#43-#44（C相）、#47-#48（A相）、#47-#48（B相）、#47-#48（C相）、#50-#51（C相）、#52-#53（A相）、#52-#53（B相）、#52-#53（C相）、#53-#54（C相）、#58-#59（地线）、#58-#59（A相）、#58-#59（B相）、#58-#59（C相 ）、#63-#64（C相 ）、#65-#66（B相 ）、#69-#70（B相 ）、#71-#72（A相 ）、#72-#73（C相 ）、#73-#74（C相 ）、#75-#76（B相 ）、#77-#78（地线）、#77-#78（A相 ）、#77-#78（B相）、#79-#80（C相）、#80-#81（地线）、#81-#82（B相）、#91-#92（C相）、#93-#94（B相）、#94-#95（A相）、#99-#100（A相）、#99-#100（B相）、#99-#100（C相）、#127-#128（地线）、#127-#128（C相）、#127-#128（B相）、#127-#128（A相 ）、#134-#135（A相 ） | L35: 54 | M35: 45170 | N35: 2023年9月30日 | O35: 否 | P35: 输电管理二所 | Q35: 吴达 | R35: 朱常镇 | S35: 天河中心 | T35: 54 | U35: 2023-09-07 08:46:00 | V35: 2023-09-07 12:07:00 | W35: 54 | X35: 54 | Y35: 1 | Z35: 1 | AB35: JH030120230111-014592 | AC35: 已完成 | AH35: =IF(N35="2023年01月","2023年01月31日",IF(N35="2023年02月","2023年02月28日",IF(N35="2023年3月","2023年3月31日",IF(N35="2023年4月","2023年4月30日",IF(N35="2023年5月","2023年5月31日",IF(N35="2023年6月","2023年6月30日",IF(N35="2023年7月","2023年7月31日",IF(N35="2023年8月","2023年8月31日",IF(N35="2023年9月","2023年9月30日",IF(N35="2023年10月","2023年10月31日",IF(N35="2023年11月","2023年11月30日",IF(N35="2023年12月","2023年12月31日")))))))))))) -> FALSE
A36: 33 | B36: 预试 | C36: 考核 | D36: 500kV | E36: 关键 | F36: 从木丁线 | G36: 机巡区复合绝缘子 | H36: #1、#2、#3、#4、#5、#6、#7、#8、#9、#10、#11、#12、#13、#14、#15、#16、#17、#18、#19、#20、#21、#22、#23、#24、#25、#26、#27、#28、#29、#30、#31、#32、#33、#34、#35、#36、#37、#38、#39、#40、#41、#42、#43、#44、#45、#46、#47、#48、#49、#50、#51、#52、#53、#54、#55、#56、#57、#58、#59、#60、#61、#62、#63、#64、#65、#66、#67、#68、#69、#70、#71、#72、#73、#74、#75、#76、#77、#78、#79、#80、#81、#82、#83、#84、#85、#86、#87、#88、#89、#90、#91、#92、#93、#94、#95、#96、#97、#98、#99、#100、#101、#102、#103、#104、#105、#106、#107、#108、#109、#110、#111、#112、#113、#114、#115、#116、#117、#118、#119、#120、#121、#122、#123、#124、#125、#126、#127、#128、#129、#130、#131、#132、#133、#134、#135 | I36: 135 | J36: 624 | K36: 9 | M36: 44986 | N36: 2023年3月31日 | O36: 否 | P36: 输电管理二所 | Q36: 吴达 | R36: 朱常镇 | S36: 天河中心 | T36: 624 | U36: 2023-03-17 08:48:00 | V36: 2023-03-17 11:57:00 | W36: 624 | X36: 624 | Y36: 1 | Z36: 1 | AB36: JH030120230111-010828 | AC36: 已完成 | AH36: =IF(N36="2023年01月","2023年01月31日",IF(N36="2023年02月","2023年02月28日",IF(N36="2023年3月","2023年3月31日",IF(N36="2023年4月","2023年4月30日",IF(N36="2023年5月","2023年5月31日",IF(N36="2023年6月","2023年6月30日",IF(N36="2023年7月","2023年7月31日",IF(N36="2023年8月","2023年8月31日",IF(N36="2023年9月","2023年9月30日",IF(N36="2023年10月","2023年10月31日",IF(N36="2023年11月","2023年11月30日",IF(N36="2023年12月","2023年12月31日")))))))))))) -> FALSE
A37: 34 | B37: 预试 | C37: 考核 | D37: 500kV | E37: 关键 | F37: 从木丁线 | G37: 导、地线连接位置 | H37: 耐张线夹：#1、#3、#8、#10、#11、#13、#18、#22、#24、#25、#29、#31、#33、#34、#36、#37、#39、#41、#43、#47、#50、#55、#61、#64、#66、#68、#70、#78、#82、#85、#87、#89、#91、#94、#97、#100、#101、#103、#105、#106、#107、#110、#111、#112、#116、#117、#119、#122、#124、#127、#132、#133、#136、#137 | L37: 58 | M37: 44986 | N37: 2023年3月31日 | O37: 否 | P37: 输电管理二所 | Q37: 吴达 | R37: 朱常镇 | S37: 天河中心 | T37: 58 | U37: 2023-03-17 08:48:00 | V37: 2023-03-17 11:57:00 | W37: 58 | X37: 58 | Y37: 1 | Z37: 1 | AB37: JH030120230111-010828 | AC37: 已完成 | AH37: =IF(N37="2023年01月","2023年01月31日",IF(N37="2023年02月","2023年02月28日",IF(N37="2023年3月","2023年3月31日",IF(N37="2023年4月","2023年4月30日",IF(N37="2023年5月","2023年5月31日",IF(N37="2023年6月","2023年6月30日",IF(N37="2023年7月","2023年7月31日",IF(N37="2023年8月","2023年8月31日",IF(N37="2023年9月","2023年9月30日",IF(N37="2023年10月","2023年10月31日",IF(N37="2023年11月","2023年11月30日",IF(N37="2023年12月","2023年12月31日")))))))))))) -> FALSE
A38: 35 | B38: 预试 | C38: 考核 | D38: 500kV | E38: 关键 | F38: 从木丁线 | G38: 导、地线连接位置 | H38: 接续管或预绞丝：#05-#06（A相）、#05-#06（B相）、#05-#06（C相 ）、#10-#11（A相 ）、#15-#16（A相 ）、#15-#16（B相 ）、#15-#16（C相 ）、#20-#21（A相 ）、#20-#21（B相 ）、#20-#21（C相 ）、#28-#29（B相 ）、#28-#29（C相 ）、#36-37（B相 ）、#40-41（C相 ）、#43-#44（A相 ）、#43-#44（B相）、#43-#44（C相）、#47-#48（A相）、#47-#48（B相）、#47-#48（C相）、#50-#51（A相）、#50-#51（B相）、#52-#53（A相）、#52-#53（B相）、#52-#53（C相）、#58-#59（A相）、#58-#59（B相）、#58-#59（C相 ）、#63-#64（C相 ）、#65-#66（A相 ）、#67-#68（C相 ）、#69-#70（B相 ）、#71-#72（A相 ）、#73-#74（C相）、#74-#75（A相 ）、#76-#77（B相）、#77-#78（B相）、#91-#92（A相）、#93-#94（B相）、#94-#95（C相）、#99-#100（A相）、#99-#100（B相）、#99-#100（C相）、#123-#124（B相）、#127-#128（A相 ）、#127-#128（B相）、#127-#128（C相） | L38: 47 | M38: 44986 | N38: 2023年3月31日 | O38: 否 | P38: 输电管理二所 | Q38: 吴达 | R38: 朱常镇 | S38: 天河中心 | T38: 47 | U38: 2023-03-17 08:48:00 | V38: 2023-03-17 11:57:00 | W38: 47 | X38: 47 | Y38: 1 | Z38: 1 | AB38: JH030120230111-010828 | AC38: 已完成 | AH38: =IF(N38="2023年01月","2023年01月31日",IF(N38="2023年02月","2023年02月28日",IF(N38="2023年3月","2023年3月31日",IF(N38="2023年4月","2023年4月30日",IF(N38="2023年5月","2023年5月31日",IF(N38="2023年6月","2023年6月30日",IF(N38="2023年7月","2023年7月31日",IF(N38="2023年8月","2023年8月31日",IF(N38="2023年9月","2023年9月30日",IF(N38="2023年10月","2023年10月31日",IF(N38="2023年11月","2023年11月30日",IF(N38="2023年12月","2023年12月31日")))))))))))) -> FALSE
A39: 36 | B39: 预试 | C39: 考核 | D39: 500kV | E39: 关键 | F39: 从木丁线 | G39: 机巡区复合绝缘子 | H39: #1、#2、#3、#4、#5、#6、#7、#8、#9、#10、#11、#12、#13、#14、#15、#16、#17、#18、#19、#20、#21、#22、#23、#24、#25、#26、#27、#28、#29、#30、#31、#32、#33、#34、#35、#36、#37、#38、#39、#40、#41、#42、#43、#44、#45、#46、#47、#48、#49、#50、#51、#52、#53、#54、#55、#56、#57、#58、#59、#60、#61、#62、#63、#64、#65、#66、#67、#68、#69、#70、#71、#72、#73、#74、#75、#76、#77、#78、#79、#80、#81、#82、#83、#84、#85、#86、#87、#88、#89、#90、#91、#92、#93、#94、#95、#96、#97、#98、#99、#100、#101、#102、#103、#104、#105、#106、#107、#108、#109、#110、#111、#112、#113、#114、#115、#116、#117、#118、#119、#120、#121、#122、#123、#124、#125、#126、#127、#128、#129、#130、#131、#132、#133、#134、#135 | I39: 135 | J39: 624 | K39: 9 | M39: 45170 | N39: 2023年9月30日 | O39: 否 | P39: 输电管理二所 | Q39: 吴达 | R39: 朱常镇 | S39: 天河中心 | T39: 624 | U39: 2023-09-07 08:46:00 | V39: 2023-09-07 12:07:00 | W39: 624 | X39: 624 | Y39: 1 | Z39: 1 | AB39: JH030120230111-014592 | AC39: 已完成 | AH39: =IF(N39="2023年01月","2023年01月31日",IF(N39="2023年02月","2023年02月28日",IF(N39="2023年3月","2023年3月31日",IF(N39="2023年4月","2023年4月30日",IF(N39="2023年5月","2023年5月31日",IF(N39="2023年6月","2023年6月30日",IF(N39="2023年7月","2023年7月31日",IF(N39="2023年8月","2023年8月31日",IF(N39="2023年9月","2023年9月30日",IF(N39="2023年10月","2023年10月31日",IF(N39="2023年11月","2023年11月30日",IF(N39="2023年12月","2023年12月31日")))))))))))) -> FALSE
A40: 37 | B40: 预试 | C40: 考核 | D40: 500kV | E40: 关键 | F40: 从木丁线 | G40: 导、地线连接位置 | H40: 耐张线夹：#1、#3、#8、#10、#11、#13、#18、#22、#24、#25、#29、#31、#33、#34、#36、#37、#39、#41、#43、#47、#50、#55、#61、#64、#66、#68、#70、#78、#82、#85、#87、#89、#91、#94、#97、#100、#101、#103、#105、#106、#107、#110、#111、#112、#116、#117、#119、#122、#124、#127、#132、#133、#136、#137 | L40: 58 | M40: 45170 | N40: 2023年9月30日 | O40: 否 | P40: 输电管理二所 | Q40: 吴达 | R40: 朱常镇 | S40: 天河中心 | T40: 58 | U40: 2023-09-07 08:46:00 | V40: 2023-09-07 12:07:00 | W40: 58 | X40: 58 | Y40: 1 | Z40: 1 | AB40: JH030120230111-014592 | AC40: 已完成 | AH40: =IF(N40="2023年01月","2023年01月31日",IF(N40="2023年02月","2023年02月28日",IF(N40="2023年3月","2023年3月31日",IF(N40="2023年4月","2023年4月30日",IF(N40="2023年5月","2023年5月31日",IF(N40="2023年6月","2023年6月30日",IF(N40="2023年7月","2023年7月31日",IF(N40="2023年8月","2023年8月31日",IF(N40="2023年9月","2023年9月30日",IF(N40="2023年10月","2023年10月31日",IF(N40="2023年11月","2023年11月30日",IF(N40="2023年12月","2023年12月31日")))))))))))) -> FALSE
A41: 38 | B41: 预试 | C41: 考核 | D41: 500kV | E41: 关键 | F41: 从木丁线 | G41: 导、地线连接位置 | H41: 接续管或预绞丝：#05-#06（A相）、#05-#06（B相）、#05-#06（C相 ）、#10-#11（A相 ）、#15-#16（A相 ）、#15-#16（B相 ）、#15-#16（C相 ）、#20-#21（A相 ）、#20-#21（B相 ）、#20-#21（C相 ）、#28-#29（B相 ）、#28-#29（C相 ）、#36-37（B相 ）、#40-41（C相 ）、#43-#44（A相 ）、#43-#44（B相）、#43-#44（C相）、#47-#48（A相）、#47-#48（B相）、#47-#48（C相）、#50-#51（A相）、#50-#51（B相）、#52-#53（A相）、#52-#53（B相）、#52-#53（C相）、#58-#59（A相）、#58-#59（B相）、#58-#59（C相 ）、#63-#64（C相 ）、#65-#66（A相 ）、#67-#68（C相 ）、#69-#70（B相 ）、#71-#72（A相 ）、#73-#74（C相）、#74-#75（A相 ）、#76-#77（B相）、#77-#78（B相）、#91-#92（A相）、#93-#94（B相）、#94-#95（C相）、#99-#100（A相）、#99-#100（B相）、#99-#100（C相）、#123-#124（B相）、#127-#128（A相 ）、#127-#128（B相）、#127-#128（C相） | L41: 47 | M41: 45170 | N41: 2023年9月30日 | O41: 否 | P41: 输电管理二所 | Q41: 吴达 | R41: 朱常镇 | S41: 天河中心 | T41: 47 | U41: 2023-09-07 08:46:00 | V41: 2023-09-07 12:07:00 | W41: 47 | X41: 47 | Y41: 1 | Z41: 1 | AB41: JH030120230111-014592 | AC41: 已完成 | AH41: =IF(N41="2023年01月","2023年01月31日",IF(N41="2023年02月","2023年02月28日",IF(N41="2023年3月","2023年3月31日",IF(N41="2023年4月","2023年4月30日",IF(N41="2023年5月","2023年5月31日",IF(N41="2023年6月","2023年6月30日",IF(N41="2023年7月","2023年7月31日",IF(N41="2023年8月","2023年8月31日",IF(N41="2023年9月","2023年9月30日",IF(N41="2023年10月","2023年10月31日",IF(N41="2023年11月","2023年11月30日",IF(N41="2023年12月","2023年12月31日")))))))))))) -> FALSE
A42: 39 | B42: 预试 | C42: 考核 | D42: 220kV | E42: 关键 | F42: 木村甲线 | G42: 机巡区复合绝缘子 | H42: #04、#11、#13、#14、#18、#20、#21、#23、#24、#26、#27、#28、#30、#31、#33、#36、#38、#39、#40、#41、#43、#46、#47、#48、#49、#51、#52、#57、#59、#68、#69、#70、#72、#74、#75、#78、#82、#84、#85、#87、#88、#89、#91、#92、#94、#95、#98、#99、#102、#103、#104 | I42: 51 | J42: 249 | K42: 20 | M42: 44986 | N42: 2023年3月31日 | O42: 否 | P42: 输电管理二所 | Q42: 吴达 | R42: 梁乔云 | S42: 天河中心 | T42: 249 | U42: 2023-03-02 08:55:00 | V42: 2023-03-02 16:12:00 | W42: 249 | X42: 249 | Y42: 1 | Z42: 1 | AB42: JH030120230112-007630 | AC42: 已完成 | AH42: =IF(N42="2023年01月","2023年01月31日",IF(N42="2023年02月","2023年02月28日",IF(N42="2023年3月","2023年3月31日",IF(N42="2023年4月","2023年4月30日",IF(N42="2023年5月","2023年5月31日",IF(N42="2023年6月","2023年6月30日",IF(N42="2023年7月","2023年7月31日",IF(N42="2023年8月","2023年8月31日",IF(N42="2023年9月","2023年9月30日",IF(N42="2023年10月","2023年10月31日",IF(N42="2023年11月","2023年11月30日",IF(N42="2023年12月","2023年12月31日")))))))))))) -> FALSE
A43: 40 | B43: 预试 | C43: 考核 | D43: 220kV | E43: 关键 | F43: 木村甲线 | G43: 导、地线连接位置 | H43: 耐张线夹：#1、#2、#3、#5、#6、#7、#8、#9、#10、#12、#15、#16、#17、#19、#22、#25、#29、#32、#34、#35、#37、#42、#44、#45、#50、#53、#54、#55、#56、#58、#60、#61、#62、#63、#64、#65、#66、#67、#71、#73、#76、#77、#79、#80、#81、#83、#86、#90、#93、#96、#97、#100、#101、#105 | L43: 54 | M43: 44986 | N43: 2023年3月31日 | O43: 否 | P43: 输电管理二所 | Q43: 吴达 | R43: 梁乔云 | S43: 天河中心 | T43: 54 | U43: 2023-03-02 08:55:00 | V43: 2023-03-02 16:10:00 | W43: 54 | X43: 54 | Y43: 1 | Z43: 1 | AB43: JH030120230112-007914 | AC43: 已完成 | AH43: =IF(N43="2023年01月","2023年01月31日",IF(N43="2023年02月","2023年02月28日",IF(N43="2023年3月","2023年3月31日",IF(N43="2023年4月","2023年4月30日",IF(N43="2023年5月","2023年5月31日",IF(N43="2023年6月","2023年6月30日",IF(N43="2023年7月","2023年7月31日",IF(N43="2023年8月","2023年8月31日",IF(N43="2023年9月","2023年9月30日",IF(N43="2023年10月","2023年10月31日",IF(N43="2023年11月","2023年11月30日",IF(N43="2023年12月","2023年12月31日")))))))))))) -> FALSE
A44: 41 | B44: 预试 | C44: 考核 | D44: 220kV | E44: 关键 | F44: 木村甲线 | G44: 导、地线连接位置 | H44: 接续管或预绞丝：##32-#33（A相）、#37-#38（C相）、#37-#38（A相）、#70-#71（地线） | L44: 4 | M44: 45078 | N44: 2023年6月30日 | O44: 否 | P44: 输电管理二所 | Q44: 吴达 | R44: 梁乔云 | S44: 天河中心 | T44: 4 | U44: 44987.372 | V44: 44987.674 | W44: 4 | X44: 4 | Y44: 1 | Z44: 1 | AA44: 已完成（3月份已完成） | AB44: JH030120230112-007914、JH030120230112-008073、JH030120230112-007630、JH030120230112-007971 | AC44: 已完成 | AH44: =IF(N44="2023年01月","2023年01月31日",IF(N44="2023年02月","2023年02月28日",IF(N44="2023年3月","2023年3月31日",IF(N44="2023年4月","2023年4月30日",IF(N44="2023年5月","2023年5月31日",IF(N44="2023年6月","2023年6月30日",IF(N44="2023年7月","2023年7月31日",IF(N44="2023年8月","2023年8月31日",IF(N44="2023年9月","2023年9月30日",IF(N44="2023年10月","2023年10月31日",IF(N44="2023年11月","2023年11月30日",IF(N44="2023年12月","2023年12月31日")))))))))))) -> FALSE
A45: 42 | B45: 预试 | C45: 考核 | D45: 220kV | E45: 关键 | F45: 木村甲线 | G45: 机巡区复合绝缘子 | H45: #04、#11、#13、#14、#18、#20、#21、#24、#26、#27、#28、#30、#31、#33、#36、#38、#39、#40、#41、#43、#46、#47、#48、#49、#51、#52、#57、#59、#68、#69、#70、#72、#74、#75、#78、#82、#84、#85、#87、#88、#89、#91、#92、#94、#95、#98、#99、#102、#103、#104 | I45: 50 | J45: 246 | K45: 20 | M45: 45139 | N45: 2023年8月31日 | O45: 否 | P45: 输电管理二所 | Q45: 吴达 | R45: 梁乔云 | S45: 天河中心 | T45: 246 | U45: 2023-07-31 08:38:00 | V45: 2023-07-31 13:38:00 | W45: 246 | X45: 246 | Y45: 1 | Z45: 1 | AB45: JH030120230112-009051 | AC45: 已完成 | AH45: =IF(N45="2023年01月","2023年01月31日",IF(N45="2023年02月","2023年02月28日",IF(N45="2023年3月","2023年3月31日",IF(N45="2023年4月","2023年4月30日",IF(N45="2023年5月","2023年5月31日",IF(N45="2023年6月","2023年6月30日",IF(N45="2023年7月","2023年7月31日",IF(N45="2023年8月","2023年8月31日",IF(N45="2023年9月","2023年9月30日",IF(N45="2023年10月","2023年10月31日",IF(N45="2023年11月","2023年11月30日",IF(N45="2023年12月","2023年12月31日")))))))))))) -> FALSE
A46: 43 | B46: 预试 | C46: 考核 | D46: 220kV | E46: 关键 | F46: 木村甲线 | G46: 导、地线连接位置 | H46: 耐张线夹：#1、#2、#3、#5、#6、#7、#8、#9、#10、#12、#15、#16、#17、#19、#22、#25、#29、#32、#34、#35、#37、#42、#44、#45、#50、#53、#54、#55、#56、#58、#60、#61、#62、#63、#64、#65、#66、#67、#71、#73、#76、#77、#79、#80、#81、#83、#86、#90、#93、#96、#97、#100、#101、#105 | L46: 54 | M46: 45139 | N46: 2023年8月31日 | O46: 否 | P46: 输电管理二所 | Q46: 吴达 | R46: 梁乔云 | S46: 天河中心 | T46: 54 | U46: 2023-07-31 08:38:00 | V46: 2023-07-31 13:38:00 | W46: 54 | X46: 54 | Y46: 1 | Z46: 1 | AB46: JH030120230112-009051 | AC46: 已完成 | AH46: =IF(N46="2023年01月","2023年01月31日",IF(N46="2023年02月","2023年02月28日",IF(N46="2023年3月","2023年3月31日",IF(N46="2023年4月","2023年4月30日",IF(N46="2023年5月","2023年5月31日",IF(N46="2023年6月","2023年6月30日",IF(N46="2023年7月","2023年7月31日",IF(N46="2023年8月","2023年8月31日",IF(N46="2023年9月","2023年9月30日",IF(N46="2023年10月","2023年10月31日",IF(N46="2023年11月","2023年11月30日",IF(N46="2023年12月","2023年12月31日")))))))))))) -> FALSE
A47: 44 | B47: 预试 | C47: 考核 | D47: 220kV | E47: 关键 | F47: 木村甲线 | G47: 导、地线连接位置 | H47: 接续管或预绞丝：#32-#33(A相）、#37-#38(A相）、#37-#38(C相）、#70-#71(地线） | L47: 4 | M47: 45139 | N47: 2023年8月31日 | O47: 否 | P47: 输电管理二所 | Q47: 吴达 | R47: 梁乔云 | S47: 天河中心 | T47: 4 | U47: 2023-07-31 08:38:00 | V47: 2023-07-31 13:38:00 | W47: 4 | X47: 4 | Y47: 1 | Z47: 1 | AB47: JH030120230112-009051 | AC47: 已完成 | AH47: =IF(N47="2023年01月","2023年01月31日",IF(N47="2023年02月","2023年02月28日",IF(N47="2023年3月","2023年3月31日",IF(N47="2023年4月","2023年4月30日",IF(N47="2023年5月","2023年5月31日",IF(N47="2023年6月","2023年6月30日",IF(N47="2023年7月","2023年7月31日",IF(N47="2023年8月","2023年8月31日",IF(N47="2023年9月","2023年9月30日",IF(N47="2023年10月","2023年10月31日",IF(N47="2023年11月","2023年11月30日",IF(N47="2023年12月","2023年12月31日")))))))))))) -> FALSE
A48: 45 | B48: 预试 | C48: 考核 | D48: 220kV | E48: 关键 | F48: 木村乙线 | G48: 机巡区复合绝缘子 | H48: #04、#11、#13、#14、#18、#20、#21、#23、#24、#26、#27、#28、#30、#31、#33、#36、#38、#39、#40、#41、#43、#46、#47、#48、#49、#51、#52、#57、#59、#68、#69、#70、#72、#74、#75、#78、#82、#84、#85、#87、#88、#89、#91、#92、#94、#95、#98、#99、#102、#103、#104 | I48: 51 | J48: 249 | K48: 20 | M48: 44986 | N48: 2023年3月31日 | O48: 否 | P48: 输电管理二所 | Q48: 吴达 | R48: 梁乔云 | S48: 天河中心 | T48: 249 | U48: 2023-03-02 08:55:00 | V48: 2023-03-02 16:15:00 | W48: 249 | X48: 249 | Y48: 1 | Z48: 1 | AB48: JH030120230112-007971 | AC48: 已完成 | AH48: =IF(N48="2023年01月","2023年01月31日",IF(N48="2023年02月","2023年02月28日",IF(N48="2023年3月","2023年3月31日",IF(N48="2023年4月","2023年4月30日",IF(N48="2023年5月","2023年5月31日",IF(N48="2023年6月","2023年6月30日",IF(N48="2023年7月","2023年7月31日",IF(N48="2023年8月","2023年8月31日",IF(N48="2023年9月","2023年9月30日",IF(N48="2023年10月","2023年10月31日",IF(N48="2023年11月","2023年11月30日",IF(N48="2023年12月","2023年12月31日")))))))))))) -> FALSE
A49: 46 | B49: 预试 | C49: 考核 | D49: 220kV | E49: 关键 | F49: 木村乙线 | G49: 导、地线连接位置 | H49: 耐张线夹：#1、#2、#3、#5、#6、#7、#8、#9、#10、#12、#15、#16、#17、#19、#22、#25、#29、#32、#34、#35、#37、#42、#44、#45、#50、#53、#54、#55、#56、#58、#60、#61、#62、#63、#64、#65、#66、#67、#71、#73、#76、#77、#79、#79-1、#80、#81、#83、#86、#90、#93、#96、#97、#100、#101、#105 | L49: 55 | M49: 44986 | N49: 2023年3月31日 | O49: 否 | P49: 输电管理二所 | Q49: 吴达 | R49: 梁乔云 | S49: 天河中心 | T49: 55 | U49: 2023-03-02 08:55:00 | V49: 2023-03-02 16:10:00 | W49: 55 | X49: 55 | Y49: 1 | Z49: 1 | AB49: JH030120230112-008073 | AC49: 已完成 | AH49: =IF(N49="2023年01月","2023年01月31日",IF(N49="2023年02月","2023年02月28日",IF(N49="2023年3月","2023年3月31日",IF(N49="2023年4月","2023年4月30日",IF(N49="2023年5月","2023年5月31日",IF(N49="2023年6月","2023年6月30日",IF(N49="2023年7月","2023年7月31日",IF(N49="2023年8月","2023年8月31日",IF(N49="2023年9月","2023年9月30日",IF(N49="2023年10月","2023年10月31日",IF(N49="2023年11月","2023年11月30日",IF(N49="2023年12月","2023年12月31日")))))))))))) -> FALSE
A50: 47 | B50: 预试 | C50: 考核 | D50: 220kV | E50: 关键 | F50: 木村乙线 | G50: 导、地线连接位置 | H50: 接续管或预绞丝：#32-#33（A相）、#38-#39（C相）、#40-#41（B相）、#78-#79（C相） | L50: 4 | M50: 45078 | N50: 2023年6月30日 | O50: 否 | P50: 输电管理二所 | Q50: 吴达 | R50: 梁乔云 | S50: 天河中心 | T50: 4 | U50: 44987.372 | V50: 44987.674 | W50: 4 | X50: 4 | Y50: 1 | Z50: 1 | AA50: 已完成（3月份已完成） | AB50: JH030120230112-007914、JH030120230112-008073、JH030120230112-007630、JH030120230112-007971 | AC50: 已完成 | AH50: =IF(N50="2023年01月","2023年01月31日",IF(N50="2023年02月","2023年02月28日",IF(N50="2023年3月","2023年3月31日",IF(N50="2023年4月","2023年4月30日",IF(N50="2023年5月","2023年5月31日",IF(N50="2023年6月","2023年6月30日",IF(N50="2023年7月","2023年7月31日",IF(N50="2023年8月","2023年8月31日",IF(N50="2023年9月","2023年9月30日",IF(N50="2023年10月","2023年10月31日",IF(N50="2023年11月","2023年11月30日",IF(N50="2023年12月","2023年12月31日")))))))))))) -> FALSE
A51: 48 | B51: 预试 | C51: 考核 | D51: 220kV | E51: 关键 | F51: 木村乙线 | G51: 机巡区复合绝缘子 | H51: #04、#11、#13、#14、#18、#20、#21、#23、#24、#26、#27、#28、#30、#31、#33、#36、#38、#39、#40、#41、#43、#46、#47、#48、#49、#51、#52、#57、#59、#68、#69、#70、#72、#74、#75、#78、#82、#84、#85、#87、#88、#89、#91、#92、#94、#95、#98、#99、#102、#103、#104 | I51: 51 | J51: 249 | K51: 20 | M51: 45139 | N51: 2023年8月31日 | O51: 否 | P51: 输电管理二所 | Q51: 吴达 | R51: 梁乔云 | S51: 天河中心 | T51: 249 | U51: 2023-07-31 08:38:00 | V51: 2023-07-31 13:38:00 | W51: 249 | X51: 249 | Y51: 1 | Z51: 1 | AB51: JH030120230112-009051 | AC51: 已完成 | AH51: =IF(N51="2023年01月","2023年01月31日",IF(N51="2023年02月","2023年02月28日",IF(N51="2023年3月","2023年3月31日",IF(N51="2023年4月","2023年4月30日",IF(N51="2023年5月","2023年5月31日",IF(N51="2023年6月","2023年6月30日",IF(N51="2023年7月","2023年7月31日",IF(N51="2023年8月","2023年8月31日",IF(N51="2023年9月","2023年9月30日",IF(N51="2023年10月","2023年10月31日",IF(N51="2023年11月","2023年11月30日",IF(N51="2023年12月","2023年12月31日")))))))))))) -> FALSE
A52: 49 | B52: 预试 | C52: 考核 | D52: 220kV | E52: 关键 | F52: 木村乙线 | G52: 导、地线连接位置 | H52: 耐张线夹：#1、#2、#3、#5、#6、#7、#8、#9、#10、#12、#15、#16、#17、#19、#22、#25、#29、#32、#34、#35、#37、#42、#44、#45、#50、#53、#54、#55、#56、#58、#60、#61、#62、#63、#64、#65、#66、#67、#71、#73、#76、#77、#79、#79-1、#80、#81、#83、#86、#90、#93、#96、#97、#100、#101、#105 | L52: 55 | M52: 45139 | N52: 2023年8月31日 | O52: 否 | P52: 输电管理二所 | Q52: 吴达 | R52: 梁乔云 | S52: 天河中心 | T52: 55 | U52: 2023-07-31 08:38:00 | V52: 2023-07-31 13:38:00 | W52: 55 | X52: 55 | Y52: 1 | Z52: 1 | AB52: JH030120230112-009051 | AC52: 已完成 | AH52: =IF(N52="2023年01月","2023年01月31日",IF(N52="2023年02月","2023年02月28日",IF(N52="2023年3月","2023年3月31日",IF(N52="2023年4月","2023年4月30日",IF(N52="2023年5月","2023年5月31日",IF(N52="2023年6月","2023年6月30日",IF(N52="2023年7月","2023年7月31日",IF(N52="2023年8月","2023年8月31日",IF(N52="2023年9月","2023年9月30日",IF(N52="2023年10月","2023年10月31日",IF(N52="2023年11月","2023年11月30日",IF(N52="2023年12月","2023年12月31日")))))))))))) -> FALSE
A53: 50 | B53: 预试 | C53: 考核 | D53: 220kV | E53: 关键 | F53: 木村乙线 | G53: 导、地线连接位置 | H53: 接续管或预绞丝：#32-#33（A相）、#38-#39（C相）、#40-#41（B相）、#78-#79（C相） | L53: 4 | M53: 45139 | N53: 2023年8月31日 | O53: 否 | P53: 输电管理二所 | Q53: 吴达 | R53: 梁乔云 | S53: 天河中心 | T53: 4 | U53: 2023-07-31 08:38:00 | V53: 2023-07-31 13:38:00 | W53: 4 | X53: 4 | Y53: 1 | Z53: 1 | AB53: JH030120230112-009051 | AC53: 已完成 | AH53: =IF(N53="2023年01月","2023年01月31日",IF(N53="2023年02月","2023年02月28日",IF(N53="2023年3月","2023年3月31日",IF(N53="2023年4月","2023年4月30日",IF(N53="2023年5月","2023年5月31日",IF(N53="2023年6月","2023年6月30日",IF(N53="2023年7月","2023年7月31日",IF(N53="2023年8月","2023年8月31日",IF(N53="2023年9月","2023年9月30日",IF(N53="2023年10月","2023年10月31日",IF(N53="2023年11月","2023年11月30日",IF(N53="2023年12月","2023年12月31日")))))))))))) -> FALSE
A54: 51 | B54: 预试 | C54: 考核 | D54: 220kV | E54: 一般 | F54: 木棠甲线 | G54: 机巡区复合绝缘子 | H54: #3、#4、#7、#10、#11、#13、#14、#15、#16、#17、#18、#19、#20、#21、#23、#24、#25、#26、#27、#28、#31、#33、#34、#36、#37、#38、#39、#40、#41、#43、#45、#48、#49、#50、#51、#52、#53、#54、#55、#56、#57、#59、#60、#61、#62、#63、#64、#65、#66、#73、#74、#75、#77、#78、#80、#81、#82、#83、#84 | I54: 59 | J54: 244 | K54: 20 | M54: 44986 | N54: 2023年3月31日 | O54: 否 | P54: 输电管理二所 | Q54: 吴达 | R54: 张耀光 | S54: 天河中心 | T54: 244 | U54: 2023-03-15 08:44:00 | V54: 2023-03-15 12:42:00 | W54: 244 | X54: 244 | Y54: 1 | Z54: 1 | AB54: JH030120230112-008088 | AC54: 已完成 | AH54: =IF(N54="2023年01月","2023年01月31日",IF(N54="2023年02月","2023年02月28日",IF(N54="2023年3月","2023年3月31日",IF(N54="2023年4月","2023年4月30日",IF(N54="2023年5月","2023年5月31日",IF(N54="2023年6月","2023年6月30日",IF(N54="2023年7月","2023年7月31日",IF(N54="2023年8月","2023年8月31日",IF(N54="2023年9月","2023年9月30日",IF(N54="2023年10月","2023年10月31日",IF(N54="2023年11月","2023年11月30日",IF(N54="2023年12月","2023年12月31日")))))))))))) -> FALSE
A55: 52 | B55: 预试 | C55: 考核 | D55: 220kV | E55: 一般 | F55: 木棠甲线 | G55: 导、地线连接位置 | H55: 耐张线夹：#01、#02、#03、#05、#06、#07、#08、#09、#12、#13、#16、#18、#20、#22、#25、#29、#30、#32、#34、#35、#42、#44、#46、#47、#48、#50、#51、#52、#55、#56、#57、#58、#59、#67、#68、#70、#71、#72、#76、#79、#82、#83、#84 | L55: 43 | M55: 44986 | N55: 2023年3月31日 | O55: 否 | P55: 输电管理二所 | Q55: 吴达 | R55: 张耀光 | S55: 天河中心 | T55: 43 | U55: 2023-03-15 08:55:00 | V55: 2023-03-15 12:55:00 | W55: 43 | X55: 43 | Y55: 1 | Z55: 1 | AB55: JH030120230112-008142 | AC55: 已完成 | AH55: =IF(N55="2023年01月","2023年01月31日",IF(N55="2023年02月","2023年02月28日",IF(N55="2023年3月","2023年3月31日",IF(N55="2023年4月","2023年4月30日",IF(N55="2023年5月","2023年5月31日",IF(N55="2023年6月","2023年6月30日",IF(N55="2023年7月","2023年7月31日",IF(N55="2023年8月","2023年8月31日",IF(N55="2023年9月","2023年9月30日",IF(N55="2023年10月","2023年10月31日",IF(N55="2023年11月","2023年11月30日",IF(N55="2023年12月","2023年12月31日")))))))))))) -> FALSE
A56: 53 | B56: 预试 | C56: 考核 | D56: 220kV | E56: 一般 | F56: 木棠甲线 | G56: 导、地线连接位置 | H56: 接续管或预绞丝：#13-#14（A相）、#20-#21（B相）、#20-#21（A相）、#20-#21（C相）、#25-#26（B相）、#25-#26（C相）、#26-#27（A相）、#31-#32（B相）、#32-#33（C相）、#37-#38（B相）、#40-#41（A相）、#41-#42（C相）、#44-#45（A相）、#44-#45（B相）、#44-#45（C相）、#79-#80（C相） | L56: 16 | M56: 45139 | N56: 2023年8月31日 | O56: 否 | P56: 输电管理二所 | Q56: 吴达 | R56: 张耀光 | S56: 天河中心 | T56: 16 | U56: 2023-03-15 08:55:00 | V56: 2023-03-15 12:55:00 | W56: 16 | X56: 16 | Y56: 1 | Z56: 1 | AB56: JH030120230112-008142 | AC56: 已完成 | AH56: =IF(N56="2023年01月","2023年01月31日",IF(N56="2023年02月","2023年02月28日",IF(N56="2023年3月","2023年3月31日",IF(N56="2023年4月","2023年4月30日",IF(N56="2023年5月","2023年5月31日",IF(N56="2023年6月","2023年6月30日",IF(N56="2023年7月","2023年7月31日",IF(N56="2023年8月","2023年8月31日",IF(N56="2023年9月","2023年9月30日",IF(N56="2023年10月","2023年10月31日",IF(N56="2023年11月","2023年11月30日",IF(N56="2023年12月","2023年12月31日")))))))))))) -> FALSE
A57: 54 | B57: 预试 | C57: 考核 | D57: 220kV | E57: 一般 | F57: 木棠乙线 | G57: 机巡区复合绝缘子 | H57: #3、#4、#7、#10、#11、#13、#14、#15、#16、#17、#18、#19、#20、#21、#23、#24、#25、#26、#27、#28、#31、#33、#34、#36、#37、#38、#39、#40、#41、#43、#45、#48、#49、#50、#51、#52、#53、#54、#55、#56、#57、#59、#60、#61、#62、#63、#64、#65、#66、#73、#74、#75、#76、#77、#78、#79、#80、#81、#82、#83、#84 | I57: 61 | J57: 250 | K57: 20 | M57: 44986 | N57: 2023年3月31日 | O57: 否 | P57: 输电管理二所 | Q57: 吴达 | R57: 张耀光 | S57: 天河中心 | T57: 250 | U57: 2023-03-15 08:38:00 | V57: 2023-03-15 12:59:00 | W57: 250 | X57: 250 | Y57: 1 | Z57: 1 | AB57: JH030120230112-008207 | AC57: 已完成 | AH57: =IF(N57="2023年01月","2023年01月31日",IF(N57="2023年02月","2023年02月28日",IF(N57="2023年3月","2023年3月31日",IF(N57="2023年4月","2023年4月30日",IF(N57="2023年5月","2023年5月31日",IF(N57="2023年6月","2023年6月30日",IF(N57="2023年7月","2023年7月31日",IF(N57="2023年8月","2023年8月31日",IF(N57="2023年9月","2023年9月30日",IF(N57="2023年10月","2023年10月31日",IF(N57="2023年11月","2023年11月30日",IF(N57="2023年12月","2023年12月31日")))))))))))) -> FALSE
A58: 55 | B58: 预试 | C58: 考核 | D58: 220kV | E58: 一般 | F58: 木棠乙线 | G58: 导、地线连接位置 | H58: 耐张线夹：#01、#02、#03、#05、#06、#07、#08、#09、#12、#13、#16、#18、#20、#22、#25、#29、#30、#32、#34、#35、#42、#44、#46、#47、#48、#50、#51、#52、#55、#56、#57、#58、#59、#67、#68、#70、#71、#72、#76、#79、#82、#83、#84 | L58: 43 | M58: 44986 | N58: 2023年3月31日 | O58: 否 | P58: 输电管理二所 | Q58: 吴达 | R58: 张耀光 | S58: 天河中心 | T58: 43 | U58: 2023-03-15 08:44:00 | V58: 2023-03-15 12:46:00 | W58: 43 | X58: 43 | Y58: 1 | Z58: 1 | AB58: JH030120230112-008225 | AC58: 已完成 | AH58: =IF(N58="2023年01月","2023年01月31日",IF(N58="2023年02月","2023年02月28日",IF(N58="2023年3月","2023年3月31日",IF(N58="2023年4月","2023年4月30日",IF(N58="2023年5月","2023年5月31日",IF(N58="2023年6月","2023年6月30日",IF(N58="2023年7月","2023年7月31日",IF(N58="2023年8月","2023年8月31日",IF(N58="2023年9月","2023年9月30日",IF(N58="2023年10月","2023年10月31日",IF(N58="2023年11月","2023年11月30日",IF(N58="2023年12月","2023年12月31日")))))))))))) -> FALSE
A59: 56 | B59: 预试 | C59: 考核 | D59: 220kV | E59: 一般 | F59: 木棠乙线 | G59: 导、地线连接位置 | H59: 接续管或预绞丝：#13-#14（C相）、#20-#21（B相）、#20-#21（A相）、#20-#21（C相）、#25-#26（B相）、#25-#26（A相）、#26-#27（C相）、#30-#31（B相）、#31-#32（A相）、#33-#34（C相）、#37-#38（B相）、#40-#41（C相）、#41-#42（A相）、#44-#45（A相）、#44-#45（B相）、#44-#45（C相）、#79-#80（B相） | L59: 17 | M59: 45139 | N59: 2023年8月31日 | O59: 否 | P59: 输电管理二所 | Q59: 吴达 | R59: 张耀光 | S59: 天河中心 | T59: 17 | U59: 2023-03-15 08:44:00 | V59: 2023-03-15 12:46:00 | W59: 17 | X59: 17 | Y59: 1 | Z59: 1 | AB59: JH030120230112-008225 | AC59: 已完成 | AH59: =IF(N59="2023年01月","2023年01月31日",IF(N59="2023年02月","2023年02月28日",IF(N59="2023年3月","2023年3月31日",IF(N59="2023年4月","2023年4月30日",IF(N59="2023年5月","2023年5月31日",IF(N59="2023年6月","2023年6月30日",IF(N59="2023年7月","2023年7月31日",IF(N59="2023年8月","2023年8月31日",IF(N59="2023年9月","2023年9月30日",IF(N59="2023年10月","2023年10月31日",IF(N59="2023年11月","2023年11月30日",IF(N59="2023年12月","2023年12月31日")))))))))))) -> FALSE
A60: 57 | B60: 预试 | C60: 考核 | D60: 220kV | E60: 关键 | F60: 木碧甲线 | G60: 机巡区复合绝缘子 | H60: #10、#11、#13、#14、#15、#16、#17、#19、#20、#21、#23、#24、#25、#26、#27、#28、#31、#33、#34、#36、#37、#38、#39、#4、#40、#41、#43、#45、#48、#49、#52、#53、#54、#57、#58、#60 | I60: 36 | J60: 183 | K60: 20 | M60: 44986 | N60: 2023年3月31日 | O60: 否 | P60: 输电管理二所 | Q60: 吴达 | R60: 张耀光 | S60: 天河中心 | T60: 183 | U60: 2023-03-30 08:40:00 | V60: 2023-03-30 16:09:00 | W60: 183 | X60: 183 | Y60: 1 | Z60: 1 | AB60: JH030120230112-008252 | AC60: 已完成 | AH60: =IF(N60="2023年01月","2023年01月31日",IF(N60="2023年02月","2023年02月28日",IF(N60="2023年3月","2023年3月31日",IF(N60="2023年4月","2023年4月30日",IF(N60="2023年5月","2023年5月31日",IF(N60="2023年6月","2023年6月30日",IF(N60="2023年7月","2023年7月31日",IF(N60="2023年8月","2023年8月31日",IF(N60="2023年9月","2023年9月30日",IF(N60="2023年10月","2023年10月31日",IF(N60="2023年11月","2023年11月30日",IF(N60="2023年12月","2023年12月31日")))))))))))) -> FALSE
A61: 58 | B61: 预试 | C61: 考核 | D61: 220kV | E61: 关键 | F61: 木碧甲线 | G61: 导、地线连接位置 | H61: 耐张线夹：#01、#02、#03、#05、#06、#07、#08、#09、#12、#13、#16、#18、#20、#22、#25、#29、#30、#32、#34、#35、#42、#44、#46、#47、#48、#50、#51、#52、#55、#56、#57、#58、#60、#61、#64、#66、#69、#70、#72、#77、#78、#79、#80、#81、#82、#83、#84、#85、#88、#90、#92、#93 | L61: 52 | M61: 44986 | N61: 2023年3月31日 | O61: 否 | P61: 输电管理二所 | Q61: 吴达 | R61: 张耀光 | S61: 天河中心 | T61: 52 | U61: 2023-03-30 08:30:00 | V61: 2023-03-30 16:08:00 | W61: 52 | X61: 52 | Y61: 1 | Z61: 1 | AB61: JH030120230112-008436 | AC61: 已完成 | AH61: =IF(N61="2023年01月","2023年01月31日",IF(N61="2023年02月","2023年02月28日",IF(N61="2023年3月","2023年3月31日",IF(N61="2023年4月","2023年4月30日",IF(N61="2023年5月","2023年5月31日",IF(N61="2023年6月","2023年6月30日",IF(N61="2023年7月","2023年7月31日",IF(N61="2023年8月","2023年8月31日",IF(N61="2023年9月","2023年9月30日",IF(N61="2023年10月","2023年10月31日",IF(N61="2023年11月","2023年11月30日",IF(N61="2023年12月","2023年12月31日")))))))))))) -> FALSE
A62: 59 | B62: 预试 | C62: 考核 | D62: 220kV | E62: 关键 | F62: 木碧甲线 | G62: 导、地线连接位置 | H62: 接续管或预绞丝：#14-#15（C相）、#14-#15（A相 ）、#20-#21（C相）、#20-#21（B相 ）、#20-#21（A相 ）、#25-#26（B相 ）、#26-#27（C相）、#27-#28（A相 ）、#30-#31（C相）、#31-#32（C相）、#32-#33（A相 ）、#37-#38（C相）、#40-#41（B相 ）、#41-#42（A相 ）、#44-#45（A相 ）、#44-#45（B相 ）、#44-#45（C相）、#46-#47（B相 ）、#75-#76（A相 ）、#75-#76（B相 ）、#85-#86（C相） | L62: 21 | M62: 45078 | N62: 2023年6月30日 | O62: 否 | P62: 输电管理二所 | Q62: 吴达 | R62: 张耀光 | S62: 天河中心 | T62: 21 | U62: 45015.361 | V62: 45015.673 | W62: 21 | X62: 21 | Y62: 1 | Z62: 1 | AA62: 已完成（3月份已完成） | AB62: JH030120230112-008738、 JH030120230112-008436、JH030120230112-008252、JH030120230112-008459 | AC62: 已完成 | AH62: =IF(N62="2023年01月","2023年01月31日",IF(N62="2023年02月","2023年02月28日",IF(N62="2023年3月","2023年3月31日",IF(N62="2023年4月","2023年4月30日",IF(N62="2023年5月","2023年5月31日",IF(N62="2023年6月","2023年6月30日",IF(N62="2023年7月","2023年7月31日",IF(N62="2023年8月","2023年8月31日",IF(N62="2023年9月","2023年9月30日",IF(N62="2023年10月","2023年10月31日",IF(N62="2023年11月","2023年11月30日",IF(N62="2023年12月","2023年12月31日")))))))))))) -> FALSE
A63: 60 | B63: 预试 | C63: 考核 | D63: 220kV | E63: 关键 | F63: 木碧甲线 | G63: 机巡区复合绝缘子 | H63: #10、#11、#13、#14、#15、#16、#17、#19、#20、#21、#23、#24、#25、#26、#27、#28、#31、#33、#34、#36、#37、#38、#39、#4、#40、#41、#43、#45、#48、#49、#52、#53、#54、#57、#58、#60 | I63: 36 | J63: 183 | K63: 20 | M63: 45139 | N63: 2023年8月31日 | O63: 否 | P63: 输电管理二所 | Q63: 吴达 | R63: 张耀光 | S63: 天河中心 | T63: 183 | U63: 2023-08-14 08:30:00 | V63: 2023-08-14 13:29:00 | W63: 183 | X63: 183 | Y63: 1 | Z63: 1 | AB63: JH030120230112-007676 | AC63: 已完成 | AH63: =IF(N63="2023年01月","2023年01月31日",IF(N63="2023年02月","2023年02月28日",IF(N63="2023年3月","2023年3月31日",IF(N63="2023年4月","2023年4月30日",IF(N63="2023年5月","2023年5月31日",IF(N63="2023年6月","2023年6月30日",IF(N63="2023年7月","2023年7月31日",IF(N63="2023年8月","2023年8月31日",IF(N63="2023年9月","2023年9月30日",IF(N63="2023年10月","2023年10月31日",IF(N63="2023年11月","2023年11月30日",IF(N63="2023年12月","2023年12月31日")))))))))))) -> FALSE
A64: 61 | B64: 预试 | C64: 考核 | D64: 220kV | E64: 关键 | F64: 木碧甲线 | G64: 导、地线连接位置 | H64: 耐张线夹：#01、#02、#03、#05、#06、#07、#08、#09、#12、#13、#16、#18、#20、#22、#25、#29、#30、#32、#34、#35、#42、#44、#46、#47、#48、#50、#51、#52、#55、#56、#57、#58、#60、#61、#64、#66、#69、#70、#72、#77、#78、#79、#80、#81、#82、#83、#84、#85、#88、#90、#92、#93 | L64: 52 | M64: 45139 | N64: 2023年8月31日 | O64: 否 | P64: 输电管理二所 | Q64: 吴达 | R64: 张耀光 | S64: 天河中心 | T64: 52 | U64: 2023-08-14 09:30:00 | V64: 2023-08-14 14:30:00 | W64: 52 | X64: 52 | Y64: 1 | Z64: 1 | AB64: JH030120230112-008667 | AC64: 已完成 | AH64: =IF(N64="2023年01月","2023年01月31日",IF(N64="2023年02月","2023年02月28日",IF(N64="2023年3月","2023年3月31日",IF(N64="2023年4月","2023年4月30日",IF(N64="2023年5月","2023年5月31日",IF(N64="2023年6月","2023年6月30日",IF(N64="2023年7月","2023年7月31日",IF(N64="2023年8月","2023年8月31日",IF(N64="2023年9月","2023年9月30日",IF(N64="2023年10月","2023年10月31日",IF(N64="2023年11月","2023年11月30日",IF(N64="2023年12月","2023年12月31日")))))))))))) -> FALSE
A65: 62 | B65: 预试 | C65: 考核 | D65: 220kV | E65: 关键 | F65: 木碧甲线 | G65: 导、地线连接位置 | H65: 接续管或预绞丝：#14-#15（C相）、#14-#15（A相 ）、#20-#21（C相）、#20-#21（B相 ）、#20-#21（A相 ）、#25-#26（B相 ）、#26-#27（C相）、#27-#28（A相 ）、#30-#31（C相）、#31-#32（C相）、#32-#33（A相 ）、#37-#38（C相）、#40-#41（B相 ）、#41-#42（A相 ）、#44-#45（A相 ）、#44-#45（B相 ）、#44-#45（C相）、#46-#47（B相 ）、#75-#76（A相 ）、#75-#76（B相 ）、#85-#86（C相） | L65: 21 | M65: 45139 | N65: 2023年8月31日 | O65: 否 | P65: 输电管理二所 | Q65: 吴达 | R65: 张耀光 | S65: 天河中心 | T65: 21 | U65: 2023-08-14 09:30:00 | V65: 2023-08-14 14:30:00 | W65: 21 | X65: 21 | Y65: 1 | Z65: 1 | AB65: JH030120230112-008667 | AC65: 已完成 | AH65: =IF(N65="2023年01月","2023年01月31日",IF(N65="2023年02月","2023年02月28日",IF(N65="2023年3月","2023年3月31日",IF(N65="2023年4月","2023年4月30日",IF(N65="2023年5月","2023年5月31日",IF(N65="2023年6月","2023年6月30日",IF(N65="2023年7月","2023年7月31日",IF(N65="2023年8月","2023年8月31日",IF(N65="2023年9月","2023年9月30日",IF(N65="2023年10月","2023年10月31日",IF(N65="2023年11月","2023年11月30日",IF(N65="2023年12月","2023年12月31日")))))))))))) -> FALSE
A66: 63 | B66: 预试 | C66: 考核 | D66: 220kV | E66: 关键 | F66: 木碧乙线 | G66: 机巡区复合绝缘子 | H66: #10、#11、#14、#15、#17、#18、#19、#21、#23、#24、#26、#27、#28、#3、#31、#33、#36、#37、#38、#39、#4、#40、#41、#43、#45、#49、#50、#51、#53、#54、#55、#57、#59、#60、#61、#62、#63、#64、#65、#66、#67、#68、#72、#73、#74、#75、#76、#77、#78、#79、#80、#81、#82、#83 | I66: 31 | J66: 183 | K66: 20 | M66: 44986 | N66: 2023年3月31日 | O66: 否 | P66: 输电管理二所 | Q66: 吴达 | R66: 张耀光 | S66: 天河中心 | T66: 183 | U66: 2023-03-30 16:56:10 | V66: 2023-03-30 16:57:00 | W66: 183 | X66: 183 | Y66: 1 | Z66: 1 | AB66: JH030120230112-008459 | AC66: 已完成 | AH66: =IF(N66="2023年01月","2023年01月31日",IF(N66="2023年02月","2023年02月28日",IF(N66="2023年3月","2023年3月31日",IF(N66="2023年4月","2023年4月30日",IF(N66="2023年5月","2023年5月31日",IF(N66="2023年6月","2023年6月30日",IF(N66="2023年7月","2023年7月31日",IF(N66="2023年8月","2023年8月31日",IF(N66="2023年9月","2023年9月30日",IF(N66="2023年10月","2023年10月31日",IF(N66="2023年11月","2023年11月30日",IF(N66="2023年12月","2023年12月31日")))))))))))) -> FALSE
A67: 64 | B67: 预试 | C67: 考核 | D67: 220kV | E67: 关键 | F67: 木碧乙线 | G67: 导、地线连接位置 | H67: 耐张线夹：#01、#02、#03、#05、#06、#07、#08、#09、#12、#13、#16、#18、#20、#22、#25、#29、#30、#32、#34、#35、#42、#44、#46、#47、#48、#50、#51、#52、#55、#56、#57、#58、#60、#61、#64、#66、#69、#70、#72、#77、#78、#79、#80、#81、#82、#83、#84、#85、#88、#90、#92、#93 | L67: 52 | M67: 44986 | N67: 2023年3月31日 | O67: 否 | P67: 输电管理二所 | Q67: 吴达 | R67: 张耀光 | S67: 天河中心 | T67: 52 | U67: 2023-03-30 09:25:00 | V67: 2023-03-30 16:08:00 | W67: 52 | X67: 52 | Y67: 1 | Z67: 1 | AB67: JH030120230112-008738 | AC67: 已完成 | AH67: =IF(N67="2023年01月","2023年01月31日",IF(N67="2023年02月","2023年02月28日",IF(N67="2023年3月","2023年3月31日",IF(N67="2023年4月","2023年4月30日",IF(N67="2023年5月","2023年5月31日",IF(N67="2023年6月","2023年6月30日",IF(N67="2023年7月","2023年7月31日",IF(N67="2023年8月","2023年8月31日",IF(N67="2023年9月","2023年9月30日",IF(N67="2023年10月","2023年10月31日",IF(N67="2023年11月","2023年11月30日",IF(N67="2023年12月","2023年12月31日")))))))))))) -> FALSE
A68: 65 | B68: 预试 | C68: 考核 | D68: 220kV | E68: 关键 | F68: 木碧乙线 | G68: 导、地线连接位置 | H68: 接续管或预绞丝：#14-#15（A相）、#20-#21（A相）、#20-#21（B相）、#20-#21（C相）、#25-#26（C相）、#25-#26（B相）、#26-#27（A相）、#31-#32（C相）、#32-#33（B相）、#37-#38（A相）、#40-#41（B相）、#41-#42（C相）、#44-#45（A相）、#44-#45（B相）、#44-#45（C相）、#75-#76（A相）、#75-#76（B相）、#75-#76（C相）、#85-#86（B相） | L68: 19 | M68: 45078 | N68: 2023年6月30日 | O68: 否 | P68: 输电管理二所 | Q68: 吴达 | R68: 张耀光 | S68: 天河中心 | T68: 19 | U68: 45015.361 | V68: 45015.673 | W68: 19 | X68: 19 | Y68: 1 | Z68: 1 | AA68: 已完成（3月份已完成） | AB68: JH030120230112-008738、 JH030120230112-008436、JH030120230112-008252、JH030120230112-008459 | AC68: 已完成 | AH68: =IF(N68="2023年01月","2023年01月31日",IF(N68="2023年02月","2023年02月28日",IF(N68="2023年3月","2023年3月31日",IF(N68="2023年4月","2023年4月30日",IF(N68="2023年5月","2023年5月31日",IF(N68="2023年6月","2023年6月30日",IF(N68="2023年7月","2023年7月31日",IF(N68="2023年8月","2023年8月31日",IF(N68="2023年9月","2023年9月30日",IF(N68="2023年10月","2023年10月31日",IF(N68="2023年11月","2023年11月30日",IF(N68="2023年12月","2023年12月31日")))))))))))) -> FALSE
A69: 66 | B69: 预试 | C69: 考核 | D69: 220kV | E69: 关键 | F69: 木碧乙线 | G69: 机巡区复合绝缘子 | H69: #10、#11、#14、#15、#17、#18、#19、#21、#23、#24、#26、#27、#28、#3、#31、#33、#36、#37、#38、#39、#4、#40、#41、#43、#45、#49、#50、#51、#53、#54、#55、#57、#59、#60、#61、#62、#63、#64、#65、#66、#67、#68、#72、#73、#74、#75、#76、#77、#78、#79、#80、#81、#82、#83 | I69: 31 | J69: 183 | K69: 20 | M69: 45139 | N69: 2023年8月31日 | O69: 否 | P69: 输电管理二所 | Q69: 吴达 | R69: 张耀光 | S69: 天河中心 | T69: 183 | U69: 2023-08-14 08:30:00 | V69: 2023-08-14 13:29:00 | W69: 183 | X69: 183 | Y69: 1 | Z69: 1 | AB69: JH030120230112-007676 | AC69: 已完成 | AH69: =IF(N69="2023年01月","2023年01月31日",IF(N69="2023年02月","2023年02月28日",IF(N69="2023年3月","2023年3月31日",IF(N69="2023年4月","2023年4月30日",IF(N69="2023年5月","2023年5月31日",IF(N69="2023年6月","2023年6月30日",IF(N69="2023年7月","2023年7月31日",IF(N69="2023年8月","2023年8月31日",IF(N69="2023年9月","2023年9月30日",IF(N69="2023年10月","2023年10月31日",IF(N69="2023年11月","2023年11月30日",IF(N69="2023年12月","2023年12月31日")))))))))))) -> FALSE
A70: 67 | B70: 预试 | C70: 考核 | D70: 220kV | E70: 关键 | F70: 木碧乙线 | G70: 导、地线连接位置 | H70: 耐张线夹：#01、#02、#03、#05、#06、#07、#08、#09、#12、#13、#16、#18、#20、#22、#25、#29、#30、#32、#34、#35、#42、#44、#46、#47、#48、#50、#51、#52、#55、#56、#57、#58、#60、#61、#64、#66、#69、#70、#72、#77、#78、#79、#80、#81、#82、#83、#84、#85、#88、#90、#92、#93 | L70: 52 | M70: 45139 | N70: 2023年8月31日 | O70: 否 | P70: 输电管理二所 | Q70: 吴达 | R70: 张耀光 | S70: 天河中心 | T70: 52 | U70: 2023-08-14 09:30:00 | V70: 2023-08-14 14:30:00 | W70: 52 | X70: 52 | Y70: 1 | Z70: 1 | AB70: JH030120230112-008667 | AC70: 已完成 | AH70: =IF(N70="2023年01月","2023年01月31日",IF(N70="2023年02月","2023年02月28日",IF(N70="2023年3月","2023年3月31日",IF(N70="2023年4月","2023年4月30日",IF(N70="2023年5月","2023年5月31日",IF(N70="2023年6月","2023年6月30日",IF(N70="2023年7月","2023年7月31日",IF(N70="2023年8月","2023年8月31日",IF(N70="2023年9月","2023年9月30日",IF(N70="2023年10月","2023年10月31日",IF(N70="2023年11月","2023年11月30日",IF(N70="2023年12月","2023年12月31日")))))))))))) -> FALSE
A71: 68 | B71: 预试 | C71: 考核 | D71: 220kV | E71: 关键 | F71: 木碧乙线 | G71: 导、地线连接位置 | H71: 接续管或预绞丝：#14-#15（A相）、#20-#21（A相）、#20-#21（B相）、#20-#21（C相）、#25-#26（C相）、#25-#26（B相）、#26-#27（A相）、#31-#32（C相）、#32-#33（B相）、#37-#38（A相）、#40-#41（B相）、#41-#42（C相）、#44-#45（A相）、#44-#45（B相）、#44-#45（C相）、#75-#76（A相）、#75-#76（B相）、#75-#76（C相）、#85-#86（B相） | L71: 19 | M71: 45139 | N71: 2023年8月31日 | O71: 否 | P71: 输电管理二所 | Q71: 吴达 | R71: 张耀光 | S71: 天河中心 | T71: 19 | U71: 2023-08-14 09:30:00 | V71: 2023-08-14 14:30:00 | W71: 19 | X71: 19 | Y71: 1 | Z71: 1 | AB71: JH030120230112-008667 | AC71: 已完成 | AH71: =IF(N71="2023年01月","2023年01月31日",IF(N71="2023年02月","2023年02月28日",IF(N71="2023年3月","2023年3月31日",IF(N71="2023年4月","2023年4月30日",IF(N71="2023年5月","2023年5月31日",IF(N71="2023年6月","2023年6月30日",IF(N71="2023年7月","2023年7月31日",IF(N71="2023年8月","2023年8月31日",IF(N71="2023年9月","2023年9月30日",IF(N71="2023年10月","2023年10月31日",IF(N71="2023年11月","2023年11月30日",IF(N71="2023年12月","2023年12月31日")))))))))))) -> FALSE
A72: 69 | B72: 预试 | C72: 考核 | D72: 220kV | E72: 重要（7-9月） | F72: 木科甲线 | G72: 机巡区复合绝缘子 | H72: #11、#14、#16、#18、#20、#22、#23、#25、#26、#27、#29、#30、#31、#32、#35、#36、#37、#38、#39、#41、#46、#47、#5、#50、#51 | I72: 25 | J72: 126 | K72: 20 | M72: 45139 | N72: 2023年8月31日 | O72: 否 | P72: 输电管理二所 | Q72: 吴达 | R72: 杜亮鸿 | S72: 天河中心 | T72: 126 | U72: 2023-07-31 08:38:00 | V72: 2023-07-31 13:38:00 | W72: 126 | X72: 126 | Y72: 1 | Z72: 1 | AB72: JH030120230112-009051 | AC72: 已完成 | AH72: =IF(N72="2023年01月","2023年01月31日",IF(N72="2023年02月","2023年02月28日",IF(N72="2023年3月","2023年3月31日",IF(N72="2023年4月","2023年4月30日",IF(N72="2023年5月","2023年5月31日",IF(N72="2023年6月","2023年6月30日",IF(N72="2023年7月","2023年7月31日",IF(N72="2023年8月","2023年8月31日",IF(N72="2023年9月","2023年9月30日",IF(N72="2023年10月","2023年10月31日",IF(N72="2023年11月","2023年11月30日",IF(N72="2023年12月","2023年12月31日")))))))))))) -> FALSE
A73: 70 | B73: 预试 | C73: 考核 | D73: 220kV | E73: 重要（7-9月） | F73: 木科甲线 | G73: 导、地线连接位置 | H73: 耐张线夹：#01、#02、#03、#04、#06、#07、#08、#09、#10、#12、#13、#15、#17、#19、#21、#24、#28、#33、#34、#40、#42、#43、#44、#45、#46、#48、#49、#50、#52、#53 | L73: 30 | M73: 45139 | N73: 2023年8月31日 | O73: 否 | P73: 输电管理二所 | Q73: 吴达 | R73: 杜亮鸿 | S73: 天河中心 | T73: 30 | U73: 2023-07-31 08:38:00 | V73: 2023-07-31 13:38:00 | W73: 30 | X73: 30 | Y73: 1 | Z73: 1 | AB73: JH030120230112-009051 | AC73: 已完成 | AH73: =IF(N73="2023年01月","2023年01月31日",IF(N73="2023年02月","2023年02月28日",IF(N73="2023年3月","2023年3月31日",IF(N73="2023年4月","2023年4月30日",IF(N73="2023年5月","2023年5月31日",IF(N73="2023年6月","2023年6月30日",IF(N73="2023年7月","2023年7月31日",IF(N73="2023年8月","2023年8月31日",IF(N73="2023年9月","2023年9月30日",IF(N73="2023年10月","2023年10月31日",IF(N73="2023年11月","2023年11月30日",IF(N73="2023年12月","2023年12月31日")))))))))))) -> FALSE
A74: 71 | B74: 预试 | C74: 考核 | D74: 220kV | E74: 重要（7-9月） | F74: 木科甲线 | G74: 导、地线连接位置 | H74: 接续管或预绞丝：#19-#20（C相）、#19-#20（A相）、#25-#26（B相）、#25-#26（C相）、#25-#26（A相）、#28-#29（A相）、#31-#32（B相）、#33-#34（C相）、#35-#36（A相）、#39-#40（C相）、#39-#40（B相）、#50-#51（C相） | L74: 12 | M74: 45139 | N74: 2023年8月31日 | O74: 否 | P74: 输电管理二所 | Q74: 吴达 | R74: 杜亮鸿 | S74: 天河中心 | T74: 12 | U74: 2023-07-31 08:38:00 | V74: 2023-07-31 13:38:00 | W74: 12 | X74: 12 | Y74: 1 | Z74: 1 | AB74: JH030120230112-009051 | AC74: 已完成 | AH74: =IF(N74="2023年01月","2023年01月31日",IF(N74="2023年02月","2023年02月28日",IF(N74="2023年3月","2023年3月31日",IF(N74="2023年4月","2023年4月30日",IF(N74="2023年5月","2023年5月31日",IF(N74="2023年6月","2023年6月30日",IF(N74="2023年7月","2023年7月31日",IF(N74="2023年8月","2023年8月31日",IF(N74="2023年9月","2023年9月30日",IF(N74="2023年10月","2023年10月31日",IF(N74="2023年11月","2023年11月30日",IF(N74="2023年12月","2023年12月31日")))))))))))) -> FALSE
A75: 72 | B75: 预试 | C75: 考核 | D75: 220kV | E75: 重要（7-9月） | F75: 木科乙线 | G75: 机巡区复合绝缘子 | H75: #11、#14、#16、#18、#20、#22、#23、#25、#26、#27、#29、#30、#31、#32、#35、#36、#37、#38、#39、#41、#47、#48、#49、#5、#52 | I75: 25 | J75: 132 | K75: 20 | M75: 45139 | N75: 2023年8月31日 | O75: 否 | P75: 输电管理二所 | Q75: 吴达 | R75: 杜亮鸿 | S75: 天河中心 | T75: 132 | U75: 2023-07-31 08:38:00 | V75: 2023-07-31 13:38:00 | W75: 132 | X75: 132 | Y75: 1 | Z75: 1 | AB75: JH030120230112-009051 | AC75: 已完成 | AH75: =IF(N75="2023年01月","2023年01月31日",IF(N75="2023年02月","2023年02月28日",IF(N75="2023年3月","2023年3月31日",IF(N75="2023年4月","2023年4月30日",IF(N75="2023年5月","2023年5月31日",IF(N75="2023年6月","2023年6月30日",IF(N75="2023年7月","2023年7月31日",IF(N75="2023年8月","2023年8月31日",IF(N75="2023年9月","2023年9月30日",IF(N75="2023年10月","2023年10月31日",IF(N75="2023年11月","2023年11月30日",IF(N75="2023年12月","2023年12月31日")))))))))))) -> FALSE
A76: 73 | B76: 预试 | C76: 考核 | D76: 220kV | E76: 重要（7-9月） | F76: 木科乙线 | G76: 导、地线连接位置 | H76: 耐张线夹：#01、#02、#03、#04、#06、#07、#08、#09、#10、#12、#13、#15、#17、#19、#21、#24、#28、#33、#34、#40、#42、#43、#44、#45、#46、#48、#49、#50、#52、#53 | L76: 30 | M76: 45139 | N76: 2023年8月31日 | O76: 否 | P76: 输电管理二所 | Q76: 吴达 | R76: 杜亮鸿 | S76: 天河中心 | T76: 30 | U76: 2023-07-31 08:38:00 | V76: 2023-07-31 13:38:00 | W76: 30 | X76: 30 | Y76: 1 | Z76: 1 | AB76: JH030120230112-009051 | AC76: 已完成 | AH76: =IF(N76="2023年01月","2023年01月31日",IF(N76="2023年02月","2023年02月28日",IF(N76="2023年3月","2023年3月31日",IF(N76="2023年4月","2023年4月30日",IF(N76="2023年5月","2023年5月31日",IF(N76="2023年6月","2023年6月30日",IF(N76="2023年7月","2023年7月31日",IF(N76="2023年8月","2023年8月31日",IF(N76="2023年9月","2023年9月30日",IF(N76="2023年10月","2023年10月31日",IF(N76="2023年11月","2023年11月30日",IF(N76="2023年12月","2023年12月31日")))))))))))) -> FALSE
A77: 74 | B77: 预试 | C77: 考核 | D77: 220kV | E77: 重要（7-9月） | F77: 木科乙线 | G77: 导、地线连接位置 | H77: 接续管或预绞丝：19-#20（A相）、#19-#20（B相）、#19-#20（C相）、#25-#26（C相）、#25-#26（A相）、#25-#26（B相）、#30-#31（C相）、#32-#33（A相）、#39-#40（A相）、#39-#40（C相） | L77: 10 | M77: 45139 | N77: 2023年8月31日 | O77: 否 | P77: 输电管理二所 | Q77: 吴达 | R77: 杜亮鸿 | S77: 天河中心 | T77: 10 | U77: 2023-07-31 08:38:00 | V77: 2023-07-31 13:38:00 | W77: 10 | X77: 10 | Y77: 1 | Z77: 1 | AB77: JH030120230112-009051 | AC77: 已完成 | AH77: =IF(N77="2023年01月","2023年01月31日",IF(N77="2023年02月","2023年02月28日",IF(N77="2023年3月","2023年3月31日",IF(N77="2023年4月","2023年4月30日",IF(N77="2023年5月","2023年5月31日",IF(N77="2023年6月","2023年6月30日",IF(N77="2023年7月","2023年7月31日",IF(N77="2023年8月","2023年8月31日",IF(N77="2023年9月","2023年9月30日",IF(N77="2023年10月","2023年10月31日",IF(N77="2023年11月","2023年11月30日",IF(N77="2023年12月","2023年12月31日")))))))))))) -> FALSE
A78: 75 | B78: 预试 | C78: 考核 | D78: 220kV | E78: 一般（7-9月为关键线路） | F78: 木凯甲线 | G78: 机巡区复合绝缘子 | H78: #3、#4、#7、#10、#11、#13、#14、#17、#18、#20、#21、#22、#23、#26、#28、#29、#30、#31、#32、#33、#42、#43、#44、#46、#48、#50、#51、#52、#53、#54、#55、#57、#58、#59、#60、#61、#62、#63、#64、#66、#69 | I78: 41 | J78: 168 | K78: 20 | M78: 45108 | N78: 2023年7月31日 | O78: 否 | P78: 输电管理二所 | Q78: 吴达 | R78: 孔盛权 | S78: 天河中心 | T78: 168 | U78: 2023-07-28 08:45:00 | V78: 2023-07-28 15:30:00 | W78: 168 | X78: 168 | Y78: 1 | Z78: 1 | AB78: JH030120230112-008907 | AC78: 已完成 | AH78: =IF(N78="2023年01月","2023年01月31日",IF(N78="2023年02月","2023年02月28日",IF(N78="2023年3月","2023年3月31日",IF(N78="2023年4月","2023年4月30日",IF(N78="2023年5月","2023年5月31日",IF(N78="2023年6月","2023年6月30日",IF(N78="2023年7月","2023年7月31日",IF(N78="2023年8月","2023年8月31日",IF(N78="2023年9月","2023年9月30日",IF(N78="2023年10月","2023年10月31日",IF(N78="2023年11月","2023年11月30日",IF(N78="2023年12月","2023年12月31日")))))))))))) -> FALSE
A79: 76 | B79: 预试 | C79: 考核 | D79: 220kV | E79: 一般（7-9月为关键线路） | F79: 木凯甲线 | G79: 禁飞区复合绝缘子 | H79: #70、#71、#74、#75、#77、#81、#83、#86、#90、#91、#93、#94、#95、#97、#98、#99、#100、#101、#102、#105、#106、#107、#110、#111、#112、#114、#115、#118、#119、#120、#121（抽检#75、#81） | I79: 2 | J79: 12 | K79: 20 | M79: 45108 | N79: 2023年7月31日 | O79: 否 | P79: 输电管理二所 | Q79: 吴达 | R79: 孔盛权 | S79: 天河中心 | T79: 12 | U79: 2023-07-28 08:45:00 | V79: 2023-07-28 15:30:00 | W79: 12 | X79: 12 | Y79: 1 | Z79: 1 | AB79: JH030120230112-008907 | AC79: 已完成 | AH79: =IF(N79="2023年01月","2023年01月31日",IF(N79="2023年02月","2023年02月28日",IF(N79="2023年3月","2023年3月31日",IF(N79="2023年4月","2023年4月30日",IF(N79="2023年5月","2023年5月31日",IF(N79="2023年6月","2023年6月30日",IF(N79="2023年7月","2023年7月31日",IF(N79="2023年8月","2023年8月31日",IF(N79="2023年9月","2023年9月30日",IF(N79="2023年10月","2023年10月31日",IF(N79="2023年11月","2023年11月30日",IF(N79="2023年12月","2023年12月31日")))))))))))) -> FALSE
A80: 77 | B80: 预试 | C80: 考核 | D80: 220kV | E80: 一般（7-9月为关键线路） | F80: 木凯甲线 | G80: 导、地线连接位置 | H80: 耐张线夹：#01、#02、#03、#05、#06、#07、#08、#09、#10、#12、#15、#16、#17、#19、#22、#24、#25、#27、#32、#33、#34、#35、#37、#40、#42、#43、#45、#46、#47、#49、#52、#53、#56、#57、#61、#65、#67、#68、#69、#70、#71、#72、#73、#76、#77、#78、#79、#80、#82、#83、#84、#85、#87、#88、#89、#90、#92、#96、#102、#103、#104、#105、#106、#108、#109、#113、#116、#117、#121 | L80: 68 | M80: 45108 | N80: 2023年7月31日 | O80: 否 | P80: 输电管理二所 | Q80: 吴达 | R80: 孔盛权 | S80: 天河中心 | T80: 68 | U80: 2023-07-28 08:45:00 | V80: 2023-07-28 15:30:00 | W80: 68 | X80: 68 | Y80: 1 | Z80: 1 | AB80: JH030120230112-008907 | AC80: 已完成 | AH80: =IF(N80="2023年01月","2023年01月31日",IF(N80="2023年02月","2023年02月28日",IF(N80="2023年3月","2023年3月31日",IF(N80="2023年4月","2023年4月30日",IF(N80="2023年5月","2023年5月31日",IF(N80="2023年6月","2023年6月30日",IF(N80="2023年7月","2023年7月31日",IF(N80="2023年8月","2023年8月31日",IF(N80="2023年9月","2023年9月30日",IF(N80="2023年10月","2023年10月31日",IF(N80="2023年11月","2023年11月30日",IF(N80="2023年12月","2023年12月31日")))))))))))) -> FALSE
A81: 78 | B81: 预试 | C81: 考核 | D81: 220kV | E81: 一般（7-9月为关键线路） | F81: 木凯甲线 | G81: 导、地线连接位置 | H81: 接续管或预绞丝：#27-#28（A相）、#50-#51（地线）、#62-#63（A相）、#62-#63（B相）、#62-#63（C相）、#75-#76（A相）、#93-#94（B相）、#97-#98（A相）、#99-#100（C相）、#102-#103（A相） | L81: 10 | M81: 45108 | N81: 2023年7月31日 | O81: 否 | P81: 输电管理二所 | Q81: 吴达 | R81: 孔盛权 | S81: 天河中心 | T81: 10 | U81: 2023-07-28 08:45:00 | V81: 2023-07-28 15:30:00 | W81: 10 | X81: 10 | Y81: 1 | Z81: 1 | AB81: JH030120230112-008907 | AC81: 已完成 | AH81: =IF(N81="2023年01月","2023年01月31日",IF(N81="2023年02月","2023年02月28日",IF(N81="2023年3月","2023年3月31日",IF(N81="2023年4月","2023年4月30日",IF(N81="2023年5月","2023年5月31日",IF(N81="2023年6月","2023年6月30日",IF(N81="2023年7月","2023年7月31日",IF(N81="2023年8月","2023年8月31日",IF(N81="2023年9月","2023年9月30日",IF(N81="2023年10月","2023年10月31日",IF(N81="2023年11月","2023年11月30日",IF(N81="2023年12月","2023年12月31日")))))))))))) -> FALSE
A82: 79 | B82: 预试 | C82: 考核 | D82: 220kV | E82: 一般（7-9月为关键线路） | F82: 木凯甲线 | G82: 避雷器 | H82: 避雷器测温：#37、#38、#39 | I82: 3 | J82: 9 | K82: 1 | M82: 45108 | N82: 2023年7月31日 | O82: 否 | P82: 输电管理二所 | Q82: 吴达 | R82: 孔盛权 | S82: 天河中心 | T82: 9 | U82: 2023-08-30 09:11:00 | V82: 2023-08-30 16:14:00 | W82: 9 | X82: 9 | Y82: 1 | Z82: 1 | AB82: JH030120230112-009016 | AC82: 已完成 | AH82: =IF(N82="2023年01月","2023年01月31日",IF(N82="2023年02月","2023年02月28日",IF(N82="2023年3月","2023年3月31日",IF(N82="2023年4月","2023年4月30日",IF(N82="2023年5月","2023年5月31日",IF(N82="2023年6月","2023年6月30日",IF(N82="2023年7月","2023年7月31日",IF(N82="2023年8月","2023年8月31日",IF(N82="2023年9月","2023年9月30日",IF(N82="2023年10月","2023年10月31日",IF(N82="2023年11月","2023年11月30日",IF(N82="2023年12月","2023年12月31日")))))))))))) -> FALSE
A83: 80 | B83: 预试 | C83: 考核 | D83: 220kV | E83: 一般（7-9月为关键线路） | F83: 木凯乙线 | G83: 机巡区复合绝缘子 | H83: #3、#4、#7、#10、#11、#13、#14、#17、#18、#20、#21、#22、#23、#26、#28、#29、#30、#31、#32、#33、#42、#43、#44、#46、#48、#50、#51、#52、#53、#54、#55、#57、#58、#59、#60、#61、#62、#63、#64、#66、#69 | I83: 47 | J83: 168 | K83: 20 | M83: 45108 | N83: 2023年7月31日 | O83: 否 | P83: 输电管理二所 | Q83: 吴达 | R83: 孔盛权 | S83: 天河中心 | T83: 168 | U83: 2023-07-28 08:45:00 | V83: 2023-07-28 15:30:00 | W83: 168 | X83: 168 | Y83: 1 | Z83: 1 | AB83: JH030120230112-008907 | AC83: 已完成 | AH83: =IF(N83="2023年01月","2023年01月31日",IF(N83="2023年02月","2023年02月28日",IF(N83="2023年3月","2023年3月31日",IF(N83="2023年4月","2023年4月30日",IF(N83="2023年5月","2023年5月31日",IF(N83="2023年6月","2023年6月30日",IF(N83="2023年7月","2023年7月31日",IF(N83="2023年8月","2023年8月31日",IF(N83="2023年9月","2023年9月30日",IF(N83="2023年10月","2023年10月31日",IF(N83="2023年11月","2023年11月30日",IF(N83="2023年12月","2023年12月31日")))))))))))) -> FALSE
A84: 81 | B84: 预试 | C84: 考核 | D84: 220kV | E84: 一般（7-9月为关键线路） | F84: 木凯乙线 | G84: 禁飞区复合绝缘子 | H84: #70、#71、#74、#75、#77、#81、#83、#86、#90、#91、#93、#94、#95、#97、#98、#99、#100、#101、#102、#105、#106、#107、#110、#111、#112、#114、#115、#118、#119、#120、#121（抽检#75、#81） | I84: 2 | J84: 12 | K84: 20 | M84: 45108 | N84: 2023年7月31日 | O84: 否 | P84: 输电管理二所 | Q84: 吴达 | R84: 孔盛权 | S84: 天河中心 | T84: 12 | U84: 2023-07-28 08:45:00 | V84: 2023-07-28 15:30:00 | W84: 12 | X84: 12 | Y84: 1 | Z84: 1 | AB84: JH030120230112-008907 | AC84: 已完成 | AH84: =IF(N84="2023年01月","2023年01月31日",IF(N84="2023年02月","2023年02月28日",IF(N84="2023年3月","2023年3月31日",IF(N84="2023年4月","2023年4月30日",IF(N84="2023年5月","2023年5月31日",IF(N84="2023年6月","2023年6月30日",IF(N84="2023年7月","2023年7月31日",IF(N84="2023年8月","2023年8月31日",IF(N84="2023年9月","2023年9月30日",IF(N84="2023年10月","2023年10月31日",IF(N84="2023年11月","2023年11月30日",IF(N84="2023年12月","2023年12月31日")))))))))))) -> FALSE
A85: 82 | B85: 预试 | C85: 考核 | D85: 220kV | E85: 一般（7-9月为关键线路） | F85: 木凯乙线 | G85: 导、地线连接位置 | H85: 耐张线夹：#01、#02、#03、#05、#06、#07、#08、#09、#10、#12、#15、#16、#17、#19、#22、#24、#25、#27、#32、#33、#34、#35、#37、#40、#42、#43、#45、#46、#47、#49、#52、#53、#56、#57、#61、#65、#67、#68、#69、#70、#71、#72、#73、#76、#77、#78、#79、#80、#82、#83、#84、#85、#87、#88、#89、#90、#92、#96、#102、#103、#104、#105、#106、#108、#109、#113、#116、#117、#121 | L85: 68 | M85: 45108 | N85: 2023年7月31日 | O85: 否 | P85: 输电管理二所 | Q85: 吴达 | R85: 孔盛权 | S85: 天河中心 | T85: 68 | U85: 2023-07-28 08:45:00 | V85: 2023-07-28 15:30:00 | W85: 68 | X85: 68 | Y85: 1 | Z85: 1 | AB85: JH030120230112-008907 | AC85: 已完成 | AH85: =IF(N85="2023年01月","2023年01月31日",IF(N85="2023年02月","2023年02月28日",IF(N85="2023年3月","2023年3月31日",IF(N85="2023年4月","2023年4月30日",IF(N85="2023年5月","2023年5月31日",IF(N85="2023年6月","2023年6月30日",IF(N85="2023年7月","2023年7月31日",IF(N85="2023年8月","2023年8月31日",IF(N85="2023年9月","2023年9月30日",IF(N85="2023年10月","2023年10月31日",IF(N85="2023年11月","2023年11月30日",IF(N85="2023年12月","2023年12月31日")))))))))))) -> FALSE
A86: 83 | B86: 预试 | C86: 考核 | D86: 220kV | E86: 一般（7-9月为关键线路） | F86: 木凯乙线 | G86: 导、地线连接位置 | H86: 接续管或预绞丝：#27-#28（A相）、#53-#54（C相）、#55-#56（C相）、#62-#63（A相）、#62-#63（B相）、#62-#63（C相）、#85-#86（C相）、#93-#94（C相）、#94-#95（B相）、#99-#100（A相） | L86: 10 | M86: 45108 | N86: 2023年7月31日 | O86: 否 | P86: 输电管理二所 | Q86: 吴达 | R86: 孔盛权 | S86: 天河中心 | T86: 10 | U86: 2023-07-28 08:45:00 | V86: 2023-07-28 15:30:00 | W86: 10 | X86: 10 | Y86: 1 | Z86: 1 | AB86: JH030120230112-008907 | AC86: 已完成 | AH86: =IF(N86="2023年01月","2023年01月31日",IF(N86="2023年02月","2023年02月28日",IF(N86="2023年3月","2023年3月31日",IF(N86="2023年4月","2023年4月30日",IF(N86="2023年5月","2023年5月31日",IF(N86="2023年6月","2023年6月30日",IF(N86="2023年7月","2023年7月31日",IF(N86="2023年8月","2023年8月31日",IF(N86="2023年9月","2023年9月30日",IF(N86="2023年10月","2023年10月31日",IF(N86="2023年11月","2023年11月30日",IF(N86="2023年12月","2023年12月31日")))))))))))) -> FALSE
A87: 84 | B87: 预试 | C87: 考核 | D87: 220kV | E87: 一般（7-9月为关键线路） | F87: 木凯乙线 | G87: 避雷器 | H87: 避雷器测温：#37、#38、#39 | I87: 3 | J87: 9 | K87: 1 | M87: 45108 | N87: 2023年7月31日 | O87: 否 | P87: 输电管理二所 | Q87: 吴达 | R87: 孔盛权 | S87: 天河中心 | T87: 9 | U87: 2023-08-30 09:11:00 | V87: 2023-08-30 16:14:00 | W87: 9 | X87: 9 | Y87: 1 | Z87: 1 | AB87: JH030120230112-009016 | AC87: 已完成 | AH87: =IF(N87="2023年01月","2023年01月31日",IF(N87="2023年02月","2023年02月28日",IF(N87="2023年3月","2023年3月31日",IF(N87="2023年4月","2023年4月30日",IF(N87="2023年5月","2023年5月31日",IF(N87="2023年6月","2023年6月30日",IF(N87="2023年7月","2023年7月31日",IF(N87="2023年8月","2023年8月31日",IF(N87="2023年9月","2023年9月30日",IF(N87="2023年10月","2023年10月31日",IF(N87="2023年11月","2023年11月30日",IF(N87="2023年12月","2023年12月31日")))))))))))) -> FALSE
A88: 85 | B88: 预试 | C88: 考核 | D88: 220kV | E88: 关键 | F88: 木麒甲线 | G88: 机巡区复合绝缘子 | H88: #04、#08、#11、#12、#13、#14、#15、#18、#19、#20、#21、#23、#26、#28、#29、#30、#31、#35、#36、#39、#40、#41、#42 | I88: 23 | J88: 69 | K88: 20 | M88: 44986 | N88: 2023年3月31日 | O88: 否 | P88: 输电管理二所 | Q88: 吴达 | R88: 李文兴 | S88: 天河中心 | T88: 69 | U88: 2023-02-10 08:50:00 | V88: 2023-02-10 14:20:00 | W88: 69 | X88: 69 | Y88: 1 | Z88: 1 | AB88: JH030120230112-010086 | AC88: 已完成 | AH88: =IF(N88="2023年01月","2023年01月31日",IF(N88="2023年02月","2023年02月28日",IF(N88="2023年3月","2023年3月31日",IF(N88="2023年4月","2023年4月30日",IF(N88="2023年5月","2023年5月31日",IF(N88="2023年6月","2023年6月30日",IF(N88="2023年7月","2023年7月31日",IF(N88="2023年8月","2023年8月31日",IF(N88="2023年9月","2023年9月30日",IF(N88="2023年10月","2023年10月31日",IF(N88="2023年11月","2023年11月30日",IF(N88="2023年12月","2023年12月31日")))))))))))) -> FALSE
A89: 86 | B89: 预试 | C89: 考核 | D89: 220kV | E89: 关键 | F89: 木麒甲线 | G89: 导、地线连接位置 | H89: 耐张线夹：#01、#02、#03、#05、#06、#07、#08、#09、#10、#12、#15、#16、#17、#19、#22、#24、#25、#27、#32、#33、#34、#35、#37、#38、#40、#43、#44、#46、#47、#48、#49、#50、#51、#52 | L89: 34 | M89: 44986 | N89: 2023年3月31日 | O89: 否 | P89: 输电管理二所 | Q89: 吴达 | R89: 李文兴 | S89: 天河中心 | T89: 34 | U89: 2023-02-10 08:50:00 | V89: 2023-02-10 14:20:00 | W89: 34 | X89: 34 | Y89: 1 | Z89: 1 | AB89: JH030120230112-010086 | AC89: 已完成 | AH89: =IF(N89="2023年01月","2023年01月31日",IF(N89="2023年02月","2023年02月28日",IF(N89="2023年3月","2023年3月31日",IF(N89="2023年4月","2023年4月30日",IF(N89="2023年5月","2023年5月31日",IF(N89="2023年6月","2023年6月30日",IF(N89="2023年7月","2023年7月31日",IF(N89="2023年8月","2023年8月31日",IF(N89="2023年9月","2023年9月30日",IF(N89="2023年10月","2023年10月31日",IF(N89="2023年11月","2023年11月30日",IF(N89="2023年12月","2023年12月31日")))))))))))) -> FALSE
A90: 87 | B90: 预试 | C90: 考核 | D90: 220kV | E90: 关键 | F90: 木麒甲线 | G90: 导、地线连接位置 | H90: 接续管或预绞丝：#23-#24（C相）、#27-#28（A相）、#29-#30（A相）、#39-#40（A相） | L90: 4 | M90: 44986 | N90: 2023年3月31日 | O90: 否 | P90: 输电管理二所 | Q90: 吴达 | R90: 李文兴 | S90: 天河中心 | T90: 4 | U90: 2023-02-10 08:50:00 | V90: 2023-02-10 14:20:00 | W90: 4 | X90: 4 | Y90: 1 | Z90: 1 | AB90: JH030120230112-010086 | AC90: 已完成 | AH90: =IF(N90="2023年01月","2023年01月31日",IF(N90="2023年02月","2023年02月28日",IF(N90="2023年3月","2023年3月31日",IF(N90="2023年4月","2023年4月30日",IF(N90="2023年5月","2023年5月31日",IF(N90="2023年6月","2023年6月30日",IF(N90="2023年7月","2023年7月31日",IF(N90="2023年8月","2023年8月31日",IF(N90="2023年9月","2023年9月30日",IF(N90="2023年10月","2023年10月31日",IF(N90="2023年11月","2023年11月30日",IF(N90="2023年12月","2023年12月31日")))))))))))) -> FALSE
A91: 88 | B91: 预试 | C91: 考核 | D91: 220kV | E91: 关键 | F91: 木麒甲线 | G91: 机巡区复合绝缘子 | H91: #04、#08、#11、#12、#13、#14、#15、#18、#19、#20、#21、#23、#26、#28、#29、#30、#31、#35、#36、#39、#40、#41、#42 | I91: 23 | J91: 69 | K91: 20 | M91: 45200 | N91: 2023年10月31日 | O91: 否 | P91: 输电管理二所 | Q91: 吴达 | R91: 李文兴 | S91: 天河中心 | T91: 69 | U91: 2023-10-25 08:31:00 | V91: 2023-10-25 15:31:00 | W91: 69 | X91: 69 | Y91: 1 | Z91: 1 | AB91: JH030120230112-010085 | AC91: 已完成 | AH91: =IF(N91="2023年01月","2023年01月31日",IF(N91="2023年02月","2023年02月28日",IF(N91="2023年3月","2023年3月31日",IF(N91="2023年4月","2023年4月30日",IF(N91="2023年5月","2023年5月31日",IF(N91="2023年6月","2023年6月30日",IF(N91="2023年7月","2023年7月31日",IF(N91="2023年8月","2023年8月31日",IF(N91="2023年9月","2023年9月30日",IF(N91="2023年10月","2023年10月31日",IF(N91="2023年11月","2023年11月30日",IF(N91="2023年12月","2023年12月31日")))))))))))) -> FALSE
A92: 89 | B92: 预试 | C92: 考核 | D92: 220kV | E92: 关键 | F92: 木麒甲线 | G92: 导、地线连接位置 | H92: 耐张线夹：#01、#02、#03、#05、#06、#07、#08、#09、#10、#12、#15、#16、#17、#19、#22、#24、#25、#27、#32、#33、#34、#35、#37、#38、#40、#43、#44、#46、#47、#48、#49、#50、#51、#52 | L92: 34 | M92: 45200 | N92: 2023年10月31日 | O92: 否 | P92: 输电管理二所 | Q92: 吴达 | R92: 李文兴 | S92: 天河中心 | T92: 34 | U92: 2023-10-25 08:31:00 | V92: 2023-10-25 15:31:00 | W92: 34 | X92: 34 | Y92: 1 | Z92: 1 | AB92: JH030120230112-010085 | AC92: 已完成 | AH92: =IF(N92="2023年01月","2023年01月31日",IF(N92="2023年02月","2023年02月28日",IF(N92="2023年3月","2023年3月31日",IF(N92="2023年4月","2023年4月30日",IF(N92="2023年5月","2023年5月31日",IF(N92="2023年6月","2023年6月30日",IF(N92="2023年7月","2023年7月31日",IF(N92="2023年8月","2023年8月31日",IF(N92="2023年9月","2023年9月30日",IF(N92="2023年10月","2023年10月31日",IF(N92="2023年11月","2023年11月30日",IF(N92="2023年12月","2023年12月31日")))))))))))) -> FALSE
A93: 90 | B93: 预试 | C93: 考核 | D93: 220kV | E93: 关键 | F93: 木麒甲线 | G93: 导、地线连接位置 | H93: 接续管或预绞丝：#23-#24（C相）、#27-#28（A相）、#29-#30（A相）、#39-#40（A相） | L93: 4 | M93: 45200 | N93: 2023年10月31日 | O93: 否 | P93: 输电管理二所 | Q93: 吴达 | R93: 李文兴 | S93: 天河中心 | T93: 4 | U93: 2023-10-25 08:31:00 | V93: 2023-10-25 15:31:00 | W93: 4 | X93: 4 | Y93: 1 | Z93: 1 | AB93: JH030120230112-010085 | AC93: 已完成 | AH93: =IF(N93="2023年01月","2023年01月31日",IF(N93="2023年02月","2023年02月28日",IF(N93="2023年3月","2023年3月31日",IF(N93="2023年4月","2023年4月30日",IF(N93="2023年5月","2023年5月31日",IF(N93="2023年6月","2023年6月30日",IF(N93="2023年7月","2023年7月31日",IF(N93="2023年8月","2023年8月31日",IF(N93="2023年9月","2023年9月30日",IF(N93="2023年10月","2023年10月31日",IF(N93="2023年11月","2023年11月30日",IF(N93="2023年12月","2023年12月31日")))))))))))) -> FALSE
A94: 91 | B94: 预试 | C94: 考核 | D94: 220kV | E94: 关键 | F94: 木麒乙线 | G94: 机巡区复合绝缘子 | H94: #03、#04、#07、#10、#11、#13、#14、#17、#18、#20、#21、#22、#23、#24、#26、#28、#29、#30、#31、#36、#38、#39、#41、#42、#47 | I94: 25 | J94: 75 | K94: 20 | M94: 44986 | N94: 2023年3月31日 | O94: 否 | P94: 输电管理二所 | Q94: 吴达 | R94: 李文兴 | S94: 天河中心 | T94: 75 | U94: 2023-02-10 08:50:00 | V94: 2023-02-10 14:20:00 | W94: 75 | X94: 75 | Y94: 1 | Z94: 1 | AB94: JH030120230112-010629 | AC94: 已完成 | AH94: =IF(N94="2023年01月","2023年01月31日",IF(N94="2023年02月","2023年02月28日",IF(N94="2023年3月","2023年3月31日",IF(N94="2023年4月","2023年4月30日",IF(N94="2023年5月","2023年5月31日",IF(N94="2023年6月","2023年6月30日",IF(N94="2023年7月","2023年7月31日",IF(N94="2023年8月","2023年8月31日",IF(N94="2023年9月","2023年9月30日",IF(N94="2023年10月","2023年10月31日",IF(N94="2023年11月","2023年11月30日",IF(N94="2023年12月","2023年12月31日")))))))))))) -> FALSE
A95: 92 | B95: 预试 | C95: 考核 | D95: 220kV | E95: 关键 | F95: 木麒乙线 | G95: 导、地线连接位置 | H95: 耐张线夹：#01、#02、#03、#05、#06、#07、#08、#09、#10、#12、#15、#16、#17、#19、#22、#24、#25、#27、#32、#33、#34、#35、#37、#38、#40、#43、#44、#46、#47、#48、#49、#50、#51、#52 | L95: 34 | M95: 44986 | N95: 2023年3月31日 | O95: 否 | P95: 输电管理二所 | Q95: 吴达 | R95: 李文兴 | S95: 天河中心 | T95: 34 | U95: 2023-02-10 08:50:00 | V95: 2023-02-10 14:20:00 | W95: 34 | X95: 34 | Y95: 1 | Z95: 1 | AB95: JH030120230112-010629 | AC95: 已完成 | AH95: =IF(N95="2023年01月","2023年01月31日",IF(N95="2023年02月","2023年02月28日",IF(N95="2023年3月","2023年3月31日",IF(N95="2023年4月","2023年4月30日",IF(N95="2023年5月","2023年5月31日",IF(N95="2023年6月","2023年6月30日",IF(N95="2023年7月","2023年7月31日",IF(N95="2023年8月","2023年8月31日",IF(N95="2023年9月","2023年9月30日",IF(N95="2023年10月","2023年10月31日",IF(N95="2023年11月","2023年11月30日",IF(N95="2023年12月","2023年12月31日")))))))))))) -> FALSE
A96: 93 | B96: 预试 | C96: 考核 | D96: 220kV | E96: 关键 | F96: 木麒乙线 | G96: 导、地线连接位置 | H96: 接续管或预绞丝：#22-#23（C相）、#39-#40（C相） | L96: 2 | M96: 44986 | N96: 2023年3月31日 | O96: 否 | P96: 输电管理二所 | Q96: 吴达 | R96: 李文兴 | S96: 天河中心 | T96: 2 | U96: 2023-02-10 08:50:00 | V96: 2023-02-10 14:20:00 | W96: 2 | X96: 2 | Y96: 1 | Z96: 1 | AB96: JH030120230112-010629 | AC96: 已完成 | AH96: =IF(N96="2023年01月","2023年01月31日",IF(N96="2023年02月","2023年02月28日",IF(N96="2023年3月","2023年3月31日",IF(N96="2023年4月","2023年4月30日",IF(N96="2023年5月","2023年5月31日",IF(N96="2023年6月","2023年6月30日",IF(N96="2023年7月","2023年7月31日",IF(N96="2023年8月","2023年8月31日",IF(N96="2023年9月","2023年9月30日",IF(N96="2023年10月","2023年10月31日",IF(N96="2023年11月","2023年11月30日",IF(N96="2023年12月","2023年12月31日")))))))))))) -> FALSE
A97: 94 | B97: 预试 | C97: 考核 | D97: 220kV | E97: 关键 | F97: 木麒乙线 | G97: 机巡区复合绝缘子 | H97: #03、#04、#07、#10、#11、#13、#14、#17、#18、#20、#21、#22、#23、#24、#26、#28、#29、#30、#31、#36、#38、#39、#41、#42、#47 | I97: 25 | J97: 75 | K97: 20 | M97: 45200 | N97: 2023年10月31日 | O97: 否 | P97: 输电管理二所 | Q97: 吴达 | R97: 李文兴 | S97: 天河中心 | T97: 75 | U97: 2023-10-25 08:37:00 | V97: 2023-10-25 15:37:00 | W97: 75 | X97: 75 | Y97: 1 | Z97: 1 | AB97: JH030120230112-010153 | AC97: 已完成 | AH97: =IF(N97="2023年01月","2023年01月31日",IF(N97="2023年02月","2023年02月28日",IF(N97="2023年3月","2023年3月31日",IF(N97="2023年4月","2023年4月30日",IF(N97="2023年5月","2023年5月31日",IF(N97="2023年6月","2023年6月30日",IF(N97="2023年7月","2023年7月31日",IF(N97="2023年8月","2023年8月31日",IF(N97="2023年9月","2023年9月30日",IF(N97="2023年10月","2023年10月31日",IF(N97="2023年11月","2023年11月30日",IF(N97="2023年12月","2023年12月31日")))))))))))) -> FALSE
A98: 95 | B98: 预试 | C98: 考核 | D98: 220kV | E98: 关键 | F98: 木麒乙线 | G98: 导、地线连接位置 | H98: 耐张线夹：#01、#02、#03、#05、#06、#07、#08、#09、#10、#12、#15、#16、#17、#19、#22、#24、#25、#27、#32、#33、#34、#35、#37、#38、#40、#43、#44、#46、#47、#48、#49、#50、#51、#52 | L98: 34 | M98: 45200 | N98: 2023年10月31日 | O98: 否 | P98: 输电管理二所 | Q98: 吴达 | R98: 李文兴 | S98: 天河中心 | T98: 34 | U98: 2023-10-25 08:37:00 | V98: 2023-10-25 15:37:00 | W98: 34 | X98: 34 | Y98: 1 | Z98: 1 | AB98: JH030120230112-010153 | AC98: 已完成 | AH98: =IF(N98="2023年01月","2023年01月31日",IF(N98="2023年02月","2023年02月28日",IF(N98="2023年3月","2023年3月31日",IF(N98="2023年4月","2023年4月30日",IF(N98="2023年5月","2023年5月31日",IF(N98="2023年6月","2023年6月30日",IF(N98="2023年7月","2023年7月31日",IF(N98="2023年8月","2023年8月31日",IF(N98="2023年9月","2023年9月30日",IF(N98="2023年10月","2023年10月31日",IF(N98="2023年11月","2023年11月30日",IF(N98="2023年12月","2023年12月31日")))))))))))) -> FALSE
A99: 96 | B99: 预试 | C99: 考核 | D99: 220kV | E99: 关键 | F99: 木麒乙线 | G99: 导、地线连接位置 | H99: 接续管或预绞丝：#22-#23（C相）、#39-#40（C相） | L99: 2 | M99: 45200 | N99: 2023年10月31日 | O99: 否 | P99: 输电管理二所 | Q99: 吴达 | R99: 李文兴 | S99: 天河中心 | T99: 2 | U99: 2023-10-25 08:37:00 | V99: 2023-10-25 15:37:00 | W99: 2 | X99: 2 | Y99: 1 | Z99: 1 | AB99: JH030120230112-010153 | AC99: 已完成 | AH99: =IF(N99="2023年01月","2023年01月31日",IF(N99="2023年02月","2023年02月28日",IF(N99="2023年3月","2023年3月31日",IF(N99="2023年4月","2023年4月30日",IF(N99="2023年5月","2023年5月31日",IF(N99="2023年6月","2023年6月30日",IF(N99="2023年7月","2023年7月31日",IF(N99="2023年8月","2023年8月31日",IF(N99="2023年9月","2023年9月30日",IF(N99="2023年10月","2023年10月31日",IF(N99="2023年11月","2023年11月30日",IF(N99="2023年12月","2023年12月31日")))))))))))) -> FALSE
A100: 97 | B100: 预试 | C100: 考核 | D100: 220kV | E100: 关键 | F100: 木犀甲线 | G100: 机巡区复合绝缘子 | H100: #04、#08、#11、#12、#13、#14、#15、#18、#19、#20、#21、#24、#25、#27、#29、#30、#31、#36、#39、#40、#41、#42 | I100: 18 | J100: 66 | K100: 20 | M100: 44986 | N100: 2023年3月31日 | O100: 否 | P100: 输电管理二所 | Q100: 吴达 | R100: 李文兴 | S100: 天河中心 | T100: 66 | U100: 2023-04-27 08:32:00 | V100: 2023-04-27 15:51:00 | W100: 66 | X100: 66 | Y100: 1 | Z100: 1 | AA100: 直升机精巡计划3月份未开展，另外有其他线路的大负荷测试任务。4-5月份开展完成 | AB100: JH030120230112-010680 | AC100: 已完成 | AH100: =IF(N100="2023年01月","2023年01月31日",IF(N100="2023年02月","2023年02月28日",IF(N100="2023年3月","2023年3月31日",IF(N100="2023年4月","2023年4月30日",IF(N100="2023年5月","2023年5月31日",IF(N100="2023年6月","2023年6月30日",IF(N100="2023年7月","2023年7月31日",IF(N100="2023年8月","2023年8月31日",IF(N100="2023年9月","2023年9月30日",IF(N100="2023年10月","2023年10月31日",IF(N100="2023年11月","2023年11月30日",IF(N100="2023年12月","2023年12月31日")))))))))))) -> FALSE
...

Sheet 2、架空线路接地电阻测试
A1: 输电管理二所2023年接地电阻测试计划
A2: 序号 | B2: 工作类型 | C2: 计划类型 | D2: 电压等级 | E2: 线路重要度 | F2: 线路名称 | G2: 线路段 | H2: 工作计划 | I2: 杆塔数量（基） | J2: 计划开始日期 | K2: 计划结束日期 | L2: 是否停电 | M2: 责任单位 | N2: 中心负责人 | O2: 线路专责人 | P2: 责任中心 | Q2: 计划完成数 | R2: 实际开始日期(自动计算） | S2: 实际结束日期(自动计算） | T2: 实际完成数 (自动计算） | U2: 合格数量 (自动计算） | V2: 完成率 (自动计算） | W2: 合格率 (自动计算） | X2: 备注（异常情况、未按时完成原因） | Y2: 对应系统中计划编号 | Z2: 对应系统中计划状态 | AA2: 问题 | AB2: 提醒 | AC2: 中心反馈
A3: 1 | B3: 预试 | C3: 考核 | D3: 500kV | E3: 关键 | F3: 从科甲线 | G3: 进出段：#01-#03、#114-#118 中间段：#04-#113 | H3: 进出段：#01-#03、#114-#118 | I3: 8 | J3: 44986 | K3: 2023年3月31日 | L3: 否 | M3: 输电管理二所 | N3: 吴达 | O3: 甘永叶 | P3: 天河中心 | Q3: 8 | R3: 2023-03-22 08:28:00 | S3: 2023-03-22 12:39:00 | T3: 8 | U3: 8 | V3: 1 | W3: 1 | Y3: JH030120230112-011824 | Z3: 已完成 | AA3: 无 | AD3: =IF(J3="2023年01月","2023年01月01日",IF(J3="2023年02月","2023年02月01日",IF(J3="2023年3月","2023年3月1日",IF(J3="2023年4月","2023年4月1日",IF(J3="2023年5月","2023年5月1日",IF(J3="2023年6月","2023年6月1日",IF(J3="2023年7月","2023年7月1日",IF(J3="2023年8月","2023年8月1日",IF(J3="2023年9月","2023年9月1日",IF(J3="2023年10月","2023年10月1日",IF(J3="2023年11月","2023年11月1日",IF(J3="2023年12月","2023年12月1日")))))))))))) -> FALSE | AE3: =IF(K3="2023年01月","2023年01月31日",IF(K3="2023年02月","2023年02月28日",IF(K3="2023年3月","2023年3月31日",IF(K3="2023年4月","2023年4月30日",IF(K3="2023年5月","2023年5月31日",IF(K3="2023年6月","2023年6月30日",IF(K3="2023年7月","2023年7月31日",IF(K3="2023年8月","2023年8月31日",IF(K3="2023年9月","2023年9月30日",IF(K3="2023年10月","2023年10月31日",IF(K3="2023年11月","2023年11月30日",IF(K3="2023年12月","2023年12月31日")))))))))))) -> FALSE
A4: 2 | B4: 预试 | C4: 考核 | D4: 500kV | E4: 关键 | F4: 从科乙线 | G4: 进出段：#01-#03、#114-#118 中间段：#04-#113 | H4: 进出段：#01-#03、#114-#118 | I4: 8 | J4: 44986 | K4: 2023年3月31日 | L4: 否 | M4: 输电管理二所 | N4: 吴达 | O4: 甘永叶 | P4: 天河中心 | Q4: 8 | R4: 2023-03-22 08:28:00 | S4: 2023-03-22 12:39:00 | T4: 8 | U4: 8 | V4: 1 | W4: 1 | Y4: JH030120230112-011824 | Z4: 已完成 | AA4: 无 | AD4: =IF(J4="2023年01月","2023年01月01日",IF(J4="2023年02月","2023年02月01日",IF(J4="2023年3月","2023年3月1日",IF(J4="2023年4月","2023年4月1日",IF(J4="2023年5月","2023年5月1日",IF(J4="2023年6月","2023年6月1日",IF(J4="2023年7月","2023年7月1日",IF(J4="2023年8月","2023年8月1日",IF(J4="2023年9月","2023年9月1日",IF(J4="2023年10月","2023年10月1日",IF(J4="2023年11月","2023年11月1日",IF(J4="2023年12月","2023年12月1日")))))))))))) -> FALSE | AE4: =IF(K4="2023年01月","2023年01月31日",IF(K4="2023年02月","2023年02月28日",IF(K4="2023年3月","2023年3月31日",IF(K4="2023年4月","2023年4月30日",IF(K4="2023年5月","2023年5月31日",IF(K4="2023年6月","2023年6月30日",IF(K4="2023年7月","2023年7月31日",IF(K4="2023年8月","2023年8月31日",IF(K4="2023年9月","2023年9月30日",IF(K4="2023年10月","2023年10月31日",IF(K4="2023年11月","2023年11月30日",IF(K4="2023年12月","2023年12月31日")))))))))))) -> FALSE
A5: 3 | B5: 预试 | C5: 考核 | D5: 500kV | E5: 关键 | F5: 科木甲线 | G5: 进出段：#01-#05、#27-#29 中间段：#06-#26 | H5: 进出段：#01-#05、#27-#29 | I5: 8 | J5: 44986 | K5: 2023年3月31日 | L5: 否 | M5: 输电管理二所 | N5: 吴达 | O5: 甘永叶 | P5: 天河中心 | Q5: 8 | R5: 2023-03-22 08:37:00 | S5: 2023-03-22 12:37:00 | T5: 8 | U5: 8 | V5: 1 | W5: 1 | Y5: JH030120230112-011956 | Z5: 已完成 | AA5: 无 | AD5: =IF(J5="2023年01月","2023年01月01日",IF(J5="2023年02月","2023年02月01日",IF(J5="2023年3月","2023年3月1日",IF(J5="2023年4月","2023年4月1日",IF(J5="2023年5月","2023年5月1日",IF(J5="2023年6月","2023年6月1日",IF(J5="2023年7月","2023年7月1日",IF(J5="2023年8月","2023年8月1日",IF(J5="2023年9月","2023年9月1日",IF(J5="2023年10月","2023年10月1日",IF(J5="2023年11月","2023年11月1日",IF(J5="2023年12月","2023年12月1日")))))))))))) -> FALSE | AE5: =IF(K5="2023年01月","2023年01月31日",IF(K5="2023年02月","2023年02月28日",IF(K5="2023年3月","2023年3月31日",IF(K5="2023年4月","2023年4月30日",IF(K5="2023年5月","2023年5月31日",IF(K5="2023年6月","2023年6月30日",IF(K5="2023年7月","2023年7月31日",IF(K5="2023年8月","2023年8月31日",IF(K5="2023年9月","2023年9月30日",IF(K5="2023年10月","2023年10月31日",IF(K5="2023年11月","2023年11月30日",IF(K5="2023年12月","2023年12月31日")))))))))))) -> FALSE
A6: 4 | B6: 预试 | C6: 考核 | D6: 500kV | E6: 关键 | F6: 科木乙线 | G6: 进出段：#01-#05、#27-#29 中间段：#06-#26 | H6: 进出段：#01-#05、#27-#29 | I6: 8 | J6: 44986 | K6: 2023年3月31日 | L6: 否 | M6: 输电管理二所 | N6: 吴达 | O6: 甘永叶 | P6: 天河中心 | Q6: 8 | R6: 2023-03-22 08:37:00 | S6: 2023-03-22 12:37:00 | T6: 8 | U6: 8 | V6: 1 | W6: 1 | Y6: JH030120230112-011956 | Z6: 已完成 | AA6: 无 | AD6: =IF(J6="2023年01月","2023年01月01日",IF(J6="2023年02月","2023年02月01日",IF(J6="2023年3月","2023年3月1日",IF(J6="2023年4月","2023年4月1日",IF(J6="2023年5月","2023年5月1日",IF(J6="2023年6月","2023年6月1日",IF(J6="2023年7月","2023年7月1日",IF(J6="2023年8月","2023年8月1日",IF(J6="2023年9月","2023年9月1日",IF(J6="2023年10月","2023年10月1日",IF(J6="2023年11月","2023年11月1日",IF(J6="2023年12月","2023年12月1日")))))))))))) -> FALSE | AE6: =IF(K6="2023年01月","2023年01月31日",IF(K6="2023年02月","2023年02月28日",IF(K6="2023年3月","2023年3月31日",IF(K6="2023年4月","2023年4月30日",IF(K6="2023年5月","2023年5月31日",IF(K6="2023年6月","2023年6月30日",IF(K6="2023年7月","2023年7月31日",IF(K6="2023年8月","2023年8月31日",IF(K6="2023年9月","2023年9月30日",IF(K6="2023年10月","2023年10月31日",IF(K6="2023年11月","2023年11月30日",IF(K6="2023年12月","2023年12月31日")))))))))))) -> FALSE
A7: 5 | B7: 预试 | C7: 考核 | D7: 500kV | E7: 关键 | F7: 从木丙线 | G7: 进出段：#01-#03、#135-#137 中间段：#04-#134 | H7: 进出段：#01-#03、#135-#137 | I7: 6 | J7: 44986 | K7: 2023年3月31日 | L7: 否 | M7: 输电管理二所 | N7: 吴达 | O7: 朱常镇 | P7: 天河中心 | Q7: 6 | R7: 2023-04-13 08:45:00 | S7: 2023-04-13 16:14:00 | T7: 6 | U7: 6 | V7: 1 | W7: 1 | Y7: JH030120230112-011840 | Z7: 已完成 | AA7: =IF(Y7="无","未匹配到系统工单信息",IF(Z7="已完成","无",Z7)) -> 无 | AD7: =IF(J7="2023年01月","2023年01月01日",IF(J7="2023年02月","2023年02月01日",IF(J7="2023年3月","2023年3月1日",IF(J7="2023年4月","2023年4月1日",IF(J7="2023年5月","2023年5月1日",IF(J7="2023年6月","2023年6月1日",IF(J7="2023年7月","2023年7月1日",IF(J7="2023年8月","2023年8月1日",IF(J7="2023年9月","2023年9月1日",IF(J7="2023年10月","2023年10月1日",IF(J7="2023年11月","2023年11月1日",IF(J7="2023年12月","2023年12月1日")))))))))))) -> FALSE | AE7: =IF(K7="2023年01月","2023年01月31日",IF(K7="2023年02月","2023年02月28日",IF(K7="2023年3月","2023年3月31日",IF(K7="2023年4月","2023年4月30日",IF(K7="2023年5月","2023年5月31日",IF(K7="2023年6月","2023年6月30日",IF(K7="2023年7月","2023年7月31日",IF(K7="2023年8月","2023年8月31日",IF(K7="2023年9月","2023年9月30日",IF(K7="2023年10月","2023年10月31日",IF(K7="2023年11月","2023年11月30日",IF(K7="2023年12月","2023年12月31日")))))))))))) -> FALSE
A8: 6 | B8: 预试 | C8: 考核 | D8: 500kV | E8: 关键 | F8: 从木丁线 | G8: 进出段：#01-#03、#135-#137 中间段：#04-#134 | H8: 进出段：#01-#03、#135-#137 | I8: 6 | J8: 44986 | K8: 2023年3月31日 | L8: 否 | M8: 输电管理二所 | N8: 吴达 | O8: 朱常镇 | P8: 天河中心 | Q8: 6 | R8: 2023-04-13 08:45:00 | S8: 2023-04-13 16:14:00 | T8: 6 | U8: 6 | V8: 1 | W8: 1 | Y8: JH030120230112-011840 | Z8: 已完成 | AA8: =IF(Y8="无","未匹配到系统工单信息",IF(Z8="已完成","无",Z8)) -> 无 | AD8: =IF(J8="2023年01月","2023年01月01日",IF(J8="2023年02月","2023年02月01日",IF(J8="2023年3月","2023年3月1日",IF(J8="2023年4月","2023年4月1日",IF(J8="2023年5月","2023年5月1日",IF(J8="2023年6月","2023年6月1日",IF(J8="2023年7月","2023年7月1日",IF(J8="2023年8月","2023年8月1日",IF(J8="2023年9月","2023年9月1日",IF(J8="2023年10月","2023年10月1日",IF(J8="2023年11月","2023年11月1日",IF(J8="2023年12月","2023年12月1日")))))))))))) -> FALSE | AE8: =IF(K8="2023年01月","2023年01月31日",IF(K8="2023年02月","2023年02月28日",IF(K8="2023年3月","2023年3月31日",IF(K8="2023年4月","2023年4月30日",IF(K8="2023年5月","2023年5月31日",IF(K8="2023年6月","2023年6月30日",IF(K8="2023年7月","2023年7月31日",IF(K8="2023年8月","2023年8月31日",IF(K8="2023年9月","2023年9月30日",IF(K8="2023年10月","2023年10月31日",IF(K8="2023年11月","2023年11月30日",IF(K8="2023年12月","2023年12月31日")))))))))))) -> FALSE
A9: 7 | B9: 预试 | C9: 考核 | D9: 220kV | E9: 关键 | F9: 木村甲线 | G9: 进出段：#01-#03、#103-#105 中间段：#04-#102 | H9: 进出段：#01-#03、#103-#105 | I9: 6 | J9: 44986 | K9: 2023年3月31日 | L9: 否 | M9: 输电管理二所 | N9: 吴达 | O9: 梁乔云 | P9: 天河中心 | Q9: 6 | R9: 2023-03-03 08:50:00 | S9: 2023-03-03 14:50:00 | T9: 6 | U9: 6 | V9: 1 | W9: 1 | Y9: JH030120230113-010189 | Z9: 已完成 | AA9: 无 | AD9: =IF(J9="2023年01月","2023年01月01日",IF(J9="2023年02月","2023年02月01日",IF(J9="2023年3月","2023年3月1日",IF(J9="2023年4月","2023年4月1日",IF(J9="2023年5月","2023年5月1日",IF(J9="2023年6月","2023年6月1日",IF(J9="2023年7月","2023年7月1日",IF(J9="2023年8月","2023年8月1日",IF(J9="2023年9月","2023年9月1日",IF(J9="2023年10月","2023年10月1日",IF(J9="2023年11月","2023年11月1日",IF(J9="2023年12月","2023年12月1日")))))))))))) -> FALSE | AE9: =IF(K9="2023年01月","2023年01月31日",IF(K9="2023年02月","2023年02月28日",IF(K9="2023年3月","2023年3月31日",IF(K9="2023年4月","2023年4月30日",IF(K9="2023年5月","2023年5月31日",IF(K9="2023年6月","2023年6月30日",IF(K9="2023年7月","2023年7月31日",IF(K9="2023年8月","2023年8月31日",IF(K9="2023年9月","2023年9月30日",IF(K9="2023年10月","2023年10月31日",IF(K9="2023年11月","2023年11月30日",IF(K9="2023年12月","2023年12月31日")))))))))))) -> FALSE
A10: 8 | B10: 预试 | C10: 考核 | D10: 220kV | E10: 关键 | F10: 木村乙线 | G10: 进出段：#01-#03、#103-#105 中间段：#04-#102 | H10: 进出段：#01-#03、#103-#105 | I10: 6 | J10: 44986 | K10: 2023年3月31日 | L10: 否 | M10: 输电管理二所 | N10: 吴达 | O10: 梁乔云 | P10: 天河中心 | Q10: 6 | R10: 2023-03-03 08:50:00 | S10: 2023-03-03 14:50:00 | T10: 6 | U10: 6 | V10: 1 | W10: 1 | Y10: JH030120230113-010189 | Z10: 已完成 | AA10: 无 | AD10: =IF(J10="2023年01月","2023年01月01日",IF(J10="2023年02月","2023年02月01日",IF(J10="2023年3月","2023年3月1日",IF(J10="2023年4月","2023年4月1日",IF(J10="2023年5月","2023年5月1日",IF(J10="2023年6月","2023年6月1日",IF(J10="2023年7月","2023年7月1日",IF(J10="2023年8月","2023年8月1日",IF(J10="2023年9月","2023年9月1日",IF(J10="2023年10月","2023年10月1日",IF(J10="2023年11月","2023年11月1日",IF(J10="2023年12月","2023年12月1日")))))))))))) -> FALSE | AE10: =IF(K10="2023年01月","2023年01月31日",IF(K10="2023年02月","2023年02月28日",IF(K10="2023年3月","2023年3月31日",IF(K10="2023年4月","2023年4月30日",IF(K10="2023年5月","2023年5月31日",IF(K10="2023年6月","2023年6月30日",IF(K10="2023年7月","2023年7月31日",IF(K10="2023年8月","2023年8月31日",IF(K10="2023年9月","2023年9月30日",IF(K10="2023年10月","2023年10月31日",IF(K10="2023年11月","2023年11月30日",IF(K10="2023年12月","2023年12月31日")))))))))))) -> FALSE
A11: 9 | B11: 预试 | C11: 考核 | D11: 220kV | E11: 关键 | F11: 木犀甲线 | G11: 进出段：#01-#03、#50-#52 中间段：#04-#48 | H11: 进出段：#01-#03、#49-#52 | I11: 6 | J11: 44986 | K11: 2023年3月31日 | L11: 否 | M11: 输电管理二所 | N11: 吴达 | O11: 李文兴 | P11: 天河中心 | Q11: 6 | R11: 2023-03-20 08:55:00 | S11: 2023-03-20 12:45:00 | T11: 6 | U11: 6 | V11: 1 | W11: 1 | Y11: JH030120230116-005762 | Z11: 已完成 | AA11: 无 | AD11: =IF(J11="2023年01月","2023年01月01日",IF(J11="2023年02月","2023年02月01日",IF(J11="2023年3月","2023年3月1日",IF(J11="2023年4月","2023年4月1日",IF(J11="2023年5月","2023年5月1日",IF(J11="2023年6月","2023年6月1日",IF(J11="2023年7月","2023年7月1日",IF(J11="2023年8月","2023年8月1日",IF(J11="2023年9月","2023年9月1日",IF(J11="2023年10月","2023年10月1日",IF(J11="2023年11月","2023年11月1日",IF(J11="2023年12月","2023年12月1日")))))))))))) -> FALSE | AE11: =IF(K11="2023年01月","2023年01月31日",IF(K11="2023年02月","2023年02月28日",IF(K11="2023年3月","2023年3月31日",IF(K11="2023年4月","2023年4月30日",IF(K11="2023年5月","2023年5月31日",IF(K11="2023年6月","2023年6月30日",IF(K11="2023年7月","2023年7月31日",IF(K11="2023年8月","2023年8月31日",IF(K11="2023年9月","2023年9月30日",IF(K11="2023年10月","2023年10月31日",IF(K11="2023年11月","2023年11月30日",IF(K11="2023年12月","2023年12月31日")))))))))))) -> FALSE
A12: 10 | B12: 预试 | C12: 考核 | D12: 220kV | E12: 关键 | F12: 木犀乙线 | G12: 进出段：#01-#03、#50-#52 中间段：#04-#48 | H12: 进出段：#01-#03、#49-#52 | I12: 6 | J12: 44986 | K12: 2023年3月31日 | L12: 否 | M12: 输电管理二所 | N12: 吴达 | O12: 李文兴 | P12: 天河中心 | Q12: 6 | R12: 2023-03-20 08:55:00 | S12: 2023-03-20 12:45:00 | T12: 6 | U12: 6 | V12: 1 | W12: 1 | Y12: JH030120230116-005762 | Z12: 已完成 | AA12: 无 | AD12: =IF(J12="2023年01月","2023年01月01日",IF(J12="2023年02月","2023年02月01日",IF(J12="2023年3月","2023年3月1日",IF(J12="2023年4月","2023年4月1日",IF(J12="2023年5月","2023年5月1日",IF(J12="2023年6月","2023年6月1日",IF(J12="2023年7月","2023年7月1日",IF(J12="2023年8月","2023年8月1日",IF(J12="2023年9月","2023年9月1日",IF(J12="2023年10月","2023年10月1日",IF(J12="2023年11月","2023年11月1日",IF(J12="2023年12月","2023年12月1日")))))))))))) -> FALSE | AE12: =IF(K12="2023年01月","2023年01月31日",IF(K12="2023年02月","2023年02月28日",IF(K12="2023年3月","2023年3月31日",IF(K12="2023年4月","2023年4月30日",IF(K12="2023年5月","2023年5月31日",IF(K12="2023年6月","2023年6月30日",IF(K12="2023年7月","2023年7月31日",IF(K12="2023年8月","2023年8月31日",IF(K12="2023年9月","2023年9月30日",IF(K12="2023年10月","2023年10月31日",IF(K12="2023年11月","2023年11月30日",IF(K12="2023年12月","2023年12月31日")))))))))))) -> FALSE
A13: 11 | B13: 预试 | C13: 考核 | D13: 220kV | E13: 关键 | F13: 木麒甲线 | G13: 进出段：#01-#03、#50-#52 中间段：#04-#48 | H13: 进出段：#01-#03、#49-#52 | I13: 6 | J13: 44986 | K13: 2023年3月31日 | L13: 否 | M13: 输电管理二所 | N13: 吴达 | O13: 李文兴 | P13: 天河中心 | Q13: 6 | R13: 2023-03-20 08:55:00 | S13: 2023-03-20 12:45:00 | T13: 6 | U13: 6 | V13: 1 | W13: 1 | Y13: JH030120230116-005762 | Z13: 已完成 | AA13: 无 | AD13: =IF(J13="2023年01月","2023年01月01日",IF(J13="2023年02月","2023年02月01日",IF(J13="2023年3月","2023年3月1日",IF(J13="2023年4月","2023年4月1日",IF(J13="2023年5月","2023年5月1日",IF(J13="2023年6月","2023年6月1日",IF(J13="2023年7月","2023年7月1日",IF(J13="2023年8月","2023年8月1日",IF(J13="2023年9月","2023年9月1日",IF(J13="2023年10月","2023年10月1日",IF(J13="2023年11月","2023年11月1日",IF(J13="2023年12月","2023年12月1日")))))))))))) -> FALSE | AE13: =IF(K13="2023年01月","2023年01月31日",IF(K13="2023年02月","2023年02月28日",IF(K13="2023年3月","2023年3月31日",IF(K13="2023年4月","2023年4月30日",IF(K13="2023年5月","2023年5月31日",IF(K13="2023年6月","2023年6月30日",IF(K13="2023年7月","2023年7月31日",IF(K13="2023年8月","2023年8月31日",IF(K13="2023年9月","2023年9月30日",IF(K13="2023年10月","2023年10月31日",IF(K13="2023年11月","2023年11月30日",IF(K13="2023年12月","2023年12月31日")))))))))))) -> FALSE
A14: 12 | B14: 预试 | C14: 考核 | D14: 220kV | E14: 关键 | F14: 木麒乙线 | G14: 进出段：#01-#03、#50-#52 中间段：#04-#48 | H14: 进出段：#01-#03、#49-#52 | I14: 6 | J14: 44986 | K14: 2023年3月31日 | L14: 否 | M14: 输电管理二所 | N14: 吴达 | O14: 李文兴 | P14: 天河中心 | Q14: 6 | R14: 2023-03-20 08:55:00 | S14: 2023-03-20 12:45:00 | T14: 6 | U14: 6 | V14: 1 | W14: 1 | Y14: JH030120230116-005762 | Z14: 已完成 | AA14: 无 | AD14: =IF(J14="2023年01月","2023年01月01日",IF(J14="2023年02月","2023年02月01日",IF(J14="2023年3月","2023年3月1日",IF(J14="2023年4月","2023年4月1日",IF(J14="2023年5月","2023年5月1日",IF(J14="2023年6月","2023年6月1日",IF(J14="2023年7月","2023年7月1日",IF(J14="2023年8月","2023年8月1日",IF(J14="2023年9月","2023年9月1日",IF(J14="2023年10月","2023年10月1日",IF(J14="2023年11月","2023年11月1日",IF(J14="2023年12月","2023年12月1日")))))))))))) -> FALSE | AE14: =IF(K14="2023年01月","2023年01月31日",IF(K14="2023年02月","2023年02月28日",IF(K14="2023年3月","2023年3月31日",IF(K14="2023年4月","2023年4月30日",IF(K14="2023年5月","2023年5月31日",IF(K14="2023年6月","2023年6月30日",IF(K14="2023年7月","2023年7月31日",IF(K14="2023年8月","2023年8月31日",IF(K14="2023年9月","2023年9月30日",IF(K14="2023年10月","2023年10月31日",IF(K14="2023年11月","2023年11月30日",IF(K14="2023年12月","2023年12月31日")))))))))))) -> FALSE
A15: 13 | B15: 预试 | C15: 考核 | D15: 220kV | E15: 一般(7-9月为关键线路) | F15: 木凯甲线 | G15: 进出段：#01-#03、#119-#121 中间段：#04-#118 | H15: 进出段：#01-#03、#119-#121 | I15: 6 | J15: 44986 | K15: 2023年3月31日 | L15: 否 | M15: 输电管理二所 | N15: 吴达 | O15: 孔盛权 | P15: 天河中心 | Q15: 6 | R15: 2023-04-12 08:45:00 | S15: 2023-04-12 14:35:00 | T15: 6 | U15: 6 | V15: 100%% | W15: 100%% | Y15: JH030120230112-011998 | Z15: 已完成 | AD15: =IF(J15="2023年01月","2023年01月01日",IF(J15="2023年02月","2023年02月01日",IF(J15="2023年3月","2023年3月1日",IF(J15="2023年4月","2023年4月1日",IF(J15="2023年5月","2023年5月1日",IF(J15="2023年6月","2023年6月1日",IF(J15="2023年7月","2023年7月1日",IF(J15="2023年8月","2023年8月1日",IF(J15="2023年9月","2023年9月1日",IF(J15="2023年10月","2023年10月1日",IF(J15="2023年11月","2023年11月1日",IF(J15="2023年12月","2023年12月1日")))))))))))) -> FALSE | AE15: =IF(K15="2023年01月","2023年01月31日",IF(K15="2023年02月","2023年02月28日",IF(K15="2023年3月","2023年3月31日",IF(K15="2023年4月","2023年4月30日",IF(K15="2023年5月","2023年5月31日",IF(K15="2023年6月","2023年6月30日",IF(K15="2023年7月","2023年7月31日",IF(K15="2023年8月","2023年8月31日",IF(K15="2023年9月","2023年9月30日",IF(K15="2023年10月","2023年10月31日",IF(K15="2023年11月","2023年11月30日",IF(K15="2023年12月","2023年12月31日")))))))))))) -> FALSE
A16: 14 | B16: 预试 | C16: 考核 | D16: 220kV | E16: 一般(7-9月为关键线路) | F16: 木凯乙线 | G16: 进出段：#01-#03、#119-#121 中间段：#04-#118 | H16: 进出段：#01-#03、#119-#121 | I16: 6 | J16: 44986 | K16: 2023年3月31日 | L16: 否 | M16: 输电管理二所 | N16: 吴达 | O16: 孔盛权 | P16: 天河中心 | Q16: 6 | R16: 2023-04-12 08:45:00 | S16: 2023-04-12 14:35:00 | T16: 6 | U16: 6 | V16: 100%% | W16: 100%% | Y16: JH030120230112-011998 | Z16: 已完成 | AD16: =IF(J16="2023年01月","2023年01月01日",IF(J16="2023年02月","2023年02月01日",IF(J16="2023年3月","2023年3月1日",IF(J16="2023年4月","2023年4月1日",IF(J16="2023年5月","2023年5月1日",IF(J16="2023年6月","2023年6月1日",IF(J16="2023年7月","2023年7月1日",IF(J16="2023年8月","2023年8月1日",IF(J16="2023年9月","2023年9月1日",IF(J16="2023年10月","2023年10月1日",IF(J16="2023年11月","2023年11月1日",IF(J16="2023年12月","2023年12月1日")))))))))))) -> FALSE | AE16: =IF(K16="2023年01月","2023年01月31日",IF(K16="2023年02月","2023年02月28日",IF(K16="2023年3月","2023年3月31日",IF(K16="2023年4月","2023年4月30日",IF(K16="2023年5月","2023年5月31日",IF(K16="2023年6月","2023年6月30日",IF(K16="2023年7月","2023年7月31日",IF(K16="2023年8月","2023年8月31日",IF(K16="2023年9月","2023年9月30日",IF(K16="2023年10月","2023年10月31日",IF(K16="2023年11月","2023年11月30日",IF(K16="2023年12月","2023年12月31日")))))))))))) -> FALSE
A17: 15 | B17: 预试 | C17: 考核 | D17: 220kV | E17: 重要（7-9月） | F17: 木科甲线 | G17: 进出段：#01-#03、#51-#53 中间段：#04-#50 | H17: 中间段：#31-#50 | I17: 20 | J17: 45017 | K17: 2023年4月30日 | L17: 否 | M17: 输电管理二所 | N17: 吴达 | O17: 杜亮鸿 | P17: 天河中心 | Q17: 20 | R17: 2023-05-08 08:30:00 | S17: 2023-05-08 14:28:00 | T17: 20 | U17: 20 | V17: 1 | W17: 1 | Y17: JH030120230116-006454 | Z17: 已完成 | AD17: =IF(J17="2023年01月","2023年01月01日",IF(J17="2023年02月","2023年02月01日",IF(J17="2023年3月","2023年3月1日",IF(J17="2023年4月","2023年4月1日",IF(J17="2023年5月","2023年5月1日",IF(J17="2023年6月","2023年6月1日",IF(J17="2023年7月","2023年7月1日",IF(J17="2023年8月","2023年8月1日",IF(J17="2023年9月","2023年9月1日",IF(J17="2023年10月","2023年10月1日",IF(J17="2023年11月","2023年11月1日",IF(J17="2023年12月","2023年12月1日")))))))))))) -> FALSE | AE17: =IF(K17="2023年01月","2023年01月31日",IF(K17="2023年02月","2023年02月28日",IF(K17="2023年3月","2023年3月31日",IF(K17="2023年4月","2023年4月30日",IF(K17="2023年5月","2023年5月31日",IF(K17="2023年6月","2023年6月30日",IF(K17="2023年7月","2023年7月31日",IF(K17="2023年8月","2023年8月31日",IF(K17="2023年9月","2023年9月30日",IF(K17="2023年10月","2023年10月31日",IF(K17="2023年11月","2023年11月30日",IF(K17="2023年12月","2023年12月31日")))))))))))) -> FALSE
A18: 16 | B18: 预试 | C18: 考核 | D18: 220kV | E18: 重要（7-9月） | F18: 木科乙线 | G18: 进出段：#01-#03、#51-#53 中间段：#04-#50 | H18: 中间段：#31-#50 | I18: 20 | J18: 45017 | K18: 2023年4月30日 | L18: 否 | M18: 输电管理二所 | N18: 吴达 | O18: 杜亮鸿 | P18: 天河中心 | Q18: 20 | R18: 2023-05-08 08:30:00 | S18: 2023-05-08 14:28:00 | T18: 20 | U18: 20 | V18: 1 | W18: 1 | Y18: JH030120230116-006454 | Z18: 已完成 | AD18: =IF(J18="2023年01月","2023年01月01日",IF(J18="2023年02月","2023年02月01日",IF(J18="2023年3月","2023年3月1日",IF(J18="2023年4月","2023年4月1日",IF(J18="2023年5月","2023年5月1日",IF(J18="2023年6月","2023年6月1日",IF(J18="2023年7月","2023年7月1日",IF(J18="2023年8月","2023年8月1日",IF(J18="2023年9月","2023年9月1日",IF(J18="2023年10月","2023年10月1日",IF(J18="2023年11月","2023年11月1日",IF(J18="2023年12月","2023年12月1日")))))))))))) -> FALSE | AE18: =IF(K18="2023年01月","2023年01月31日",IF(K18="2023年02月","2023年02月28日",IF(K18="2023年3月","2023年3月31日",IF(K18="2023年4月","2023年4月30日",IF(K18="2023年5月","2023年5月31日",IF(K18="2023年6月","2023年6月30日",IF(K18="2023年7月","2023年7月31日",IF(K18="2023年8月","2023年8月31日",IF(K18="2023年9月","2023年9月30日",IF(K18="2023年10月","2023年10月31日",IF(K18="2023年11月","2023年11月30日",IF(K18="2023年12月","2023年12月31日")))))))))))) -> FALSE
A19: 17 | B19: 预试 | C19: 考核 | D19: 220kV | E19: 一般 | F19: 木棠甲线 | G19: 进出段：#01-#03、#82-#84 中间段：#04-#81 | H19: 中间段：#31-#60 | I19: 30 | J19: 45017 | K19: 2023年4月30日 | L19: 否 | M19: 输电管理二所 | N19: 吴达 | O19: 张耀光 | P19: 天河中心 | Q19: 30 | R19: 2023-04-17 08:52:00 | S19: 2023-04-17 12:20:00 | T19: 30 | U19: 30 | V19: 1 | W19: 1 | Y19: JH030120230116-006092 | Z19: 已完成 | AD19: =IF(J19="2023年01月","2023年01月01日",IF(J19="2023年02月","2023年02月01日",IF(J19="2023年3月","2023年3月1日",IF(J19="2023年4月","2023年4月1日",IF(J19="2023年5月","2023年5月1日",IF(J19="2023年6月","2023年6月1日",IF(J19="2023年7月","2023年7月1日",IF(J19="2023年8月","2023年8月1日",IF(J19="2023年9月","2023年9月1日",IF(J19="2023年10月","2023年10月1日",IF(J19="2023年11月","2023年11月1日",IF(J19="2023年12月","2023年12月1日")))))))))))) -> FALSE | AE19: =IF(K19="2023年01月","2023年01月31日",IF(K19="2023年02月","2023年02月28日",IF(K19="2023年3月","2023年3月31日",IF(K19="2023年4月","2023年4月30日",IF(K19="2023年5月","2023年5月31日",IF(K19="2023年6月","2023年6月30日",IF(K19="2023年7月","2023年7月31日",IF(K19="2023年8月","2023年8月31日",IF(K19="2023年9月","2023年9月30日",IF(K19="2023年10月","2023年10月31日",IF(K19="2023年11月","2023年11月30日",IF(K19="2023年12月","2023年12月31日")))))))))))) -> FALSE
A20: 18 | B20: 预试 | C20: 考核 | D20: 220kV | E20: 一般 | F20: 木棠乙线 | G20: 进出段：#01-#03、#82-#84 中间段：#04-#81 | H20: 中间段：#31-#60 | I20: 30 | J20: 45017 | K20: 2023年4月30日 | L20: 否 | M20: 输电管理二所 | N20: 吴达 | O20: 张耀光 | P20: 天河中心 | Q20: 30 | R20: 2023-04-17 08:52:00 | S20: 2023-04-17 12:20:00 | T20: 30 | U20: 30 | V20: 1 | W20: 1 | Y20: JH030120230116-006092 | Z20: 已完成 | AD20: =IF(J20="2023年01月","2023年01月01日",IF(J20="2023年02月","2023年02月01日",IF(J20="2023年3月","2023年3月1日",IF(J20="2023年4月","2023年4月1日",IF(J20="2023年5月","2023年5月1日",IF(J20="2023年6月","2023年6月1日",IF(J20="2023年7月","2023年7月1日",IF(J20="2023年8月","2023年8月1日",IF(J20="2023年9月","2023年9月1日",IF(J20="2023年10月","2023年10月1日",IF(J20="2023年11月","2023年11月1日",IF(J20="2023年12月","2023年12月1日")))))))))))) -> FALSE | AE20: =IF(K20="2023年01月","2023年01月31日",IF(K20="2023年02月","2023年02月28日",IF(K20="2023年3月","2023年3月31日",IF(K20="2023年4月","2023年4月30日",IF(K20="2023年5月","2023年5月31日",IF(K20="2023年6月","2023年6月30日",IF(K20="2023年7月","2023年7月31日",IF(K20="2023年8月","2023年8月31日",IF(K20="2023年9月","2023年9月30日",IF(K20="2023年10月","2023年10月31日",IF(K20="2023年11月","2023年11月30日",IF(K20="2023年12月","2023年12月31日")))))))))))) -> FALSE
A21: 19 | B21: 预试 | C21: 考核 | D21: 220kV | E21: 关键 | F21: 木碧甲线 | G21: 进出段：#01-#03、#59-#61、#64-#66 中间段：#04-#58、#67-#93 | H21: 中间段：#31-#58、#67-#93 | I21: 55 | J21: 45017 | K21: 2023年4月30日 | L21: 否 | M21: 输电管理二所 | N21: 吴达 | O21: 张耀光 | P21: 天河中心 | Q21: 55 | R21: 2023-04-11 08:45:00 | S21: 2023-04-11 15:10:00 | T21: 55 | U21: 55 | V21: 1 | W21: 1 | Y21: JH030120230116-006108 | Z21: 已完成 | AD21: =IF(J21="2023年01月","2023年01月01日",IF(J21="2023年02月","2023年02月01日",IF(J21="2023年3月","2023年3月1日",IF(J21="2023年4月","2023年4月1日",IF(J21="2023年5月","2023年5月1日",IF(J21="2023年6月","2023年6月1日",IF(J21="2023年7月","2023年7月1日",IF(J21="2023年8月","2023年8月1日",IF(J21="2023年9月","2023年9月1日",IF(J21="2023年10月","2023年10月1日",IF(J21="2023年11月","2023年11月1日",IF(J21="2023年12月","2023年12月1日")))))))))))) -> FALSE | AE21: =IF(K21="2023年01月","2023年01月31日",IF(K21="2023年02月","2023年02月28日",IF(K21="2023年3月","2023年3月31日",IF(K21="2023年4月","2023年4月30日",IF(K21="2023年5月","2023年5月31日",IF(K21="2023年6月","2023年6月30日",IF(K21="2023年7月","2023年7月31日",IF(K21="2023年8月","2023年8月31日",IF(K21="2023年9月","2023年9月30日",IF(K21="2023年10月","2023年10月31日",IF(K21="2023年11月","2023年11月30日",IF(K21="2023年12月","2023年12月31日")))))))))))) -> FALSE
A22: 20 | B22: 预试 | C22: 考核 | D22: 220kV | E22: 关键 | F22: 木碧乙线 | G22: 进出段：#01-#03、#59-#61、#64-#66 中间段：#04-#58、#67-#93 | H22: 中间段：#31-#58、#67-#93 | I22: 55 | J22: 45017 | K22: 2023年4月30日 | L22: 否 | M22: 输电管理二所 | N22: 吴达 | O22: 张耀光 | P22: 天河中心 | Q22: 55 | R22: 2023-04-11 08:45:00 | S22: 2023-04-11 15:10:00 | T22: 55 | U22: 55 | V22: 1 | W22: 1 | Y22: JH030120230116-006108 | Z22: 已完成 | AD22: =IF(J22="2023年01月","2023年01月01日",IF(J22="2023年02月","2023年02月01日",IF(J22="2023年3月","2023年3月1日",IF(J22="2023年4月","2023年4月1日",IF(J22="2023年5月","2023年5月1日",IF(J22="2023年6月","2023年6月1日",IF(J22="2023年7月","2023年7月1日",IF(J22="2023年8月","2023年8月1日",IF(J22="2023年9月","2023年9月1日",IF(J22="2023年10月","2023年10月1日",IF(J22="2023年11月","2023年11月1日",IF(J22="2023年12月","2023年12月1日")))))))))))) -> FALSE | AE22: =IF(K22="2023年01月","2023年01月31日",IF(K22="2023年02月","2023年02月28日",IF(K22="2023年3月","2023年3月31日",IF(K22="2023年4月","2023年4月30日",IF(K22="2023年5月","2023年5月31日",IF(K22="2023年6月","2023年6月30日",IF(K22="2023年7月","2023年7月31日",IF(K22="2023年8月","2023年8月31日",IF(K22="2023年9月","2023年9月30日",IF(K22="2023年10月","2023年10月31日",IF(K22="2023年11月","2023年11月30日",IF(K22="2023年12月","2023年12月31日")))))))))))) -> FALSE
A23: 21 | B23: 预试 | C23: 考核 | D23: 110kV | E23: 一般 | F23: 棠茶线 | G23: 进出段：#01-#03、#58-#60 中间段： #04-#57 | H23: 中间段：#31-#50 | I23: 20 | J23: 45047 | K23: 2023年5月31日 | L23: 否 | M23: 输电管理二所 | N23: 吴达 | O23: 张伟刚 | P23: 天河中心 | Q23: 20 | R23: 2023-05-11 08:35:00 | S23: 2023-05-11 16:10:00 | T23: 20 | U23: 20 | V23: 1 | W23: 1 | Y23: JH030120230116-006227 | Z23: 已完成 | AD23: =IF(J23="2023年01月","2023年01月01日",IF(J23="2023年02月","2023年02月01日",IF(J23="2023年3月","2023年3月1日",IF(J23="2023年4月","2023年4月1日",IF(J23="2023年5月","2023年5月1日",IF(J23="2023年6月","2023年6月1日",IF(J23="2023年7月","2023年7月1日",IF(J23="2023年8月","2023年8月1日",IF(J23="2023年9月","2023年9月1日",IF(J23="2023年10月","2023年10月1日",IF(J23="2023年11月","2023年11月1日",IF(J23="2023年12月","2023年12月1日")))))))))))) -> FALSE | AE23: =IF(K23="2023年01月","2023年01月31日",IF(K23="2023年02月","2023年02月28日",IF(K23="2023年3月","2023年3月31日",IF(K23="2023年4月","2023年4月30日",IF(K23="2023年5月","2023年5月31日",IF(K23="2023年6月","2023年6月30日",IF(K23="2023年7月","2023年7月31日",IF(K23="2023年8月","2023年8月31日",IF(K23="2023年9月","2023年9月30日",IF(K23="2023年10月","2023年10月31日",IF(K23="2023年11月","2023年11月30日",IF(K23="2023年12月","2023年12月31日")))))))))))) -> FALSE
A24: 22 | B24: 预试 | C24: 考核 | D24: 110kV | E24: 一般 | F24: 棠茶线华农乙支线 | G24: 进出段：#01 | H24: 进出段：#01 | I24: 1 | J24: 45047 | K24: 2023年5月31日 | L24: 否 | M24: 输电管理二所 | N24: 吴达 | O24: 张伟刚 | P24: 天河中心 | Q24: 1 | R24: 2023-05-11 08:35:00 | S24: 2023-05-11 16:10:00 | T24: 1 | U24: 1 | V24: 1 | W24: 1 | Y24: JH030120230116-006227 | Z24: 已完成 | AD24: =IF(J24="2023年01月","2023年01月01日",IF(J24="2023年02月","2023年02月01日",IF(J24="2023年3月","2023年3月1日",IF(J24="2023年4月","2023年4月1日",IF(J24="2023年5月","2023年5月1日",IF(J24="2023年6月","2023年6月1日",IF(J24="2023年7月","2023年7月1日",IF(J24="2023年8月","2023年8月1日",IF(J24="2023年9月","2023年9月1日",IF(J24="2023年10月","2023年10月1日",IF(J24="2023年11月","2023年11月1日",IF(J24="2023年12月","2023年12月1日")))))))))))) -> FALSE | AE24: =IF(K24="2023年01月","2023年01月31日",IF(K24="2023年02月","2023年02月28日",IF(K24="2023年3月","2023年3月31日",IF(K24="2023年4月","2023年4月30日",IF(K24="2023年5月","2023年5月31日",IF(K24="2023年6月","2023年6月30日",IF(K24="2023年7月","2023年7月31日",IF(K24="2023年8月","2023年8月31日",IF(K24="2023年9月","2023年9月30日",IF(K24="2023年10月","2023年10月31日",IF(K24="2023年11月","2023年11月30日",IF(K24="2023年12月","2023年12月31日")))))))))))) -> FALSE
A25: 23 | B25: 预试 | C25: 考核 | D25: 110kV | E25: 一般 | F25: 棠氮线 | G25: 进出段：#01-#05 | H25: 进出段：#01-#05 | I25: 5 | J25: 45047 | K25: 2023年5月31日 | L25: 否 | M25: 输电管理二所 | N25: 吴达 | O25: 钟辉 | P25: 天河中心 | Q25: 5 | R25: 2023-05-25 08:55:00 | S25: 2023-05-25 15:50:00 | T25: 5 | U25: 5 | V25: 1 | W25: 1 | Y25: JH030120230116-006246 | Z25: 已完成 | AD25: =IF(J25="2023年01月","2023年01月01日",IF(J25="2023年02月","2023年02月01日",IF(J25="2023年3月","2023年3月1日",IF(J25="2023年4月","2023年4月1日",IF(J25="2023年5月","2023年5月1日",IF(J25="2023年6月","2023年6月1日",IF(J25="2023年7月","2023年7月1日",IF(J25="2023年8月","2023年8月1日",IF(J25="2023年9月","2023年9月1日",IF(J25="2023年10月","2023年10月1日",IF(J25="2023年11月","2023年11月1日",IF(J25="2023年12月","2023年12月1日")))))))))))) -> FALSE | AE25: =IF(K25="2023年01月","2023年01月31日",IF(K25="2023年02月","2023年02月28日",IF(K25="2023年3月","2023年3月31日",IF(K25="2023年4月","2023年4月30日",IF(K25="2023年5月","2023年5月31日",IF(K25="2023年6月","2023年6月30日",IF(K25="2023年7月","2023年7月31日",IF(K25="2023年8月","2023年8月31日",IF(K25="2023年9月","2023年9月30日",IF(K25="2023年10月","2023年10月31日",IF(K25="2023年11月","2023年11月30日",IF(K25="2023年12月","2023年12月31日")))))))))))) -> FALSE
A26: 24 | B26: 预试 | C26: 考核 | D26: 110kV | E26: 重要 | F26: 奥氮棠华石线 | G26: 进出段：#01-#05 | H26: 进出段：#01-#05 | I26: 5 | J26: 45047 | K26: 2023年5月31日 | L26: 否 | M26: 输电管理二所 | N26: 吴达 | O26: 钟辉 | P26: 天河中心 | Q26: 5 | R26: 2023-05-25 08:55:00 | S26: 2023-05-25 15:50:00 | T26: 5 | U26: 5 | V26: 1 | W26: 1 | Y26: JH030120230116-006246 | Z26: 已完成 | AD26: =IF(J26="2023年01月","2023年01月01日",IF(J26="2023年02月","2023年02月01日",IF(J26="2023年3月","2023年3月1日",IF(J26="2023年4月","2023年4月1日",IF(J26="2023年5月","2023年5月1日",IF(J26="2023年6月","2023年6月1日",IF(J26="2023年7月","2023年7月1日",IF(J26="2023年8月","2023年8月1日",IF(J26="2023年9月","2023年9月1日",IF(J26="2023年10月","2023年10月1日",IF(J26="2023年11月","2023年11月1日",IF(J26="2023年12月","2023年12月1日")))))))))))) -> FALSE | AE26: =IF(K26="2023年01月","2023年01月31日",IF(K26="2023年02月","2023年02月28日",IF(K26="2023年3月","2023年3月31日",IF(K26="2023年4月","2023年4月30日",IF(K26="2023年5月","2023年5月31日",IF(K26="2023年6月","2023年6月30日",IF(K26="2023年7月","2023年7月31日",IF(K26="2023年8月","2023年8月31日",IF(K26="2023年9月","2023年9月30日",IF(K26="2023年10月","2023年10月31日",IF(K26="2023年11月","2023年11月30日",IF(K26="2023年12月","2023年12月31日")))))))))))) -> FALSE
A27: 25 | B27: 预试 | C27: 考核 | D27: 110kV | E27: 一般 | F27: 茶龙线 | G27: 进出段：#01-#03、#32-#34 中间段：#04-#31 | H27: 中间段：#04-#15 | I27: 12 | J27: 45047 | K27: 2023年5月31日 | L27: 否 | M27: 输电管理二所 | N27: 吴达 | O27: 钟辉 | P27: 天河中心 | Q27: 12 | R27: 2023-05-17 09:10:00 | S27: 2023-05-17 12:11:00 | T27: 12 | U27: 12 | V27: 1 | W27: 1 | Y27: JH030120230116-006284 | Z27: 已完成 | AD27: =IF(J27="2023年01月","2023年01月01日",IF(J27="2023年02月","2023年02月01日",IF(J27="2023年3月","2023年3月1日",IF(J27="2023年4月","2023年4月1日",IF(J27="2023年5月","2023年5月1日",IF(J27="2023年6月","2023年6月1日",IF(J27="2023年7月","2023年7月1日",IF(J27="2023年8月","2023年8月1日",IF(J27="2023年9月","2023年9月1日",IF(J27="2023年10月","2023年10月1日",IF(J27="2023年11月","2023年11月1日",IF(J27="2023年12月","2023年12月1日")))))))))))) -> FALSE | AE27: =IF(K27="2023年01月","2023年01月31日",IF(K27="2023年02月","2023年02月28日",IF(K27="2023年3月","2023年3月31日",IF(K27="2023年4月","2023年4月30日",IF(K27="2023年5月","2023年5月31日",IF(K27="2023年6月","2023年6月30日",IF(K27="2023年7月","2023年7月31日",IF(K27="2023年8月","2023年8月31日",IF(K27="2023年9月","2023年9月30日",IF(K27="2023年10月","2023年10月31日",IF(K27="2023年11月","2023年11月30日",IF(K27="2023年12月","2023年12月31日")))))))))))) -> FALSE
A28: 26 | B28: 预试 | C28: 考核 | D28: 110kV | E28: 关注（7-9月重要） | F28: 茶犀京线 | G28: 进出段：#01-#03、#22-#24 中间段：#04-#21 | H28: 中间段：#04-#21 | I28: 18 | J28: 45047 | K28: 2023年5月31日 | L28: 否 | M28: 输电管理二所 | N28: 吴达 | O28: 梁荣高 | P28: 天河中心 | Q28: 18 | R28: 2023-05-25 09:46:00 | S28: 2023-05-25 15:50:00 | T28: 18 | U28: 18 | V28: 1 | W28: 1 | Y28: JH030120230116-006296 | Z28: 已完成 | AD28: =IF(J28="2023年01月","2023年01月01日",IF(J28="2023年02月","2023年02月01日",IF(J28="2023年3月","2023年3月1日",IF(J28="2023年4月","2023年4月1日",IF(J28="2023年5月","2023年5月1日",IF(J28="2023年6月","2023年6月1日",IF(J28="2023年7月","2023年7月1日",IF(J28="2023年8月","2023年8月1日",IF(J28="2023年9月","2023年9月1日",IF(J28="2023年10月","2023年10月1日",IF(J28="2023年11月","2023年11月1日",IF(J28="2023年12月","2023年12月1日")))))))))))) -> FALSE | AE28: =IF(K28="2023年01月","2023年01月31日",IF(K28="2023年02月","2023年02月28日",IF(K28="2023年3月","2023年3月31日",IF(K28="2023年4月","2023年4月30日",IF(K28="2023年5月","2023年5月31日",IF(K28="2023年6月","2023年6月30日",IF(K28="2023年7月","2023年7月31日",IF(K28="2023年8月","2023年8月31日",IF(K28="2023年9月","2023年9月30日",IF(K28="2023年10月","2023年10月31日",IF(K28="2023年11月","2023年11月30日",IF(K28="2023年12月","2023年12月31日")))))))))))) -> FALSE
... A31: 29 | B31: 预试 | C31: 考核 | D31: 110kV | E31: 关注（7-9月重要） | F31: 犀茶线白山乙支线 | G31: 进出段：#00-#04 | H31: 进出段：#00-#04 | I31: 5 | J31: 45047 | K31: 2023年5月31日 | L31: 否 | M31: 输电管理二所 | N31: 吴达 | O31: 梁荣高 | P31: 天河中心 | Q31: 5 | R31: 2023-05-25 09:46:00 | S31: 2023-05-25 15:50:00 | T31: 5 | U31: 5 | V31: 1 | W31: 1 | Y31: JH030120230116-006296 | Z31: 已完成 | AD31: =IF(J31="2023年01月","2023年01月01日",IF(J31="2023年02月","2023年02月01日",IF(J31="2023年3月","2023年3月1日",IF(J31="2023年4月","2023年4月1日",IF(J31="2023年5月","2023年5月1日",IF(J31="2023年6月","2023年6月1日",IF(J31="2023年7月","2023年7月1日",IF(J31="2023年8月","2023年8月1日",IF(J31="2023年9月","2023年9月1日",IF(J31="2023年10月","2023年10月1日",IF(J31="2023年11月","2023年11月1日",IF(J31="2023年12月","2023年12月1日")))))))))))) -> FALSE | AE31: =IF(K31="2023年01月","2023年01月31日",IF(K31="2023年02月","2023年02月28日",IF(K31="2023年3月","2023年3月31日",IF(K31="2023年4月","2023年4月30日",IF(K31="2023年5月","2023年5月31日",IF(K31="2023年6月","2023年6月30日",IF(K31="2023年7月","2023年7月31日",IF(K31="2023年8月","2023年8月31日",IF(K31="2023年9月","2023年9月30日",IF(K31="2023年10月","2023年10月31日",IF(K31="2023年11月","2023年11月30日",IF(K31="2023年12月","2023年12月31日")))))))))))) -> FALSE
A32: 30 | B32: 预试 | C32: 考核 | D32: 110kV | E32: 一般 | F32: 犀上牛麒线 | G32: 进出段：#01 | H32: 进出段：#01 | I32: 1 | J32: 45047 | K32: 2023年5月31日 | L32: 否 | M32: 输电管理二所 | N32: 吴达 | O32: 张娅 | P32: 天河中心 | Q32: 1 | R32: =IFERROR(VLOOKUP("*"&$F32&"*",接地电阻!$A:$AS,20,FALSE),IFERROR(VLOOKUP("*"&$F32&"*",接地电阻!$B:$AS,19,FALSE),"无")) -> 无 | S32: =IFERROR(VLOOKUP("*"&$F32&"*",接地电阻!$A:$AS,21,FALSE),IFERROR(VLOOKUP("*"&$F32&"*",接地电阻!$B:$AS,20,FALSE),"无")) -> 无 | T32: =IF(OR(S32=0,S32="无"),"",Q32) | U32: =T32 | V32: =IFERROR(IF(T32/Q32>0,T32/Q32,""),"") | W32: =IFERROR(U32/T32,"") | Y32: =IFERROR(VLOOKUP("*"&$F32&"*",接地电阻!$A:$AS,5,FALSE),IFERROR(VLOOKUP("*"&$F32&"*",接地电阻!$B:$AS,4,FALSE),"无")) -> 无 | Z32: =IFERROR(VLOOKUP("*"&$F32&"*",接地电阻!$A:$AS,3,FALSE),IFERROR(VLOOKUP("*"&$F32&"*",接地电阻!$B:$AS,2,FALSE),"无")) -> 无 | AC32: 进行中（5月份可完成） | AD32: =IF(J32="2023年01月","2023年01月01日",IF(J32="2023年02月","2023年02月01日",IF(J32="2023年3月","2023年3月1日",IF(J32="2023年4月","2023年4月1日",IF(J32="2023年5月","2023年5月1日",IF(J32="2023年6月","2023年6月1日",IF(J32="2023年7月","2023年7月1日",IF(J32="2023年8月","2023年8月1日",IF(J32="2023年9月","2023年9月1日",IF(J32="2023年10月","2023年10月1日",IF(J32="2023年11月","2023年11月1日",IF(J32="2023年12月","2023年12月1日")))))))))))) -> FALSE | AE32: =IF(K32="2023年01月","2023年01月31日",IF(K32="2023年02月","2023年02月28日",IF(K32="2023年3月","2023年3月31日",IF(K32="2023年4月","2023年4月30日",IF(K32="2023年5月","2023年5月31日",IF(K32="2023年6月","2023年6月30日",IF(K32="2023年7月","2023年7月31日",IF(K32="2023年8月","2023年8月31日",IF(K32="2023年9月","2023年9月30日",IF(K32="2023年10月","2023年10月31日",IF(K32="2023年11月","2023年11月30日",IF(K32="2023年12月","2023年12月31日")))))))))))) -> FALSE
A33: 31 | B33: 预试 | C33: 考核 | D33: 110kV | E33: 重要（7-9月） | F33: 犀京麒线 | G33: 进出段：#01 | H33: 进出段：#01 | I33: 1 | J33: 45047 | K33: 2023年5月31日 | L33: 否 | M33: 输电管理二所 | N33: 吴达 | O33: 张娅 | P33: 天河中心 | Q33: 1 | R33: =IFERROR(VLOOKUP("*"&$F33&"*",接地电阻!$A:$AS,20,FALSE),IFERROR(VLOOKUP("*"&$F33&"*",接地电阻!$B:$AS,19,FALSE),"无")) -> 无 | S33: =IFERROR(VLOOKUP("*"&$F33&"*",接地电阻!$A:$AS,21,FALSE),IFERROR(VLOOKUP("*"&$F33&"*",接地电阻!$B:$AS,20,FALSE),"无")) -> 无 | T33: =IF(OR(S33=0,S33="无"),"",Q33) | U33: =T33 | V33: =IFERROR(IF(T33/Q33>0,T33/Q33,""),"") | W33: =IFERROR(U33/T33,"") | Y33: =IFERROR(VLOOKUP("*"&$F33&"*",接地电阻!$A:$AS,5,FALSE),IFERROR(VLOOKUP("*"&$F33&"*",接地电阻!$B:$AS,4,FALSE),"无")) -> 无 | Z33: =IFERROR(VLOOKUP("*"&$F33&"*",接地电阻!$A:$AS,3,FALSE),IFERROR(VLOOKUP("*"&$F33&"*",接地电阻!$B:$AS,2,FALSE),"无")) -> 无 | AC33: 进行中（5月份可完成） | AD33: =IF(J33="2023年01月","2023年01月01日",IF(J33="2023年02月","2023年02月01日",IF(J33="2023年3月","2023年3月1日",IF(J33="2023年4月","2023年4月1日",IF(J33="2023年5月","2023年5月1日",IF(J33="2023年6月","2023年6月1日",IF(J33="2023年7月","2023年7月1日",IF(J33="2023年8月","2023年8月1日",IF(J33="2023年9月","2023年9月1日",IF(J33="2023年10月","2023年10月1日",IF(J33="2023年11月","2023年11月1日",IF(J33="2023年12月","2023年12月1日")))))))))))) -> FALSE | AE33: =IF(K33="2023年01月","2023年01月31日",IF(K33="2023年02月","2023年02月28日",IF(K33="2023年3月","2023年3月31日",IF(K33="2023年4月","2023年4月30日",IF(K33="2023年5月","2023年5月31日",IF(K33="2023年6月","2023年6月30日",IF(K33="2023年7月","2023年7月31日",IF(K33="2023年8月","2023年8月31日",IF(K33="2023年9月","2023年9月30日",IF(K33="2023年10月","2023年10月31日",IF(K33="2023年11月","2023年11月30日",IF(K33="2023年12月","2023年12月31日")))))))))))) -> FALSE
A34: 32 | B34: 预试 | C34: 考核 | D34: 110kV | E34: 一般 | F34: 麒茶线（退运） | G34: 中间段：#30-#46 | H34: 中间段：#30-#46 | I34: 17 | J34: 45200 | K34: 2023年10月31日 | L34: 否 | M34: 输电管理二所 | N34: 吴达 | O34: 王立新 | P34: 天河中心 | Q34: 17 | R34: 2023-10-25 08:49:00 | S34: 2023-10-25 12:53:00 | T34: 17 | U34: 17 | V34: 1 | W34: 1 | Y34: JH030120230116-006382 | Z34: 已完成 | AD34: =IF(J34="2023年01月","2023年01月01日",IF(J34="2023年02月","2023年02月01日",IF(J34="2023年3月","2023年3月1日",IF(J34="2023年4月","2023年4月1日",IF(J34="2023年5月","2023年5月1日",IF(J34="2023年6月","2023年6月1日",IF(J34="2023年7月","2023年7月1日",IF(J34="2023年8月","2023年8月1日",IF(J34="2023年9月","2023年9月1日",IF(J34="2023年10月","2023年10月1日",IF(J34="2023年11月","2023年11月1日",IF(J34="2023年12月","2023年12月1日")))))))))))) -> FALSE | AE34: =IF(K34="2023年01月","2023年01月31日",IF(K34="2023年02月","2023年02月28日",IF(K34="2023年3月","2023年3月31日",IF(K34="2023年4月","2023年4月30日",IF(K34="2023年5月","2023年5月31日",IF(K34="2023年6月","2023年6月30日",IF(K34="2023年7月","2023年7月31日",IF(K34="2023年8月","2023年8月31日",IF(K34="2023年9月","2023年9月30日",IF(K34="2023年10月","2023年10月31日",IF(K34="2023年11月","2023年11月30日",IF(K34="2023年12月","2023年12月31日")))))))))))) -> FALSE
A35: 33 | B35: 预试 | C35: 考核 | D35: 110kV | E35: 一般 | F35: 麒茶京上线（退运） | G35: 中间段：#30-#50 | H35: 中间段：#30-#50 | I35: 21 | J35: 45200 | K35: 2023年10月31日 | L35: 否 | M35: 输电管理二所 | N35: 吴达 | O35: 王立新 | P35: 天河中心 | Q35: 21 | R35: 2023-10-25 08:13:00 | S35: 2023-10-25 12:48:00 | T35: 21 | U35: 21 | V35: 1 | W35: 1 | Y35: JH030120230116-006398 | Z35: 已完成 | AD35: =IF(J35="2023年01月","2023年01月01日",IF(J35="2023年02月","2023年02月01日",IF(J35="2023年3月","2023年3月1日",IF(J35="2023年4月","2023年4月1日",IF(J35="2023年5月","2023年5月1日",IF(J35="2023年6月","2023年6月1日",IF(J35="2023年7月","2023年7月1日",IF(J35="2023年8月","2023年8月1日",IF(J35="2023年9月","2023年9月1日",IF(J35="2023年10月","2023年10月1日",IF(J35="2023年11月","2023年11月1日",IF(J35="2023年12月","2023年12月1日")))))))))))) -> FALSE | AE35: =IF(K35="2023年01月","2023年01月31日",IF(K35="2023年02月","2023年02月28日",IF(K35="2023年3月","2023年3月31日",IF(K35="2023年4月","2023年4月30日",IF(K35="2023年5月","2023年5月31日",IF(K35="2023年6月","2023年6月30日",IF(K35="2023年7月","2023年7月31日",IF(K35="2023年8月","2023年8月31日",IF(K35="2023年9月","2023年9月30日",IF(K35="2023年10月","2023年10月31日",IF(K35="2023年11月","2023年11月30日",IF(K35="2023年12月","2023年12月31日")))))))))))) -> FALSE
A36: 34 | B36: 预试 | C36: 考核 | D36: 220kV | E36: 一般 | F36: 木棠丙线（备用） | G36: 进出段：#01-#03、#51-#53 中间段： #04-#50 | H36: 中间段：#31-#53 | I36: 23 | J36: 45231 | K36: 2023年11月30日 | L36: 否 | M36: 输电管理二所 | N36: 吴达 | O36: 杜亮鸿 | P36: 天河中心 | Q36: 23 | R36: 2023-05-08 08:30:00 | S36: 2023-05-08 14:28:00 | T36: 23 | U36: 23 | V36: 1 | W36: 1 | Y36: JH030120230116-006454 | Z36: 已完成 | AD36: =IF(J36="2023年01月","2023年01月01日",IF(J36="2023年02月","2023年02月01日",IF(J36="2023年3月","2023年3月1日",IF(J36="2023年4月","2023年4月1日",IF(J36="2023年5月","2023年5月1日",IF(J36="2023年6月","2023年6月1日",IF(J36="2023年7月","2023年7月1日",IF(J36="2023年8月","2023年8月1日",IF(J36="2023年9月","2023年9月1日",IF(J36="2023年10月","2023年10月1日",IF(J36="2023年11月","2023年11月1日",IF(J36="2023年12月","2023年12月1日")))))))))))) -> FALSE | AE36: =IF(K36="2023年01月","2023年01月31日",IF(K36="2023年02月","2023年02月28日",IF(K36="2023年3月","2023年3月31日",IF(K36="2023年4月","2023年4月30日",IF(K36="2023年5月","2023年5月31日",IF(K36="2023年6月","2023年6月30日",IF(K36="2023年7月","2023年7月31日",IF(K36="2023年8月","2023年8月31日",IF(K36="2023年9月","2023年9月30日",IF(K36="2023年10月","2023年10月31日",IF(K36="2023年11月","2023年11月30日",IF(K36="2023年12月","2023年12月31日")))))))))))) -> FALSE
A37: 35 | B37: 预试 | C37: 考核 | D37: 220kV | E37: 一般 | F37: 木棠丁线（备用） | G37: 进出段：#01-#03、#51-#53 中间段： #04-#50 | H37: 中间段：#31-#53 | I37: 23 | J37: 45231 | K37: 2023年11月30日 | L37: 否 | M37: 输电管理二所 | N37: 吴达 | O37: 杜亮鸿 | P37: 天河中心 | Q37: 23 | R37: 2023-05-08 08:30:00 | S37: 2023-05-08 14:28:00 | T37: 23 | U37: 23 | V37: 1 | W37: 1 | Y37: JH030120230116-006454 | Z37: 已完成 | AD37: =IF(J37="2023年01月","2023年01月01日",IF(J37="2023年02月","2023年02月01日",IF(J37="2023年3月","2023年3月1日",IF(J37="2023年4月","2023年4月1日",IF(J37="2023年5月","2023年5月1日",IF(J37="2023年6月","2023年6月1日",IF(J37="2023年7月","2023年7月1日",IF(J37="2023年8月","2023年8月1日",IF(J37="2023年9月","2023年9月1日",IF(J37="2023年10月","2023年10月1日",IF(J37="2023年11月","2023年11月1日",IF(J37="2023年12月","2023年12月1日")))))))))))) -> FALSE | AE37: =IF(K37="2023年01月","2023年01月31日",IF(K37="2023年02月","2023年02月28日",IF(K37="2023年3月","2023年3月31日",IF(K37="2023年4月","2023年4月30日",IF(K37="2023年5月","2023年5月31日",IF(K37="2023年6月","2023年6月30日",IF(K37="2023年7月","2023年7月31日",IF(K37="2023年8月","2023年8月31日",IF(K37="2023年9月","2023年9月30日",IF(K37="2023年10月","2023年10月31日",IF(K37="2023年11月","2023年11月30日",IF(K37="2023年12月","2023年12月31日")))))))))))) -> FALSE
A38: 36 | B38: 预试 | C38: 考核 | D38: 220kV | E38: 一般（7-9月关键） | F38: 北郭甲线 | G38: 进出段：#01-#03、#33-#35 | H38: 进出段：#01-#03、#33-#35 | I38: 6 | J38: 44986 | K38: 2023年3月31日 | L38: 否 | M38: 输电管理二所 | N38: 蔡昊晖 | O38: 甘雄强 | P38: 白云中心 | Q38: 6 | R38: 2023-03-28 08:10:00 | S38: 2023-03-28 11:10:00 | T38: 6 | U38: 6 | V38: 1 | W38: 1 | Y38: JH030120230106-012231 | Z38: 已完成 | AD38: =IF(J38="2023年01月","2023年01月01日",IF(J38="2023年02月","2023年02月01日",IF(J38="2023年3月","2023年3月1日",IF(J38="2023年4月","2023年4月1日",IF(J38="2023年5月","2023年5月1日",IF(J38="2023年6月","2023年6月1日",IF(J38="2023年7月","2023年7月1日",IF(J38="2023年8月","2023年8月1日",IF(J38="2023年9月","2023年9月1日",IF(J38="2023年10月","2023年10月1日",IF(J38="2023年11月","2023年11月1日",IF(J38="2023年12月","2023年12月1日")))))))))))) -> FALSE | AE38: =IF(K38="2023年01月","2023年01月31日",IF(K38="2023年02月","2023年02月28日",IF(K38="2023年3月","2023年3月31日",IF(K38="2023年4月","2023年4月30日",IF(K38="2023年5月","2023年5月31日",IF(K38="2023年6月","2023年6月30日",IF(K38="2023年7月","2023年7月31日",IF(K38="2023年8月","2023年8月31日",IF(K38="2023年9月","2023年9月30日",IF(K38="2023年10月","2023年10月31日",IF(K38="2023年11月","2023年11月30日",IF(K38="2023年12月","2023年12月31日")))))))))))) -> FALSE
A39: 37 | B39: 预试 | C39: 考核 | D39: 220kV | E39: 一般（7-9月关键） | F39: 北郭乙线 | G39: 进出段：#01-#03、#33-#35 中间段：#04-#32 | H39: 进出段：#01-#03、#33-#35 | I39: 6 | J39: 44986 | K39: 2023年3月31日 | L39: 否 | M39: 输电管理二所 | N39: 蔡昊晖 | O39: 甘雄强 | P39: 白云中心 | Q39: 6 | R39: 2023-03-28 08:10:00 | S39: 2023-03-28 11:10:00 | T39: 6 | U39: 6 | V39: 1 | W39: 1 | Y39: JH030120230106-012231 | Z39: 已完成 | AD39: =IF(J39="2023年01月","2023年01月01日",IF(J39="2023年02月","2023年02月01日",IF(J39="2023年3月","2023年3月1日",IF(J39="2023年4月","2023年4月1日",IF(J39="2023年5月","2023年5月1日",IF(J39="2023年6月","2023年6月1日",IF(J39="2023年7月","2023年7月1日",IF(J39="2023年8月","2023年8月1日",IF(J39="2023年9月","2023年9月1日",IF(J39="2023年10月","2023年10月1日",IF(J39="2023年11月","2023年11月1日",IF(J39="2023年12月","2023年12月1日")))))))))))) -> FALSE | AE39: =IF(K39="2023年01月","2023年01月31日",IF(K39="2023年02月","2023年02月28日",IF(K39="2023年3月","2023年3月31日",IF(K39="2023年4月","2023年4月30日",IF(K39="2023年5月","2023年5月31日",IF(K39="2023年6月","2023年6月30日",IF(K39="2023年7月","2023年7月31日",IF(K39="2023年8月","2023年8月31日",IF(K39="2023年9月","2023年9月30日",IF(K39="2023年10月","2023年10月31日",IF(K39="2023年11月","2023年11月30日",IF(K39="2023年12月","2023年12月31日")))))))))))) -> FALSE
A40: 38 | B40: 预试 | C40: 考核 | D40: 220kV | E40: 一般（7-9月关键） | F40: 北石甲线 | G40: 进出段：#01-1-#03、#90-#92 中间段：#04-#89 | H40: 进出段：#90-#92 中间段：#62-#89 | I40: 31 | J40: 44986 | K40: 2023年3月31日 | L40: 否 | M40: 输电管理二所 | N40: 蔡昊晖 | O40: 曾宇 | P40: 白云中心 | Q40: 31 | R40: 2023-03-27 08:24:00 | S40: 2023-03-27 14:31:00 | T40: 31 | U40: 31 | V40: 1 | W40: 1 | Y40: JH030120230106-019713 | Z40: 已完成 | AD40: =IF(J40="2023年01月","2023年01月01日",IF(J40="2023年02月","2023年02月01日",IF(J40="2023年3月","2023年3月1日",IF(J40="2023年4月","2023年4月1日",IF(J40="2023年5月","2023年5月1日",IF(J40="2023年6月","2023年6月1日",IF(J40="2023年7月","2023年7月1日",IF(J40="2023年8月","2023年8月1日",IF(J40="2023年9月","2023年9月1日",IF(J40="2023年10月","2023年10月1日",IF(J40="2023年11月","2023年11月1日",IF(J40="2023年12月","2023年12月1日")))))))))))) -> FALSE | AE40: =IF(K40="2023年01月","2023年01月31日",IF(K40="2023年02月","2023年02月28日",IF(K40="2023年3月","2023年3月31日",IF(K40="2023年4月","2023年4月30日",IF(K40="2023年5月","2023年5月31日",IF(K40="2023年6月","2023年6月30日",IF(K40="2023年7月","2023年7月31日",IF(K40="2023年8月","2023年8月31日",IF(K40="2023年9月","2023年9月30日",IF(K40="2023年10月","2023年10月31日",IF(K40="2023年11月","2023年11月30日",IF(K40="2023年12月","2023年12月31日")))))))))))) -> FALSE
A41: 39 | B41: 预试 | C41: 考核 | D41: 220kV | E41: 一般（7-9月关键） | F41: 北石乙线 | G41: 进出段：#01-#03、#90-#92 中间段：#04-#88 | H41: 进出段：#90-#92 中间段：#62-#89 | I41: 31 | J41: 44986 | K41: 2023年3月31日 | L41: 否 | M41: 输电管理二所 | N41: 蔡昊晖 | O41: 曾宇 | P41: 白云中心 | Q41: 31 | R41: 2023-03-27 08:24:00 | S41: 2023-03-27 14:31:00 | T41: 31 | U41: 31 | V41: 1 | W41: 1 | Y41: JH030120230106-019713 | Z41: 已完成 | AD41: =IF(J41="2023年01月","2023年01月01日",IF(J41="2023年02月","2023年02月01日",IF(J41="2023年3月","2023年3月1日",IF(J41="2023年4月","2023年4月1日",IF(J41="2023年5月","2023年5月1日",IF(J41="2023年6月","2023年6月1日",IF(J41="2023年7月","2023年7月1日",IF(J41="2023年8月","2023年8月1日",IF(J41="2023年9月","2023年9月1日",IF(J41="2023年10月","2023年10月1日",IF(J41="2023年11月","2023年11月1日",IF(J41="2023年12月","2023年12月1日")))))))))))) -> FALSE | AE41: =IF(K41="2023年01月","2023年01月31日",IF(K41="2023年02月","2023年02月28日",IF(K41="2023年3月","2023年3月31日",IF(K41="2023年4月","2023年4月30日",IF(K41="2023年5月","2023年5月31日",IF(K41="2023年6月","2023年6月30日",IF(K41="2023年7月","2023年7月31日",IF(K41="2023年8月","2023年8月31日",IF(K41="2023年9月","2023年9月30日",IF(K41="2023年10月","2023年10月31日",IF(K41="2023年11月","2023年11月30日",IF(K41="2023年12月","2023年12月31日")))))))))))) -> FALSE
A42: 40 | B42: 预试 | C42: 考核 | D42: 220kV | E42: 关注（7-9月关键） | F42: 北浔甲线 | G42: 进出段：#01-#03、#126-#128 中间段：#04-#125 | H42: 进出段：#126-#128 中间段：#63-#125 | I42: 66 | J42: 44986 | K42: 2023年3月31日 | L42: 否 | M42: 输电管理二所 | N42: 蔡昊晖 | O42: 戴国斌 | P42: 白云中心 | Q42: 66 | R42: 2023-03-27 08:24:00 | S42: 2023-03-27 14:31:00 | T42: 66 | U42: 66 | V42: 1 | W42: 1 | Y42: JH030120230106-019713 | Z42: 已完成 | AD42: =IF(J42="2023年01月","2023年01月01日",IF(J42="2023年02月","2023年02月01日",IF(J42="2023年3月","2023年3月1日",IF(J42="2023年4月","2023年4月1日",IF(J42="2023年5月","2023年5月1日",IF(J42="2023年6月","2023年6月1日",IF(J42="2023年7月","2023年7月1日",IF(J42="2023年8月","2023年8月1日",IF(J42="2023年9月","2023年9月1日",IF(J42="2023年10月","2023年10月1日",IF(J42="2023年11月","2023年11月1日",IF(J42="2023年12月","2023年12月1日")))))))))))) -> FALSE | AE42: =IF(K42="2023年01月","2023年01月31日",IF(K42="2023年02月","2023年02月28日",IF(K42="2023年3月","2023年3月31日",IF(K42="2023年4月","2023年4月30日",IF(K42="2023年5月","2023年5月31日",IF(K42="2023年6月","2023年6月30日",IF(K42="2023年7月","2023年7月31日",IF(K42="2023年8月","2023年8月31日",IF(K42="2023年9月","2023年9月30日",IF(K42="2023年10月","2023年10月31日",IF(K42="2023年11月","2023年11月30日",IF(K42="2023年12月","2023年12月31日")))))))))))) -> FALSE
A43: 41 | B43: 预试 | C43: 考核 | D43: 220kV | E43: 关注（7-9月关键） | F43: 北浔乙线 | G43: 进出段：#01-#03、#126-#128 中间段：#04-#125 | H43: 进出段：#126-#128 中间段：#63-#125 | I43: 66 | J43: 44986 | K43: 2023年3月31日 | L43: 否 | M43: 输电管理二所 | N43: 蔡昊晖 | O43: 戴国斌 | P43: 白云中心 | Q43: 66 | R43: 2023-03-27 08:24:00 | S43: 2023-03-27 14:31:00 | T43: 66 | U43: 66 | V43: 1 | W43: 1 | Y43: JH030120230106-019713 | Z43: 已完成 | AD43: =IF(J43="2023年01月","2023年01月01日",IF(J43="2023年02月","2023年02月01日",IF(J43="2023年3月","2023年3月1日",IF(J43="2023年4月","2023年4月1日",IF(J43="2023年5月","2023年5月1日",IF(J43="2023年6月","2023年6月1日",IF(J43="2023年7月","2023年7月1日",IF(J43="2023年8月","2023年8月1日",IF(J43="2023年9月","2023年9月1日",IF(J43="2023年10月","2023年10月1日",IF(J43="2023年11月","2023年11月1日",IF(J43="2023年12月","2023年12月1日")))))))))))) -> FALSE | AE43: =IF(K43="2023年01月","2023年01月31日",IF(K43="2023年02月","2023年02月28日",IF(K43="2023年3月","2023年3月31日",IF(K43="2023年4月","2023年4月30日",IF(K43="2023年5月","2023年5月31日",IF(K43="2023年6月","2023年6月30日",IF(K43="2023年7月","2023年7月31日",IF(K43="2023年8月","2023年8月31日",IF(K43="2023年9月","2023年9月30日",IF(K43="2023年10月","2023年10月31日",IF(K43="2023年11月","2023年11月30日",IF(K43="2023年12月","2023年12月31日")))))))))))) -> FALSE
A44: 42 | B44: 预试 | C44: 考核 | D44: 110kV | E44: 重要 | F44: 郭嘉线 | G44: 进出段：#01-#03、#61-#63 中间段：#04-#60 | H44: 进出段：#61-#63 中间段：#34-#60 | I44: 30 | J44: 44986 | K44: 2023年3月31日 | L44: 否 | M44: 输电管理二所 | N44: 蔡昊晖 | O44: 姚河新 | P44: 白云中心 | Q44: 30 | R44: 2023-03-14 08:41:00 | S44: 2023-03-14 11:36:00 | T44: 30 | U44: 30 | V44: 1 | W44: 1 | Y44: JH030120230106-020361 | Z44: 已完成 | AA44: 无 | AD44: =IF(J44="2023年01月","2023年01月01日",IF(J44="2023年02月","2023年02月01日",IF(J44="2023年3月","2023年3月1日",IF(J44="2023年4月","2023年4月1日",IF(J44="2023年5月","2023年5月1日",IF(J44="2023年6月","2023年6月1日",IF(J44="2023年7月","2023年7月1日",IF(J44="2023年8月","2023年8月1日",IF(J44="2023年9月","2023年9月1日",IF(J44="2023年10月","2023年10月1日",IF(J44="2023年11月","2023年11月1日",IF(J44="2023年12月","2023年12月1日")))))))))))) -> FALSE | AE44: =IF(K44="2023年01月","2023年01月31日",IF(K44="2023年02月","2023年02月28日",IF(K44="2023年3月","2023年3月31日",IF(K44="2023年4月","2023年4月30日",IF(K44="2023年5月","2023年5月31日",IF(K44="2023年6月","2023年6月30日",IF(K44="2023年7月","2023年7月31日",IF(K44="2023年8月","2023年8月31日",IF(K44="2023年9月","2023年9月30日",IF(K44="2023年10月","2023年10月31日",IF(K44="2023年11月","2023年11月30日",IF(K44="2023年12月","2023年12月31日")))))))))))) -> FALSE
A45: 43 | B45: 预试 | C45: 考核 | D45: 110kV | E45: 重要 | F45: 郭江线 | G45: 进出段：#01-#03、#55-#57 中间段：#04-#54 | H45: 进出段：#55-#57 中间段：#35-#54 | I45: 23 | J45: 44986 | K45: 2023年3月31日 | L45: 否 | M45: 输电管理二所 | N45: 蔡昊晖 | O45: 姚河新 | P45: 白云中心 | Q45: 23 | R45: 2023-03-14 08:41:00 | S45: 2023-03-14 11:35:00 | T45: 23 | U45: 23 | V45: 1 | W45: 1 | Y45: JH030120230106-020354 | Z45: 已完成 | AA45: 无 | AD45: =IF(J45="2023年01月","2023年01月01日",IF(J45="2023年02月","2023年02月01日",IF(J45="2023年3月","2023年3月1日",IF(J45="2023年4月","2023年4月1日",IF(J45="2023年5月","2023年5月1日",IF(J45="2023年6月","2023年6月1日",IF(J45="2023年7月","2023年7月1日",IF(J45="2023年8月","2023年8月1日",IF(J45="2023年9月","2023年9月1日",IF(J45="2023年10月","2023年10月1日",IF(J45="2023年11月","2023年11月1日",IF(J45="2023年12月","2023年12月1日")))))))))))) -> FALSE | AE45: =IF(K45="2023年01月","2023年01月31日",IF(K45="2023年02月","2023年02月28日",IF(K45="2023年3月","2023年3月31日",IF(K45="2023年4月","2023年4月30日",IF(K45="2023年5月","2023年5月31日",IF(K45="2023年6月","2023年6月30日",IF(K45="2023年7月","2023年7月31日",IF(K45="2023年8月","2023年8月31日",IF(K45="2023年9月","2023年9月30日",IF(K45="2023年10月","2023年10月31日",IF(K45="2023年11月","2023年11月30日",IF(K45="2023年12月","2023年12月31日")))))))))))) -> FALSE
A46: 44 | B46: 预试 | C46: 考核 | D46: 110kV | E46: 关注（7-9月重要） | F46: 嘉江线 | G46: 进出段：#01-#03、#17-#19 中间段：#04-#16 | H46: 进出段：#01-#03、#17-#19 中间段：#04-#16 | I46: 19 | J46: 44986 | K46: 2023年3月31日 | L46: 否 | M46: 输电管理二所 | N46: 蔡昊晖 | O46: 姚河新 | P46: 白云中心 | Q46: 19 | R46: 2023-03-14 08:41:00 | S46: 2023-03-14 11:36:00 | T46: 19 | U46: 19 | V46: 1 | W46: 1 | Y46: JH030120230106-020361 | Z46: 已完成 | AD46: =IF(J46="2023年01月","2023年01月01日",IF(J46="2023年02月","2023年02月01日",IF(J46="2023年3月","2023年3月1日",IF(J46="2023年4月","2023年4月1日",IF(J46="2023年5月","2023年5月1日",IF(J46="2023年6月","2023年6月1日",IF(J46="2023年7月","2023年7月1日",IF(J46="2023年8月","2023年8月1日",IF(J46="2023年9月","2023年9月1日",IF(J46="2023年10月","2023年10月1日",IF(J46="2023年11月","2023年11月1日",IF(J46="2023年12月","2023年12月1日")))))))))))) -> FALSE | AE46: =IF(K46="2023年01月","2023年01月31日",IF(K46="2023年02月","2023年02月28日",IF(K46="2023年3月","2023年3月31日",IF(K46="2023年4月","2023年4月30日",IF(K46="2023年5月","2023年5月31日",IF(K46="2023年6月","2023年6月30日",IF(K46="2023年7月","2023年7月31日",IF(K46="2023年8月","2023年8月31日",IF(K46="2023年9月","2023年9月30日",IF(K46="2023年10月","2023年10月31日",IF(K46="2023年11月","2023年11月30日",IF(K46="2023年12月","2023年12月31日")))))))))))) -> FALSE
A47: 45 | B47: 预试 | C47: 考核 | D47: 220kV | E47: 一般 | F47: 石沥甲线 | G47: 进出段：#01-#03、#55-#57 中间段：#04-#54 | H47: 进出段：#01-#03、#55-#57 中间段：#04-#11、#15-#54 | I47: 54 | J47: 44986 | K47: 2023年3月31日 | L47: 否 | M47: 输电管理二所 | N47: 蔡昊晖 | O47: 曾宇 | P47: 白云中心 | Q47: 54 | R47: 2023-03-23 08:22:00 | S47: 2023-03-23 15:42:00 | T47: 54 | U47: 54 | V47: 1 | W47: 1 | Y47: JH030120230106-019754 | Z47: 已完成 | AA47: 无 | AD47: =IF(J47="2023年01月","2023年01月01日",IF(J47="2023年02月","2023年02月01日",IF(J47="2023年3月","2023年3月1日",IF(J47="2023年4月","2023年4月1日",IF(J47="2023年5月","2023年5月1日",IF(J47="2023年6月","2023年6月1日",IF(J47="2023年7月","2023年7月1日",IF(J47="2023年8月","2023年8月1日",IF(J47="2023年9月","2023年9月1日",IF(J47="2023年10月","2023年10月1日",IF(J47="2023年11月","2023年11月1日",IF(J47="2023年12月","2023年12月1日")))))))))))) -> FALSE | AE47: =IF(K47="2023年01月","2023年01月31日",IF(K47="2023年02月","2023年02月28日",IF(K47="2023年3月","2023年3月31日",IF(K47="2023年4月","2023年4月30日",IF(K47="2023年5月","2023年5月31日",IF(K47="2023年6月","2023年6月30日",IF(K47="2023年7月","2023年7月31日",IF(K47="2023年8月","2023年8月31日",IF(K47="2023年9月","2023年9月30日",IF(K47="2023年10月","2023年10月31日",IF(K47="2023年11月","2023年11月30日",IF(K47="2023年12月","2023年12月31日")))))))))))) -> FALSE
A48: 46 | B48: 预试 | C48: 考核 | D48: 220kV | E48: 一般 | F48: 石沥乙线 | G48: 进出段：#01-#03、#55-#57 中间段：#04-#54 | H48: 进出段：#01-#03、#55-#57 中间段：#04-#11、#15-#54 | I48: 54 | J48: 44986 | K48: 2023年3月31日 | L48: 否 | M48: 输电管理二所 | N48: 蔡昊晖 | O48: 曾宇 | P48: 白云中心 | Q48: 54 | R48: 2023-03-23 08:22:00 | S48: 2023-03-23 15:42:00 | T48: 54 | U48: 54 | V48: 1 | W48: 1 | Y48: JH030120230106-019754 | Z48: 已完成 | AA48: 无 | AD48: =IF(J48="2023年01月","2023年01月01日",IF(J48="2023年02月","2023年02月01日",IF(J48="2023年3月","2023年3月1日",IF(J48="2023年4月","2023年4月1日",IF(J48="2023年5月","2023年5月1日",IF(J48="2023年6月","2023年6月1日",IF(J48="2023年7月","2023年7月1日",IF(J48="2023年8月","2023年8月1日",IF(J48="2023年9月","2023年9月1日",IF(J48="2023年10月","2023年10月1日",IF(J48="2023年11月","2023年11月1日",IF(J48="2023年12月","2023年12月1日")))))))))))) -> FALSE | AE48: =IF(K48="2023年01月","2023年01月31日",IF(K48="2023年02月","2023年02月28日",IF(K48="2023年3月","2023年3月31日",IF(K48="2023年4月","2023年4月30日",IF(K48="2023年5月","2023年5月31日",IF(K48="2023年6月","2023年6月30日",IF(K48="2023年7月","2023年7月31日",IF(K48="2023年8月","2023年8月31日",IF(K48="2023年9月","2023年9月30日",IF(K48="2023年10月","2023年10月31日",IF(K48="2023年11月","2023年11月30日",IF(K48="2023年12月","2023年12月31日")))))))))))) -> FALSE
A49: 47 | B49: 预试 | C49: 考核 | D49: 110kV | E49: 关注 | F49: 石塘甲线 | G49: 进出段：#01-#03、#20-#22、#43-#45 中间段：#04-#19、#23-#42 | H49: 进出段：#01-#03、#43-#45 | I49: 6 | J49: 44986 | K49: 2023年3月31日 | L49: 否 | M49: 输电管理二所 | N49: 蔡昊晖 | O49: 张晓青 | P49: 白云中心 | Q49: 6 | R49: 2023-03-28 08:10:00 | S49: 2023-03-28 11:10:00 | T49: 6 | U49: 6 | V49: 1 | W49: 1 | Y49: JH030120230106-012231 | Z49: 已完成 | AA49: 无 | AD49: =IF(J49="2023年01月","2023年01月01日",IF(J49="2023年02月","2023年02月01日",IF(J49="2023年3月","2023年3月1日",IF(J49="2023年4月","2023年4月1日",IF(J49="2023年5月","2023年5月1日",IF(J49="2023年6月","2023年6月1日",IF(J49="2023年7月","2023年7月1日",IF(J49="2023年8月","2023年8月1日",IF(J49="2023年9月","2023年9月1日",IF(J49="2023年10月","2023年10月1日",IF(J49="2023年11月","2023年11月1日",IF(J49="2023年12月","2023年12月1日")))))))))))) -> FALSE | AE49: =IF(K49="2023年01月","2023年01月31日",IF(K49="2023年02月","2023年02月28日",IF(K49="2023年3月","2023年3月31日",IF(K49="2023年4月","2023年4月30日",IF(K49="2023年5月","2023年5月31日",IF(K49="2023年6月","2023年6月30日",IF(K49="2023年7月","2023年7月31日",IF(K49="2023年8月","2023年8月31日",IF(K49="2023年9月","2023年9月30日",IF(K49="2023年10月","2023年10月31日",IF(K49="2023年11月","2023年11月30日",IF(K49="2023年12月","2023年12月31日")))))))))))) -> FALSE
A50: 48 | B50: 预试 | C50: 考核 | D50: 110kV | E50: 关注 | F50: 石塘乙线 | G50: 进出段：#01-#03、#20-#22、#43-#45 中间段：#04-#19、#23-#42 | H50: 进出段：#01-#03、#43-#45 | I50: 6 | J50: 44986 | K50: 2023年3月31日 | L50: 否 | M50: 输电管理二所 | N50: 蔡昊晖 | O50: 张晓青 | P50: 白云中心 | Q50: 6 | R50: 2023-03-28 08:10:00 | S50: 2023-03-28 11:10:00 | T50: 6 | U50: 6 | V50: 1 | W50: 1 | Y50: JH030120230106-012231 | Z50: 已完成 | AA50: 无 | AD50: =IF(J50="2023年01月","2023年01月01日",IF(J50="2023年02月","2023年02月01日",IF(J50="2023年3月","2023年3月1日",IF(J50="2023年4月","2023年4月1日",IF(J50="2023年5月","2023年5月1日",IF(J50="2023年6月","2023年6月1日",IF(J50="2023年7月","2023年7月1日",IF(J50="2023年8月","2023年8月1日",IF(J50="2023年9月","2023年9月1日",IF(J50="2023年10月","2023年10月1日",IF(J50="2023年11月","2023年11月1日",IF(J50="2023年12月","2023年12月1日")))))))))))) -> FALSE | AE50: =IF(K50="2023年01月","2023年01月31日",IF(K50="2023年02月","2023年02月28日",IF(K50="2023年3月","2023年3月31日",IF(K50="2023年4月","2023年4月30日",IF(K50="2023年5月","2023年5月31日",IF(K50="2023年6月","2023年6月30日",IF(K50="2023年7月","2023年7月31日",IF(K50="2023年8月","2023年8月31日",IF(K50="2023年9月","2023年9月30日",IF(K50="2023年10月","2023年10月31日",IF(K50="2023年11月","2023年11月30日",IF(K50="2023年12月","2023年12月31日")))))))))))) -> FALSE
A51: 49 | B51: 预试 | C51: 考核 | D51: 110kV | E51: 关键 | F51: 芳花增甲线 | G51: 进出段：#01-#03、#17-#22、#25-#27 中间段：#04-#16、#23-#24 | H51: 进出段：#17-#22 中间段：#04-#16、#23-#24 | I51: 22 | J51: 45017 | K51: 2023年4月30日 | L51: 否 | M51: 输电管理二所 | N51: 蔡昊晖 | O51: 张春勇 | P51: 白云中心 | Q51: 22 | R51: 2023-04-06 08:21:00 | S51: 2023-04-06 12:09:00 | T51: 22 | U51: 22 | V51: 1 | W51: 1 | Y51: JH030120230106-020405 | Z51: 已完成 | AD51: =IF(J51="2023年01月","2023年01月01日",IF(J51="2023年02月","2023年02月01日",IF(J51="2023年3月","2023年3月1日",IF(J51="2023年4月","2023年4月1日",IF(J51="2023年5月","2023年5月1日",IF(J51="2023年6月","2023年6月1日",IF(J51="2023年7月","2023年7月1日",IF(J51="2023年8月","2023年8月1日",IF(J51="2023年9月","2023年9月1日",IF(J51="2023年10月","2023年10月1日",IF(J51="2023年11月","2023年11月1日",IF(J51="2023年12月","2023年12月1日")))))))))))) -> FALSE | AE51: =IF(K51="2023年01月","2023年01月31日",IF(K51="2023年02月","2023年02月28日",IF(K51="2023年3月","2023年3月31日",IF(K51="2023年4月","2023年4月30日",IF(K51="2023年5月","2023年5月31日",IF(K51="2023年6月","2023年6月30日",IF(K51="2023年7月","2023年7月31日",IF(K51="2023年8月","2023年8月31日",IF(K51="2023年9月","2023年9月30日",IF(K51="2023年10月","2023年10月31日",IF(K51="2023年11月","2023年11月30日",IF(K51="2023年12月","2023年12月31日")))))))))))) -> FALSE
A52: 50 | B52: 预试 | C52: 考核 | D52: 110kV | E52: 关键 | F52: 芳花增甲线冲口甲支线 | G52: 进出段：#00-#02、#16-#18 中间段：#03-#15 | H52: 进出段：#16-#18 中间段：#07-#15 | I52: 12 | J52: 45017 | K52: 2023年4月30日 | L52: 否 | M52: 输电管理二所 | N52: 蔡昊晖 | O52: 张春勇 | P52: 白云中心 | Q52: 12 | R52: 2023-04-03 08:13:00 | S52: 2023-04-04 12:13:00 | T52: 12 | U52: 12 | V52: 1 | W52: 1 | Y52: JH030120230106-020410 | Z52: 已完成 | AD52: =IF(J52="2023年01月","2023年01月01日",IF(J52="2023年02月","2023年02月01日",IF(J52="2023年3月","2023年3月1日",IF(J52="2023年4月","2023年4月1日",IF(J52="2023年5月","2023年5月1日",IF(J52="2023年6月","2023年6月1日",IF(J52="2023年7月","2023年7月1日",IF(J52="2023年8月","2023年8月1日",IF(J52="2023年9月","2023年9月1日",IF(J52="2023年10月","2023年10月1日",IF(J52="2023年11月","2023年11月1日",IF(J52="2023年12月","2023年12月1日")))))))))))) -> FALSE | AE52: =IF(K52="2023年01月","2023年01月31日",IF(K52="2023年02月","2023年02月28日",IF(K52="2023年3月","2023年3月31日",IF(K52="2023年4月","2023年4月30日",IF(K52="2023年5月","2023年5月31日",IF(K52="2023年6月","2023年6月30日",IF(K52="2023年7月","2023年7月31日",IF(K52="2023年8月","2023年8月31日",IF(K52="2023年9月","2023年9月30日",IF(K52="2023年10月","2023年10月31日",IF(K52="2023年11月","2023年11月30日",IF(K52="2023年12月","2023年12月31日")))))))))))) -> FALSE
A53: 51 | B53: 预试 | C53: 考核 | D53: 110kV | E53: 关键 | F53: 芳花增乙线 | G53: 进出段：#01-#03、#17-#22、#25-#27 中间段：#04-#16、#23-#24 | H53: 进出段：#17-#22 中间段：#04-#16、#23-#24 | I53: 22 | J53: 45017 | K53: 2023年4月30日 | L53: 否 | M53: 输电管理二所 | N53: 蔡昊晖 | O53: 张春勇 | P53: 白云中心 | Q53: 22 | R53: 2023-04-06 08:21:00 | S53: 2023-04-06 12:09:00 | T53: 22 | U53: 22 | V53: 1 | W53: 1 | Y53: JH030120230106-020405 | Z53: 已完成 | AD53: =IF(J53="2023年01月","2023年01月01日",IF(J53="2023年02月","2023年02月01日",IF(J53="2023年3月","2023年3月1日",IF(J53="2023年4月","2023年4月1日",IF(J53="2023年5月","2023年5月1日",IF(J53="2023年6月","2023年6月1日",IF(J53="2023年7月","2023年7月1日",IF(J53="2023年8月","2023年8月1日",IF(J53="2023年9月","2023年9月1日",IF(J53="2023年10月","2023年10月1日",IF(J53="2023年11月","2023年11月1日",IF(J53="2023年12月","2023年12月1日")))))))))))) -> FALSE | AE53: =IF(K53="2023年01月","2023年01月31日",IF(K53="2023年02月","2023年02月28日",IF(K53="2023年3月","2023年3月31日",IF(K53="2023年4月","2023年4月30日",IF(K53="2023年5月","2023年5月31日",IF(K53="2023年6月","2023年6月30日",IF(K53="2023年7月","2023年7月31日",IF(K53="2023年8月","2023年8月31日",IF(K53="2023年9月","2023年9月30日",IF(K53="2023年10月","2023年10月31日",IF(K53="2023年11月","2023年11月30日",IF(K53="2023年12月","2023年12月31日")))))))))))) -> FALSE
A54: 52 | B54: 预试 | C54: 考核 | D54: 110kV | E54: 关键 | F54: 芳花增乙线冲口乙支线 | G54: 进出段：#00-#02、#16-#18 中间段：#03-#15 | H54: 进出段：#16-#18 中间段：#07-#15 | I54: 12 | J54: 45017 | K54: 2023年4月30日 | L54: 否 | M54: 输电管理二所 | N54: 蔡昊晖 | O54: 张春勇 | P54: 白云中心 | Q54: 12 | R54: 2023-04-03 08:13:00 | S54: 2023-04-04 12:13:00 | T54: 12 | U54: 12 | V54: 1 | W54: 1 | Y54: JH030120230106-020410 | Z54: 已完成 | AD54: =IF(J54="2023年01月","2023年01月01日",IF(J54="2023年02月","2023年02月01日",IF(J54="2023年3月","2023年3月1日",IF(J54="2023年4月","2023年4月1日",IF(J54="2023年5月","2023年5月1日",IF(J54="2023年6月","2023年6月1日",IF(J54="2023年7月","2023年7月1日",IF(J54="2023年8月","2023年8月1日",IF(J54="2023年9月","2023年9月1日",IF(J54="2023年10月","2023年10月1日",IF(J54="2023年11月","2023年11月1日",IF(J54="2023年12月","2023年12月1日")))))))))))) -> FALSE | AE54: =IF(K54="2023年01月","2023年01月31日",IF(K54="2023年02月","2023年02月28日",IF(K54="2023年3月","2023年3月31日",IF(K54="2023年4月","2023年4月30日",IF(K54="2023年5月","2023年5月31日",IF(K54="2023年6月","2023年6月30日",IF(K54="2023年7月","2023年7月31日",IF(K54="2023年8月","2023年8月31日",IF(K54="2023年9月","2023年9月30日",IF(K54="2023年10月","2023年10月31日",IF(K54="2023年11月","2023年11月30日",IF(K54="2023年12月","2023年12月31日")))))))))))) -> FALSE
A55: 53 | B55: 预试 | C55: 考核 | D55: 110kV | E55: 关键 | F55: 花罗甲线 | G55: 进出段：#01-#03、#16-#18、#19-#21、#33-#35 中间段：#04-#15、#22-#32 | H55: 进出段：#16-#18、#19-#21 中间段：#04-#15、#22-#32 | I55: 29 | J55: 45017 | K55: 2023年4月30日 | L55: 否 | M55: 输电管理二所 | N55: 蔡昊晖 | O55: 马万里 | P55: 白云中心 | Q55: 29 | R55: 2023-04-25 08:45:00 | S55: 2023-04-25 12:04:00 | T55: 29 | U55: 29 | V55: 1 | W55: 1 | Y55: JH030120230106-020263 | Z55: 已完成 | AD55: =IF(J55="2023年01月","2023年01月01日",IF(J55="2023年02月","2023年02月01日",IF(J55="2023年3月","2023年3月1日",IF(J55="2023年4月","2023年4月1日",IF(J55="2023年5月","2023年5月1日",IF(J55="2023年6月","2023年6月1日",IF(J55="2023年7月","2023年7月1日",IF(J55="2023年8月","2023年8月1日",IF(J55="2023年9月","2023年9月1日",IF(J55="2023年10月","2023年10月1日",IF(J55="2023年11月","2023年11月1日",IF(J55="2023年12月","2023年12月1日")))))))))))) -> FALSE | AE55: =IF(K55="2023年01月","2023年01月31日",IF(K55="2023年02月","2023年02月28日",IF(K55="2023年3月","2023年3月31日",IF(K55="2023年4月","2023年4月30日",IF(K55="2023年5月","2023年5月31日",IF(K55="2023年6月","2023年6月30日",IF(K55="2023年7月","2023年7月31日",IF(K55="2023年8月","2023年8月31日",IF(K55="2023年9月","2023年9月30日",IF(K55="2023年10月","2023年10月31日",IF(K55="2023年11月","2023年11月30日",IF(K55="2023年12月","2023年12月31日")))))))))))) -> FALSE
A56: 54 | B56: 预试 | C56: 考核 | D56: 220kV | E56: 关键 | F56: 花泮线 | G56: 进出段：#01-#03、#16-#18、#19-#21、#41-#43 中间段：#04-#15、#22-#40 | H56: 进出段：#16-#18、#19-#21 中间段：#04-#15、#22-#40 | I56: 37 | J56: 45017 | K56: 2023年4月30日 | L56: 否 | M56: 输电管理二所 | N56: 蔡昊晖 | O56: 马万里 | P56: 白云中心 | Q56: 37 | R56: 2023-04-25 08:45:00 | S56: 2023-04-25 12:04:00 | T56: 37 | U56: 37 | V56: 1 | W56: 1 | Y56: JH030120230106-020263 | Z56: 已完成 | AD56: =IF(J56="2023年01月","2023年01月01日",IF(J56="2023年02月","2023年02月01日",IF(J56="2023年3月","2023年3月1日",IF(J56="2023年4月","2023年4月1日",IF(J56="2023年5月","2023年5月1日",IF(J56="2023年6月","2023年6月1日",IF(J56="2023年7月","2023年7月1日",IF(J56="2023年8月","2023年8月1日",IF(J56="2023年9月","2023年9月1日",IF(J56="2023年10月","2023年10月1日",IF(J56="2023年11月","2023年11月1日",IF(J56="2023年12月","2023年12月1日")))))))))))) -> FALSE | AE56: =IF(K56="2023年01月","2023年01月31日",IF(K56="2023年02月","2023年02月28日",IF(K56="2023年3月","2023年3月31日",IF(K56="2023年4月","2023年4月30日",IF(K56="2023年5月","2023年5月31日",IF(K56="2023年6月","2023年6月30日",IF(K56="2023年7月","2023年7月31日",IF(K56="2023年8月","2023年8月31日",IF(K56="2023年9月","2023年9月30日",IF(K56="2023年10月","2023年10月31日",IF(K56="2023年11月","2023年11月30日",IF(K56="2023年12月","2023年12月31日")))))))))))) -> FALSE
A57: 55 | B57: 预试 | C57: 考核 | D57: 110kV | E57: 关键 | F57: 花桃甲线 | G57: 进出段：#01-#03、#10-#12 中间段：#04-#09 | H57: 进出段：#10-#12 中间段：#04-#09 | I57: 9 | J57: 45017 | K57: 2023年4月30日 | L57: 否 | M57: 输电管理二所 | N57: 蔡昊晖 | O57: 张春勇 | P57: 白云中心 | Q57: 9 | R57: 2023-04-04 08:23:00 | S57: 2023-04-04 12:36:00 | T57: 9 | U57: 9 | V57: 1 | W57: 1 | Y57: JH030120230106-020417 | Z57: 已完成 | AD57: =IF(J57="2023年01月","2023年01月01日",IF(J57="2023年02月","2023年02月01日",IF(J57="2023年3月","2023年3月1日",IF(J57="2023年4月","2023年4月1日",IF(J57="2023年5月","2023年5月1日",IF(J57="2023年6月","2023年6月1日",IF(J57="2023年7月","2023年7月1日",IF(J57="2023年8月","2023年8月1日",IF(J57="2023年9月","2023年9月1日",IF(J57="2023年10月","2023年10月1日",IF(J57="2023年11月","2023年11月1日",IF(J57="2023年12月","2023年12月1日")))))))))))) -> FALSE | AE57: =IF(K57="2023年01月","2023年01月31日",IF(K57="2023年02月","2023年02月28日",IF(K57="2023年3月","2023年3月31日",IF(K57="2023年4月","2023年4月30日",IF(K57="2023年5月","2023年5月31日",IF(K57="2023年6月","2023年6月30日",IF(K57="2023年7月","2023年7月31日",IF(K57="2023年8月","2023年8月31日",IF(K57="2023年9月","2023年9月30日",IF(K57="2023年10月","2023年10月31日",IF(K57="2023年11月","2023年11月30日",IF(K57="2023年12月","2023年12月31日")))))))))))) -> FALSE
A58: 56 | B58: 预试 | C58: 考核 | D58: 110kV | E58: 关键 | F58: 花桃乙线 | G58: 进出段：#01-#03、#11-#13 中间段：#04-#10 | H58: 进出段：#11-#13 中间段：#04-#10 | I58: 10 | J58: 45017 | K58: 2023年4月30日 | L58: 否 | M58: 输电管理二所 | N58: 蔡昊晖 | O58: 张春勇 | P58: 白云中心 | Q58: 10 | R58: 2023-04-04 08:23:00 | S58: 2023-04-04 12:36:00 | T58: 10 | U58: 10 | V58: 1 | W58: 1 | Y58: JH030120230106-020417 | Z58: 已完成 | AD58: =IF(J58="2023年01月","2023年01月01日",IF(J58="2023年02月","2023年02月01日",IF(J58="2023年3月","2023年3月1日",IF(J58="2023年4月","2023年4月1日",IF(J58="2023年5月","2023年5月1日",IF(J58="2023年6月","2023年6月1日",IF(J58="2023年7月","2023年7月1日",IF(J58="2023年8月","2023年8月1日",IF(J58="2023年9月","2023年9月1日",IF(J58="2023年10月","2023年10月1日",IF(J58="2023年11月","2023年11月1日",IF(J58="2023年12月","2023年12月1日")))))))))))) -> FALSE | AE58: =IF(K58="2023年01月","2023年01月31日",IF(K58="2023年02月","2023年02月28日",IF(K58="2023年3月","2023年3月31日",IF(K58="2023年4月","2023年4月30日",IF(K58="2023年5月","2023年5月31日",IF(K58="2023年6月","2023年6月30日",IF(K58="2023年7月","2023年7月31日",IF(K58="2023年8月","2023年8月31日",IF(K58="2023年9月","2023年9月30日",IF(K58="2023年10月","2023年10月31日",IF(K58="2023年11月","2023年11月30日",IF(K58="2023年12月","2023年12月31日")))))))))))) -> FALSE
A59: 57 | B59: 预试 | C59: 考核 | D59: 110kV | E59: 关注 | F59: 罗槎线同德乙支线 | G59: 进出段：#08-#09 中间段：#01-#07 | H59: 中间段：#01-#07 | I59: 7 | J59: 45017 | K59: 2023年4月30日 | L59: 否 | M59: 输电管理二所 | N59: 蔡昊晖 | O59: 王运辉 | P59: 白云中心 | Q59: 7 | R59: 2023-04-24 08:20:00 | S59: 2023-04-24 15:36:00 | T59: 7 | U59: 7 | V59: 1 | W59: 1 | Y59: JH030120230106-020383 | Z59: 已完成 | AD59: =IF(J59="2023年01月","2023年01月01日",IF(J59="2023年02月","2023年02月01日",IF(J59="2023年3月","2023年3月1日",IF(J59="2023年4月","2023年4月1日",IF(J59="2023年5月","2023年5月1日",IF(J59="2023年6月","2023年6月1日",IF(J59="2023年7月","2023年7月1日",IF(J59="2023年8月","2023年8月1日",IF(J59="2023年9月","2023年9月1日",IF(J59="2023年10月","2023年10月1日",IF(J59="2023年11月","2023年11月1日",IF(J59="2023年12月","2023年12月1日")))))))))))) -> FALSE | AE59: =IF(K59="2023年01月","2023年01月31日",IF(K59="2023年02月","2023年02月28日",IF(K59="2023年3月","2023年3月31日",IF(K59="2023年4月","2023年4月30日",IF(K59="2023年5月","2023年5月31日",IF(K59="2023年6月","2023年6月30日",IF(K59="2023年7月","2023年7月31日",IF(K59="2023年8月","2023年8月31日",IF(K59="2023年9月","2023年9月30日",IF(K59="2023年10月","2023年10月31日",IF(K59="2023年11月","2023年11月30日",IF(K59="2023年12月","2023年12月31日")))))))))))) -> FALSE
A60: 58 | B60: 预试 | C60: 考核 | D60: 110kV | E60: 重要 | F60: 罗石线 | G60: 进出段：#01-#03、#23-#26、#37-#39 中间段：#04-#36 | H60: 进出段：#23-#26 中间段：#04-#21、#26-#36 | I60: 34 | J60: 45017 | K60: 2023年4月30日 | L60: 否 | M60: 输电管理二所 | N60: 蔡昊晖 | O60: 王运辉 | P60: 白云中心 | Q60: 34 | R60: 2023-04-25 08:15:00 | S60: 2023-04-25 11:15:00 | T60: 34 | U60: 34 | V60: 1 | W60: 1 | Y60: JH030120230106-020369 | Z60: 已完成 | AD60: =IF(J60="2023年01月","2023年01月01日",IF(J60="2023年02月","2023年02月01日",IF(J60="2023年3月","2023年3月1日",IF(J60="2023年4月","2023年4月1日",IF(J60="2023年5月","2023年5月1日",IF(J60="2023年6月","2023年6月1日",IF(J60="2023年7月","2023年7月1日",IF(J60="2023年8月","2023年8月1日",IF(J60="2023年9月","2023年9月1日",IF(J60="2023年10月","2023年10月1日",IF(J60="2023年11月","2023年11月1日",IF(J60="2023年12月","2023年12月1日")))))))))))) -> FALSE | AE60: =IF(K60="2023年01月","2023年01月31日",IF(K60="2023年02月","2023年02月28日",IF(K60="2023年3月","2023年3月31日",IF(K60="2023年4月","2023年4月30日",IF(K60="2023年5月","2023年5月31日",IF(K60="2023年6月","2023年6月30日",IF(K60="2023年7月","2023年7月31日",IF(K60="2023年8月","2023年8月31日",IF(K60="2023年9月","2023年9月30日",IF(K60="2023年10月","2023年10月31日",IF(K60="2023年11月","2023年11月30日",IF(K60="2023年12月","2023年12月31日")))))))))))) -> FALSE
A61: 59 | B61: 预试 | C61: 考核 | D61: 110kV | E61: 重要 | F61: 罗石线同德甲支线 | G61: 进出段：#08-#10 中间段：#01-#07 | H61: 中间段：#01-#07 | I61: 7 | J61: 45017 | K61: 2023年4月30日 | L61: 否 | M61: 输电管理二所 | N61: 蔡昊晖 | O61: 王运辉 | P61: 白云中心 | Q61: 7 | R61: 2023-04-24 08:20:00 | S61: 2023-04-24 15:36:00 | T61: 7 | U61: 7 | V61: 1 | W61: 1 | Y61: JH030120230106-020383 | Z61: 已完成 | AD61: =IF(J61="2023年01月","2023年01月01日",IF(J61="2023年02月","2023年02月01日",IF(J61="2023年3月","2023年3月1日",IF(J61="2023年4月","2023年4月1日",IF(J61="2023年5月","2023年5月1日",IF(J61="2023年6月","2023年6月1日",IF(J61="2023年7月","2023年7月1日",IF(J61="2023年8月","2023年8月1日",IF(J61="2023年9月","2023年9月1日",IF(J61="2023年10月","2023年10月1日",IF(J61="2023年11月","2023年11月1日",IF(J61="2023年12月","2023年12月1日")))))))))))) -> FALSE | AE61: =IF(K61="2023年01月","2023年01月31日",IF(K61="2023年02月","2023年02月28日",IF(K61="2023年3月","2023年3月31日",IF(K61="2023年4月","2023年4月30日",IF(K61="2023年5月","2023年5月31日",IF(K61="2023年6月","2023年6月30日",IF(K61="2023年7月","2023年7月31日",IF(K61="2023年8月","2023年8月31日",IF(K61="2023年9月","2023年9月30日",IF(K61="2023年10月","2023年10月31日",IF(K61="2023年11月","2023年11月30日",IF(K61="2023年12月","2023年12月31日")))))))))))) -> FALSE
A62: 60 | B62: 预试 | C62: 考核 | D62: 220kV | E62: 关键 | F62: 泮罗线 | G62: 进出段：#01-#03、#21-#23 中间段：#04-#20 | H62: 中间段：#04-#20 | I62: 17 | J62: 45017 | K62: 2023年4月30日 | L62: 否 | M62: 输电管理二所 | N62: 蔡昊晖 | O62: 马万里 | P62: 白云中心 | Q62: 17 | R62: 2023-04-11 08:31:00 | S62: 2023-04-11 11:31:00 | T62: 17 | U62: 17 | V62: 1 | W62: 1 | Y62: JH030120230106-020323 | Z62: 已完成 | AD62: =IF(J62="2023年01月","2023年01月01日",IF(J62="2023年02月","2023年02月01日",IF(J62="2023年3月","2023年3月1日",IF(J62="2023年4月","2023年4月1日",IF(J62="2023年5月","2023年5月1日",IF(J62="2023年6月","2023年6月1日",IF(J62="2023年7月","2023年7月1日",IF(J62="2023年8月","2023年8月1日",IF(J62="2023年9月","2023年9月1日",IF(J62="2023年10月","2023年10月1日",IF(J62="2023年11月","2023年11月1日",IF(J62="2023年12月","2023年12月1日")))))))))))) -> FALSE | AE62: =IF(K62="2023年01月","2023年01月31日",IF(K62="2023年02月","2023年02月28日",IF(K62="2023年3月","2023年3月31日",IF(K62="2023年4月","2023年4月30日",IF(K62="2023年5月","2023年5月31日",IF(K62="2023年6月","2023年6月30日",IF(K62="2023年7月","2023年7月31日",IF(K62="2023年8月","2023年8月31日",IF(K62="2023年9月","2023年9月30日",IF(K62="2023年10月","2023年10月31日",IF(K62="2023年11月","2023年11月30日",IF(K62="2023年12月","2023年12月31日")))))))))))) -> FALSE
... A70: 68 | B70: 预试 | C70: 考核 | D70: 110kV | E70: 一般 | F70: 涌峰乙线山村甲支线 | G70: 进出段：#00-#02、#07-#09 中间段：#03-#06 | H70: 进出段：#00-#02、#07-#09 | I70: 6 | J70: 45017 | K70: 2023年4月30日 | L70: 否 | M70: 输电管理二所 | N70: 蔡昊晖 | O70: 马万里 | P70: 白云中心 | Q70: 6 | R70: 2023-04-11 08:31:00 | S70: 2023-04-11 11:31:00 | T70: 6 | U70: 6 | V70: 1 | W70: 1 | Y70: JH030120230106-020323 | Z70: 已完成 | AD70: =IF(J70="2023年01月","2023年01月01日",IF(J70="2023年02月","2023年02月01日",IF(J70="2023年3月","2023年3月1日",IF(J70="2023年4月","2023年4月1日",IF(J70="2023年5月","2023年5月1日",IF(J70="2023年6月","2023年6月1日",IF(J70="2023年7月","2023年7月1日",IF(J70="2023年8月","2023年8月1日",IF(J70="2023年9月","2023年9月1日",IF(J70="2023年10月","2023年10月1日",IF(J70="2023年11月","2023年11月1日",IF(J70="2023年12月","2023年12月1日")))))))))))) -> FALSE | AE70: =IF(K70="2023年01月","2023年01月31日",IF(K70="2023年02月","2023年02月28日",IF(K70="2023年3月","2023年3月31日",IF(K70="2023年4月","2023年4月30日",IF(K70="2023年5月","2023年5月31日",IF(K70="2023年6月","2023年6月30日",IF(K70="2023年7月","2023年7月31日",IF(K70="2023年8月","2023年8月31日",IF(K70="2023年9月","2023年9月30日",IF(K70="2023年10月","2023年10月31日",IF(K70="2023年11月","2023年11月30日",IF(K70="2023年12月","2023年12月31日")))))))))))) -> FALSE
A71: 69 | B71: 预试 | C71: 考核 | D71: 220kV | E71: 关注 | F71: 北茶甲线 | G71: 进出线段：#01-#03、#64-#66；中间段：#04-#63 | H71: 进出线段：#01-#03、#64-#66 中间段：#45-54 新投运：#53-#57 | I71: 20 | J71: 44958 | K71: 2023年02月28日 | L71: 否 | M71: 输电管理二所 | N71: 蔡昊晖 | O71: 邓茂村 | P71: 白云中心 | Q71: 20 | R71: 2023-02-23 16:47:00 | S71: 2023-02-27 16:47:00 | T71: 20 | U71: 20 | V71: 1 | W71: 1 | Y71: JH030120230104-004788 | Z71: 已完成 | AA71: 无 | AD71: =IF(J71="2023年01月","2023年01月01日",IF(J71="2023年02月","2023年02月01日",IF(J71="2023年3月","2023年3月1日",IF(J71="2023年4月","2023年4月1日",IF(J71="2023年5月","2023年5月1日",IF(J71="2023年6月","2023年6月1日",IF(J71="2023年7月","2023年7月1日",IF(J71="2023年8月","2023年8月1日",IF(J71="2023年9月","2023年9月1日",IF(J71="2023年10月","2023年10月1日",IF(J71="2023年11月","2023年11月1日",IF(J71="2023年12月","2023年12月1日")))))))))))) -> FALSE | AE71: =IF(K71="2023年01月","2023年01月31日",IF(K71="2023年02月","2023年02月28日",IF(K71="2023年3月","2023年3月31日",IF(K71="2023年4月","2023年4月30日",IF(K71="2023年5月","2023年5月31日",IF(K71="2023年6月","2023年6月30日",IF(K71="2023年7月","2023年7月31日",IF(K71="2023年8月","2023年8月31日",IF(K71="2023年9月","2023年9月30日",IF(K71="2023年10月","2023年10月31日",IF(K71="2023年11月","2023年11月30日",IF(K71="2023年12月","2023年12月31日")))))))))))) -> FALSE
A72: 70 | B72: 预试 | C72: 考核 | D72: 220kV | E72: 关注 | F72: 北茶乙线 | G72: 进出线段：#01-#03、#65-#67；中间段：#04-#64 | H72: 进出线段：#01-#03、#65-#67 中间段：#45-54 新投运：#53-#57 | I72: 21 | J72: 44959 | K72: 2023年02月28日 | L72: 否 | M72: 输电管理二所 | N72: 蔡昊晖 | O72: 邓茂村 | P72: 白云中心 | Q72: 21 | R72: 2023-02-23 16:47:00 | S72: 2023-02-27 16:47:00 | T72: 21 | U72: 21 | V72: 1 | W72: 1 | Y72: JH030120230104-004788 | Z72: 已完成 | AA72: 无 | AD72: =IF(J72="2023年01月","2023年01月01日",IF(J72="2023年02月","2023年02月01日",IF(J72="2023年3月","2023年3月1日",IF(J72="2023年4月","2023年4月1日",IF(J72="2023年5月","2023年5月1日",IF(J72="2023年6月","2023年6月1日",IF(J72="2023年7月","2023年7月1日",IF(J72="2023年8月","2023年8月1日",IF(J72="2023年9月","2023年9月1日",IF(J72="2023年10月","2023年10月1日",IF(J72="2023年11月","2023年11月1日",IF(J72="2023年12月","2023年12月1日")))))))))))) -> FALSE | AE72: =IF(K72="2023年01月","2023年01月31日",IF(K72="2023年02月","2023年02月28日",IF(K72="2023年3月","2023年3月31日",IF(K72="2023年4月","2023年4月30日",IF(K72="2023年5月","2023年5月31日",IF(K72="2023年6月","2023年6月30日",IF(K72="2023年7月","2023年7月31日",IF(K72="2023年8月","2023年8月31日",IF(K72="2023年9月","2023年9月30日",IF(K72="2023年10月","2023年10月31日",IF(K72="2023年11月","2023年11月30日",IF(K72="2023年12月","2023年12月31日")))))))))))) -> FALSE
A73: 71 | B73: 预试 | C73: 考核 | D73: 220kV | E73: 关注（7-9月重要） | F73: 北汉甲线 | G73: 进出线段：#01-#03、#66-#68； 中间段：#04-#65 | H73: 中间段：#15-#30、#31-#41、#53-#65 新投运#42-#52 | I73: 53 | J73: 44960 | K73: 2023年02月28日 | L73: 否 | M73: 输电管理二所 | N73: 蔡昊晖 | O73: 邓茂村 | P73: 白云中心 | Q73: 53 | R73: 2023-02-23 08:48:00 | S73: 2023-02-28 16:48:00 | T73: 53 | U73: 53 | V73: 1 | W73: 1 | Y73: JH030120230104-004789 | Z73: 已完成 | AD73: =IF(J73="2023年01月","2023年01月01日",IF(J73="2023年02月","2023年02月01日",IF(J73="2023年3月","2023年3月1日",IF(J73="2023年4月","2023年4月1日",IF(J73="2023年5月","2023年5月1日",IF(J73="2023年6月","2023年6月1日",IF(J73="2023年7月","2023年7月1日",IF(J73="2023年8月","2023年8月1日",IF(J73="2023年9月","2023年9月1日",IF(J73="2023年10月","2023年10月1日",IF(J73="2023年11月","2023年11月1日",IF(J73="2023年12月","2023年12月1日")))))))))))) -> FALSE | AE73: =IF(K73="2023年01月","2023年01月31日",IF(K73="2023年02月","2023年02月28日",IF(K73="2023年3月","2023年3月31日",IF(K73="2023年4月","2023年4月30日",IF(K73="2023年5月","2023年5月31日",IF(K73="2023年6月","2023年6月30日",IF(K73="2023年7月","2023年7月31日",IF(K73="2023年8月","2023年8月31日",IF(K73="2023年9月","2023年9月30日",IF(K73="2023年10月","2023年10月31日",IF(K73="2023年11月","2023年11月30日",IF(K73="2023年12月","2023年12月31日")))))))))))) -> FALSE
A74: 72 | B74: 预试 | C74: 考核 | D74: 220kV | E74: 关注（7-9月重要） | F74: 北汉乙线 | G74: 进出线段：#01-#03、#66-#68； 中间段：#04-#65 | H74: 中间段：#15-#30、#31-#41、#53-#65 新投运#42-#52 | I74: 53 | J74: 44961 | K74: 2023年02月28日 | L74: 否 | M74: 输电管理二所 | N74: 蔡昊晖 | O74: 邓茂村 | P74: 白云中心 | Q74: 53 | R74: 2023-02-23 08:48:00 | S74: 2023-02-28 16:48:00 | T74: 53 | U74: 53 | V74: 1 | W74: 1 | Y74: JH030120230104-004789 | Z74: 已完成 | AD74: =IF(J74="2023年01月","2023年01月01日",IF(J74="2023年02月","2023年02月01日",IF(J74="2023年3月","2023年3月1日",IF(J74="2023年4月","2023年4月1日",IF(J74="2023年5月","2023年5月1日",IF(J74="2023年6月","2023年6月1日",IF(J74="2023年7月","2023年7月1日",IF(J74="2023年8月","2023年8月1日",IF(J74="2023年9月","2023年9月1日",IF(J74="2023年10月","2023年10月1日",IF(J74="2023年11月","2023年11月1日",IF(J74="2023年12月","2023年12月1日")))))))))))) -> FALSE | AE74: =IF(K74="2023年01月","2023年01月31日",IF(K74="2023年02月","2023年02月28日",IF(K74="2023年3月","2023年3月31日",IF(K74="2023年4月","2023年4月30日",IF(K74="2023年5月","2023年5月31日",IF(K74="2023年6月","2023年6月30日",IF(K74="2023年7月","2023年7月31日",IF(K74="2023年8月","2023年8月31日",IF(K74="2023年9月","2023年9月30日",IF(K74="2023年10月","2023年10月31日",IF(K74="2023年11月","2023年11月30日",IF(K74="2023年12月","2023年12月31日")))))))))))) -> FALSE
A75: 73 | B75: 预试 | C75: 考核 | D75: 220kV | E75: 一般 | F75: 退运北汉甲乙线 | G75: 出线段：#01-#03、进线段：无 中间段：#04-#16 | H75: 中间段：#09-#16 | I75: 8 | J75: 44962 | K75: 2023年02月28日 | L75: 否 | M75: 输电管理二所 | N75: 蔡昊晖 | O75: 邓茂村 | P75: 白云中心 | Q75: 8 | R75: 2023-02-14 08:53:00 | S75: 2023-02-27 16:53:00 | T75: 8 | U75: 8 | V75: 1 | W75: 1 | Y75: JH030120230104-005411 | Z75: 已完成 | AA75: 无 | AD75: =IF(J75="2023年01月","2023年01月01日",IF(J75="2023年02月","2023年02月01日",IF(J75="2023年3月","2023年3月1日",IF(J75="2023年4月","2023年4月1日",IF(J75="2023年5月","2023年5月1日",IF(J75="2023年6月","2023年6月1日",IF(J75="2023年7月","2023年7月1日",IF(J75="2023年8月","2023年8月1日",IF(J75="2023年9月","2023年9月1日",IF(J75="2023年10月","2023年10月1日",IF(J75="2023年11月","2023年11月1日",IF(J75="2023年12月","2023年12月1日")))))))))))) -> FALSE | AE75: =IF(K75="2023年01月","2023年01月31日",IF(K75="2023年02月","2023年02月28日",IF(K75="2023年3月","2023年3月31日",IF(K75="2023年4月","2023年4月30日",IF(K75="2023年5月","2023年5月31日",IF(K75="2023年6月","2023年6月30日",IF(K75="2023年7月","2023年7月31日",IF(K75="2023年8月","2023年8月31日",IF(K75="2023年9月","2023年9月30日",IF(K75="2023年10月","2023年10月31日",IF(K75="2023年11月","2023年11月30日",IF(K75="2023年12月","2023年12月31日")))))))))))) -> FALSE
A76: 74 | B76: 预试 | C76: 考核 | D76: 220kV | E76: 一般 | F76: 退运北麒甲线 退运北犀乙线 | G76: 进出线段：无 中间段：#16-#39 | H76: 中间段：#23-#29 | I76: 7 | J76: 45047 | K76: 2023年5月31日 | L76: 否 | M76: 输电管理二所 | N76: 蔡昊晖 | O76: 邓茂村 | P76: 白云中心 | Q76: 7 | R76: 2023-05-19 08:34:00 | S76: 2023-05-19 11:51:00 | T76: 7 | U76: 7 | V76: 1 | W76: 1 | X76: 工单与计划名称不对应 | Y76: JH030120230104-005410 | Z76: 已完成 | AB76: 请核对修改 | AD76: =IF(J76="2023年01月","2023年01月01日",IF(J76="2023年02月","2023年02月01日",IF(J76="2023年3月","2023年3月1日",IF(J76="2023年4月","2023年4月1日",IF(J76="2023年5月","2023年5月1日",IF(J76="2023年6月","2023年6月1日",IF(J76="2023年7月","2023年7月1日",IF(J76="2023年8月","2023年8月1日",IF(J76="2023年9月","2023年9月1日",IF(J76="2023年10月","2023年10月1日",IF(J76="2023年11月","2023年11月1日",IF(J76="2023年12月","2023年12月1日")))))))))))) -> FALSE | AE76: =IF(K76="2023年01月","2023年01月31日",IF(K76="2023年02月","2023年02月28日",IF(K76="2023年3月","2023年3月31日",IF(K76="2023年4月","2023年4月30日",IF(K76="2023年5月","2023年5月31日",IF(K76="2023年6月","2023年6月30日",IF(K76="2023年7月","2023年7月31日",IF(K76="2023年8月","2023年8月31日",IF(K76="2023年9月","2023年9月30日",IF(K76="2023年10月","2023年10月31日",IF(K76="2023年11月","2023年11月30日",IF(K76="2023年12月","2023年12月31日")))))))))))) -> FALSE
A77: 75 | B77: 预试 | C77: 考核 | D77: 220kV | E77: 关注（7-9月关键） | F77: 北嘉甲线 | G77: 进出线段：#01-#03、#26-#28；中间段：#04-#25 | H77: 进出线段：#01-#03、#26-#28 中间段：#16-#25 | I77: 16 | J77: 44964 | K77: 2023年02月28日 | L77: 否 | M77: 输电管理二所 | N77: 蔡昊晖 | O77: 梁嘉亮 | P77: 白云中心 | Q77: 16 | R77: 2023-02-15 16:49:00 | S77: 2023-02-28 16:49:00 | T77: 16 | U77: 16 | V77: 1 | W77: 1 | Y77: JH030120230104-005493 | Z77: 已完成 | AD77: =IF(J77="2023年01月","2023年01月01日",IF(J77="2023年02月","2023年02月01日",IF(J77="2023年3月","2023年3月1日",IF(J77="2023年4月","2023年4月1日",IF(J77="2023年5月","2023年5月1日",IF(J77="2023年6月","2023年6月1日",IF(J77="2023年7月","2023年7月1日",IF(J77="2023年8月","2023年8月1日",IF(J77="2023年9月","2023年9月1日",IF(J77="2023年10月","2023年10月1日",IF(J77="2023年11月","2023年11月1日",IF(J77="2023年12月","2023年12月1日")))))))))))) -> FALSE | AE77: =IF(K77="2023年01月","2023年01月31日",IF(K77="2023年02月","2023年02月28日",IF(K77="2023年3月","2023年3月31日",IF(K77="2023年4月","2023年4月30日",IF(K77="2023年5月","2023年5月31日",IF(K77="2023年6月","2023年6月30日",IF(K77="2023年7月","2023年7月31日",IF(K77="2023年8月","2023年8月31日",IF(K77="2023年9月","2023年9月30日",IF(K77="2023年10月","2023年10月31日",IF(K77="2023年11月","2023年11月30日",IF(K77="2023年12月","2023年12月31日")))))))))))) -> FALSE
A78: 76 | B78: 预试 | C78: 考核 | D78: 220kV | E78: 关注（7-9月关键） | F78: 北嘉乙线 | G78: 进出线段：#01-#03、#26-#28；中间段：#04-#25 | H78: 进出线段：#01-#03、#26-#28 中间段：#16-#25 | I78: 16 | J78: 44965 | K78: 2023年02月28日 | L78: 否 | M78: 输电管理二所 | N78: 蔡昊晖 | O78: 梁嘉亮 | P78: 白云中心 | Q78: 16 | R78: 2023-02-15 16:49:00 | S78: 2023-02-28 16:49:00 | T78: 16 | U78: 16 | V78: 1 | W78: 1 | Y78: JH030120230104-005493 | Z78: 已完成 | AD78: =IF(J78="2023年01月","2023年01月01日",IF(J78="2023年02月","2023年02月01日",IF(J78="2023年3月","2023年3月1日",IF(J78="2023年4月","2023年4月1日",IF(J78="2023年5月","2023年5月1日",IF(J78="2023年6月","2023年6月1日",IF(J78="2023年7月","2023年7月1日",IF(J78="2023年8月","2023年8月1日",IF(J78="2023年9月","2023年9月1日",IF(J78="2023年10月","2023年10月1日",IF(J78="2023年11月","2023年11月1日",IF(J78="2023年12月","2023年12月1日")))))))))))) -> FALSE | AE78: =IF(K78="2023年01月","2023年01月31日",IF(K78="2023年02月","2023年02月28日",IF(K78="2023年3月","2023年3月31日",IF(K78="2023年4月","2023年4月30日",IF(K78="2023年5月","2023年5月31日",IF(K78="2023年6月","2023年6月30日",IF(K78="2023年7月","2023年7月31日",IF(K78="2023年8月","2023年8月31日",IF(K78="2023年9月","2023年9月30日",IF(K78="2023年10月","2023年10月31日",IF(K78="2023年11月","2023年11月30日",IF(K78="2023年12月","2023年12月31日")))))))))))) -> FALSE
A79: 77 | B79: 预试 | C79: 考核 | D79: 500kV | E79: 关键 | F79: 北增甲线 | G79: 进出线段：#01-#03、#101-#104；中间段：#04-#100 | H79: 进出线段：#101-#103、 中间段：#46-#81 新投运#82-#100 | I79: 57 | J79: 44994 | K79: 2023年3月31日 | L79: 否 | M79: 输电管理二所 | N79: 蔡昊晖 | O79: 容志松 | P79: 白云中心 | Q79: 57 | R79: 2023-03-20 09:00:00 | S79: 2023-03-20 12:26:00 | T79: 57 | U79: 57 | V79: 1 | W79: 1 | Y79: JH030120230104-005494 | Z79: 已完成 | AA79: 无 | AD79: =IF(J79="2023年01月","2023年01月01日",IF(J79="2023年02月","2023年02月01日",IF(J79="2023年3月","2023年3月1日",IF(J79="2023年4月","2023年4月1日",IF(J79="2023年5月","2023年5月1日",IF(J79="2023年6月","2023年6月1日",IF(J79="2023年7月","2023年7月1日",IF(J79="2023年8月","2023年8月1日",IF(J79="2023年9月","2023年9月1日",IF(J79="2023年10月","2023年10月1日",IF(J79="2023年11月","2023年11月1日",IF(J79="2023年12月","2023年12月1日")))))))))))) -> FALSE | AE79: =IF(K79="2023年01月","2023年01月31日",IF(K79="2023年02月","2023年02月28日",IF(K79="2023年3月","2023年3月31日",IF(K79="2023年4月","2023年4月30日",IF(K79="2023年5月","2023年5月31日",IF(K79="2023年6月","2023年6月30日",IF(K79="2023年7月","2023年7月31日",IF(K79="2023年8月","2023年8月31日",IF(K79="2023年9月","2023年9月30日",IF(K79="2023年10月","2023年10月31日",IF(K79="2023年11月","2023年11月30日",IF(K79="2023年12月","2023年12月31日")))))))))))) -> FALSE
A80: 78 | B80: 预试 | C80: 考核 | D80: 500kV | E80: 关键 | F80: 北增乙线 | G80: 进出线段：#01-#03、#96-#98；中间段：#04-#95 | H80: 进出线段：#96-#98、 中间段：#46-#76 新投运：#77-#93 | I80: 40 | J80: 44995 | K80: 2023年3月31日 | L80: 否 | M80: 输电管理二所 | N80: 蔡昊晖 | O80: 潘永洪 | P80: 白云中心 | Q80: 40 | R80: 2023-03-20 09:00:00 | S80: 2023-03-20 12:26:00 | T80: 40 | U80: 40 | V80: 1 | W80: 1 | Y80: JH030120230104-005494 | Z80: 已完成 | AA80: 无 | AD80: =IF(J80="2023年01月","2023年01月01日",IF(J80="2023年02月","2023年02月01日",IF(J80="2023年3月","2023年3月1日",IF(J80="2023年4月","2023年4月1日",IF(J80="2023年5月","2023年5月1日",IF(J80="2023年6月","2023年6月1日",IF(J80="2023年7月","2023年7月1日",IF(J80="2023年8月","2023年8月1日",IF(J80="2023年9月","2023年9月1日",IF(J80="2023年10月","2023年10月1日",IF(J80="2023年11月","2023年11月1日",IF(J80="2023年12月","2023年12月1日")))))))))))) -> FALSE | AE80: =IF(K80="2023年01月","2023年01月31日",IF(K80="2023年02月","2023年02月28日",IF(K80="2023年3月","2023年3月31日",IF(K80="2023年4月","2023年4月30日",IF(K80="2023年5月","2023年5月31日",IF(K80="2023年6月","2023年6月30日",IF(K80="2023年7月","2023年7月31日",IF(K80="2023年8月","2023年8月31日",IF(K80="2023年9月","2023年9月30日",IF(K80="2023年10月","2023年10月31日",IF(K80="2023年11月","2023年11月30日",IF(K80="2023年12月","2023年12月31日")))))))))))) -> FALSE
A81: 79 | B81: 预试 | C81: 考核 | D81: 110kV | E81: 关注 | F81: 茶汉丙线 | G81: 进出线段：#01-#03、#102-#106； 中间段：#04-#105 | H81: 中间段：#54-#73 新投运#16、#17 | I81: 22 | J81: 44995 | K81: 2023年3月31日 | L81: 否 | M81: 输电管理二所 | N81: 蔡昊晖 | O81: 陈志辉 | P81: 白云中心 | Q81: 22 | R81: 2023-03-20 09:00:00 | S81: 2023-03-20 12:44:00 | T81: 22 | U81: 22 | V81: 1 | W81: 1 | Y81: JH030120230104-005774 | Z81: 已完成 | AA81: 无 | AD81: =IF(J81="2023年01月","2023年01月01日",IF(J81="2023年02月","2023年02月01日",IF(J81="2023年3月","2023年3月1日",IF(J81="2023年4月","2023年4月1日",IF(J81="2023年5月","2023年5月1日",IF(J81="2023年6月","2023年6月1日",IF(J81="2023年7月","2023年7月1日",IF(J81="2023年8月","2023年8月1日",IF(J81="2023年9月","2023年9月1日",IF(J81="2023年10月","2023年10月1日",IF(J81="2023年11月","2023年11月1日",IF(J81="2023年12月","2023年12月1日")))))))))))) -> FALSE | AE81: =IF(K81="2023年01月","2023年01月31日",IF(K81="2023年02月","2023年02月28日",IF(K81="2023年3月","2023年3月31日",IF(K81="2023年4月","2023年4月30日",IF(K81="2023年5月","2023年5月31日",IF(K81="2023年6月","2023年6月30日",IF(K81="2023年7月","2023年7月31日",IF(K81="2023年8月","2023年8月31日",IF(K81="2023年9月","2023年9月30日",IF(K81="2023年10月","2023年10月31日",IF(K81="2023年11月","2023年11月30日",IF(K81="2023年12月","2023年12月31日")))))))))))) -> FALSE
A82: 80 | B82: 预试 | C82: 考核 | D82: 110kV | E82: 关注 | F82: 茶汉丙线太和甲支线 | G82: 进出线段：#00-#01 | H82: 进出线段：#00-#01 | I82: 2 | J82: 44995 | K82: 2023年3月31日 | L82: 否 | M82: 输电管理二所 | N82: 蔡昊晖 | O82: 陈志辉 | P82: 白云中心 | Q82: 2 | R82: 2023-03-20 09:00:00 | S82: 2023-03-20 12:44:00 | T82: 2 | U82: 2 | V82: 1 | W82: 1 | Y82: JH030120230104-005774 | Z82: 已完成 | AA82: 无 | AD82: =IF(J82="2023年01月","2023年01月01日",IF(J82="2023年02月","2023年02月01日",IF(J82="2023年3月","2023年3月1日",IF(J82="2023年4月","2023年4月1日",IF(J82="2023年5月","2023年5月1日",IF(J82="2023年6月","2023年6月1日",IF(J82="2023年7月","2023年7月1日",IF(J82="2023年8月","2023年8月1日",IF(J82="2023年9月","2023年9月1日",IF(J82="2023年10月","2023年10月1日",IF(J82="2023年11月","2023年11月1日",IF(J82="2023年12月","2023年12月1日")))))))))))) -> FALSE | AE82: =IF(K82="2023年01月","2023年01月31日",IF(K82="2023年02月","2023年02月28日",IF(K82="2023年3月","2023年3月31日",IF(K82="2023年4月","2023年4月30日",IF(K82="2023年5月","2023年5月31日",IF(K82="2023年6月","2023年6月30日",IF(K82="2023年7月","2023年7月31日",IF(K82="2023年8月","2023年8月31日",IF(K82="2023年9月","2023年9月30日",IF(K82="2023年10月","2023年10月31日",IF(K82="2023年11月","2023年11月30日",IF(K82="2023年12月","2023年12月31日")))))))))))) -> FALSE
A83: 81 | B83: 预试 | C83: 考核 | D83: 110kV | E83: 关注 | F83: 茶汉丙线钟落潭乙支线 | G83: 进出线段：#00 | H83: 进出线段：#00 | I83: 1 | J83: 44995 | K83: 2023年3月31日 | L83: 否 | M83: 输电管理二所 | N83: 蔡昊晖 | O83: 陈志辉 | P83: 白云中心 | Q83: 1 | R83: 2023-03-20 09:00:00 | S83: 2023-03-20 12:13:00 | T83: 1 | U83: 1 | V83: 1 | W83: 1 | Y83: JH030120230104-005775 | Z83: 已完成 | AA83: 无 | AD83: =IF(J83="2023年01月","2023年01月01日",IF(J83="2023年02月","2023年02月01日",IF(J83="2023年3月","2023年3月1日",IF(J83="2023年4月","2023年4月1日",IF(J83="2023年5月","2023年5月1日",IF(J83="2023年6月","2023年6月1日",IF(J83="2023年7月","2023年7月1日",IF(J83="2023年8月","2023年8月1日",IF(J83="2023年9月","2023年9月1日",IF(J83="2023年10月","2023年10月1日",IF(J83="2023年11月","2023年11月1日",IF(J83="2023年12月","2023年12月1日")))))))))))) -> FALSE | AE83: =IF(K83="2023年01月","2023年01月31日",IF(K83="2023年02月","2023年02月28日",IF(K83="2023年3月","2023年3月31日",IF(K83="2023年4月","2023年4月30日",IF(K83="2023年5月","2023年5月31日",IF(K83="2023年6月","2023年6月30日",IF(K83="2023年7月","2023年7月31日",IF(K83="2023年8月","2023年8月31日",IF(K83="2023年9月","2023年9月30日",IF(K83="2023年10月","2023年10月31日",IF(K83="2023年11月","2023年11月30日",IF(K83="2023年12月","2023年12月31日")))))))))))) -> FALSE
A84: 82 | B84: 预试 | C84: 考核 | D84: 110kV | E84: 关注 | F84: 茶汉丙线竹料丙支线 | G84: 进出线段：#10-#12 中间段： #00-#09 | H84: 中间段： #04-#07 | I84: 4 | J84: 44995 | K84: 2023年3月31日 | L84: 否 | M84: 输电管理二所 | N84: 蔡昊晖 | O84: 陈志辉 | P84: 白云中心 | Q84: 4 | R84: 2023-03-20 09:00:00 | S84: 2023-03-20 12:34:00 | T84: 4 | U84: 4 | V84: 1 | W84: 1 | Y84: JH030120230104-005776 | Z84: 已完成 | AA84: 无 | AD84: =IF(J84="2023年01月","2023年01月01日",IF(J84="2023年02月","2023年02月01日",IF(J84="2023年3月","2023年3月1日",IF(J84="2023年4月","2023年4月1日",IF(J84="2023年5月","2023年5月1日",IF(J84="2023年6月","2023年6月1日",IF(J84="2023年7月","2023年7月1日",IF(J84="2023年8月","2023年8月1日",IF(J84="2023年9月","2023年9月1日",IF(J84="2023年10月","2023年10月1日",IF(J84="2023年11月","2023年11月1日",IF(J84="2023年12月","2023年12月1日")))))))))))) -> FALSE | AE84: =IF(K84="2023年01月","2023年01月31日",IF(K84="2023年02月","2023年02月28日",IF(K84="2023年3月","2023年3月31日",IF(K84="2023年4月","2023年4月30日",IF(K84="2023年5月","2023年5月31日",IF(K84="2023年6月","2023年6月30日",IF(K84="2023年7月","2023年7月31日",IF(K84="2023年8月","2023年8月31日",IF(K84="2023年9月","2023年9月30日",IF(K84="2023年10月","2023年10月31日",IF(K84="2023年11月","2023年11月30日",IF(K84="2023年12月","2023年12月31日")))))))))))) -> FALSE
A85: 83 | B85: 预试 | C85: 考核 | D85: 110kV | E85: 关注（7-9月重要） | F85: 茶汉甲线 | G85: 进出线段：#01-#03 #72-#74 中间段：#04-#71 | H85: 中间段：#18-#71 新投运#14-#17 | I85: 57 | J85: 44995 | K85: 2023年3月31日 | L85: 否 | M85: 输电管理二所 | N85: 蔡昊晖 | O85: 黄灿明 | P85: 白云中心 | Q85: 57 | R85: 2023-04-24 08:30:00 | S85: 2023-04-24 14:24:00 | T85: 57 | U85: 57 | V85: 1 | W85: 1 | X85: 工单不规范 | Y85: JH030120221229-073809、JH030120221229-073795 | Z85: 已完成 | AD85: =IF(J85="2023年01月","2023年01月01日",IF(J85="2023年02月","2023年02月01日",IF(J85="2023年3月","2023年3月1日",IF(J85="2023年4月","2023年4月1日",IF(J85="2023年5月","2023年5月1日",IF(J85="2023年6月","2023年6月1日",IF(J85="2023年7月","2023年7月1日",IF(J85="2023年8月","2023年8月1日",IF(J85="2023年9月","2023年9月1日",IF(J85="2023年10月","2023年10月1日",IF(J85="2023年11月","2023年11月1日",IF(J85="2023年12月","2023年12月1日")))))))))))) -> FALSE | AE85: =IF(K85="2023年01月","2023年01月31日",IF(K85="2023年02月","2023年02月28日",IF(K85="2023年3月","2023年3月31日",IF(K85="2023年4月","2023年4月30日",IF(K85="2023年5月","2023年5月31日",IF(K85="2023年6月","2023年6月30日",IF(K85="2023年7月","2023年7月31日",IF(K85="2023年8月","2023年8月31日",IF(K85="2023年9月","2023年9月30日",IF(K85="2023年10月","2023年10月31日",IF(K85="2023年11月","2023年11月30日",IF(K85="2023年12月","2023年12月31日")))))))))))) -> FALSE
A86: 84 | B86: 预试 | C86: 考核 | D86: 110kV | E86: 关注（7-9月重要） | F86: 茶汉乙线 | G86: 进出线段：#01-#03 #72-#74 中间段：#04-#71 | H86: 中间段：#18-#71 新投运#14-#17 | I86: 57 | J86: 44995 | K86: 2023年3月31日 | L86: 否 | M86: 输电管理二所 | N86: 蔡昊晖 | O86: 黄灿明 | P86: 白云中心 | Q86: 57 | R86: 2023-04-24 08:29:00 | S86: 2023-04-24 14:19:00 | T86: 57 | U86: 57 | V86: 1 | W86: 1 | X86: 工单不规范 | Y86: JH030120221229-073809、JH030120221229-073795 | Z86: 已完成 | AD86: =IF(J86="2023年01月","2023年01月01日",IF(J86="2023年02月","2023年02月01日",IF(J86="2023年3月","2023年3月1日",IF(J86="2023年4月","2023年4月1日",IF(J86="2023年5月","2023年5月1日",IF(J86="2023年6月","2023年6月1日",IF(J86="2023年7月","2023年7月1日",IF(J86="2023年8月","2023年8月1日",IF(J86="2023年9月","2023年9月1日",IF(J86="2023年10月","2023年10月1日",IF(J86="2023年11月","2023年11月1日",IF(J86="2023年12月","2023年12月1日")))))))))))) -> FALSE | AE86: =IF(K86="2023年01月","2023年01月31日",IF(K86="2023年02月","2023年02月28日",IF(K86="2023年3月","2023年3月31日",IF(K86="2023年4月","2023年4月30日",IF(K86="2023年5月","2023年5月31日",IF(K86="2023年6月","2023年6月30日",IF(K86="2023年7月","2023年7月31日",IF(K86="2023年8月","2023年8月31日",IF(K86="2023年9月","2023年9月30日",IF(K86="2023年10月","2023年10月31日",IF(K86="2023年11月","2023年11月30日",IF(K86="2023年12月","2023年12月31日")))))))))))) -> FALSE
A87: 85 | B87: 预试 | C87: 考核 | D87: 110kV | E87: 关注（7-9月重要） | F87: 汉嘉线 | G87: 进出线段：#01-#03、#99-#101 中间段：#04-#98 | H87: 进出线段：#01-#03、#99-#101 中间段：#55-#98 | I87: 50 | J87: 45117 | K87: 2023年7月31日 | L87: 否 | M87: 输电管理二所 | N87: 蔡昊晖 | O87: 陈志辉、 谭颂华 | P87: 白云中心 | Q87: 50 | R87: 2023-04-12 08:01:00 | S87: 2023-04-12 16:01:00 | T87: 50 | U87: 50 | V87: 1 | W87: 1 | Y87: JH030120230104-005778 | Z87: 已完成 | AD87: =IF(J87="2023年01月","2023年01月01日",IF(J87="2023年02月","2023年02月01日",IF(J87="2023年3月","2023年3月1日",IF(J87="2023年4月","2023年4月1日",IF(J87="2023年5月","2023年5月1日",IF(J87="2023年6月","2023年6月1日",IF(J87="2023年7月","2023年7月1日",IF(J87="2023年8月","2023年8月1日",IF(J87="2023年9月","2023年9月1日",IF(J87="2023年10月","2023年10月1日",IF(J87="2023年11月","2023年11月1日",IF(J87="2023年12月","2023年12月1日")))))))))))) -> FALSE | AE87: =IF(K87="2023年01月","2023年01月31日",IF(K87="2023年02月","2023年02月28日",IF(K87="2023年3月","2023年3月31日",IF(K87="2023年4月","2023年4月30日",IF(K87="2023年5月","2023年5月31日",IF(K87="2023年6月","2023年6月30日",IF(K87="2023年7月","2023年7月31日",IF(K87="2023年8月","2023年8月31日",IF(K87="2023年9月","2023年9月30日",IF(K87="2023年10月","2023年10月31日",IF(K87="2023年11月","2023年11月30日",IF(K87="2023年12月","2023年12月31日")))))))))))) -> FALSE
A88: 86 | B88: 预试 | C88: 考核 | D88: 110kV | E88: 关注（7-9月重要） | F88: 汉嘉线龙归乙支线 | G88: 进出线段：#01-#03、 #47-#49 中间段：#04-#46 | H88: 进出线段：#01-#03、 #47-#49 中间段：#16-#30、#41-#46 | I88: 27 | J88: 45117 | K88: 2023年7月31日 | L88: 否 | M88: 输电管理二所 | N88: 蔡昊晖 | O88: 谭颂华 | P88: 白云中心 | Q88: 27 | R88: 2023-07-17 09:31:00 | S88: 2023-07-18 11:42:00 | T88: 27 | U88: 27 | V88: 1 | W88: 1 | Y88: JH030120230714-005062 | Z88: 已完成 | AD88: =IF(J88="2023年01月","2023年01月01日",IF(J88="2023年02月","2023年02月01日",IF(J88="2023年3月","2023年3月1日",IF(J88="2023年4月","2023年4月1日",IF(J88="2023年5月","2023年5月1日",IF(J88="2023年6月","2023年6月1日",IF(J88="2023年7月","2023年7月1日",IF(J88="2023年8月","2023年8月1日",IF(J88="2023年9月","2023年9月1日",IF(J88="2023年10月","2023年10月1日",IF(J88="2023年11月","2023年11月1日",IF(J88="2023年12月","2023年12月1日")))))))))))) -> FALSE | AE88: =IF(K88="2023年01月","2023年01月31日",IF(K88="2023年02月","2023年02月28日",IF(K88="2023年3月","2023年3月31日",IF(K88="2023年4月","2023年4月30日",IF(K88="2023年5月","2023年5月31日",IF(K88="2023年6月","2023年6月30日",IF(K88="2023年7月","2023年7月31日",IF(K88="2023年8月","2023年8月31日",IF(K88="2023年9月","2023年9月30日",IF(K88="2023年10月","2023年10月31日",IF(K88="2023年11月","2023年11月30日",IF(K88="2023年12月","2023年12月31日")))))))))))) -> FALSE
A89: 87 | B89: 预试 | C89: 考核 | D89: 110kV | E89: 关注（7-9月重要） | F89: 汉嘉线元洲乙支线 | G89: 进出线段：#00-#02、#25-#27；中间段：#03-#24 | H89: 进出线段：#25-#27 其余区段：#14-#24 | I89: 13 | J89: 45117 | K89: 2023年7月31日 | L89: 否 | M89: 输电管理二所 | N89: 蔡昊晖 | O89: 梁嘉亮 | P89: 白云中心 | Q89: 13 | R89: 2023-07-20 08:06:00 | S89: 2023-07-21 15:06:00 | T89: 13 | U89: 13 | V89: 1 | W89: 1 | X89: 【JH030120230104-006550】 | Y89: JH030120230104-006550 | Z89: 已完成 | AD89: =IF(J89="2023年01月","2023年01月01日",IF(J89="2023年02月","2023年02月01日",IF(J89="2023年3月","2023年3月1日",IF(J89="2023年4月","2023年4月1日",IF(J89="2023年5月","2023年5月1日",IF(J89="2023年6月","2023年6月1日",IF(J89="2023年7月","2023年7月1日",IF(J89="2023年8月","2023年8月1日",IF(J89="2023年9月","2023年9月1日",IF(J89="2023年10月","2023年10月1日",IF(J89="2023年11月","2023年11月1日",IF(J89="2023年12月","2023年12月1日")))))))))))) -> FALSE | AE89: =IF(K89="2023年01月","2023年01月31日",IF(K89="2023年02月","2023年02月28日",IF(K89="2023年3月","2023年3月31日",IF(K89="2023年4月","2023年4月30日",IF(K89="2023年5月","2023年5月31日",IF(K89="2023年6月","2023年6月30日",IF(K89="2023年7月","2023年7月31日",IF(K89="2023年8月","2023年8月31日",IF(K89="2023年9月","2023年9月30日",IF(K89="2023年10月","2023年10月31日",IF(K89="2023年11月","2023年11月30日",IF(K89="2023年12月","2023年12月31日")))))))))))) -> FALSE
A90: 88 | B90: 预试 | C90: 考核 | D90: 110kV | E90: 一般 | F90: 汉人甲线 | G90: 进出线段：#01-#03、#75-#77；中间段：#04-#74 | H90: 进出线段：#75-#77、 中间段：#39-#74 | I90: 38 | J90: 45117 | K90: 2023年7月31日 | L90: 否 | M90: 输电管理二所 | N90: 蔡昊晖 | O90: 陈志辉 | P90: 白云中心 | Q90: 38 | R90: 2023-04-20 08:04:00 | S90: 2023-04-20 17:00:00 | T90: 38 | U90: 38 | V90: 1 | W90: 1 | Y90: JH030120230104-006551 | Z90: 已完成 | AD90: =IF(J90="2023年01月","2023年01月01日",IF(J90="2023年02月","2023年02月01日",IF(J90="2023年3月","2023年3月1日",IF(J90="2023年4月","2023年4月1日",IF(J90="2023年5月","2023年5月1日",IF(J90="2023年6月","2023年6月1日",IF(J90="2023年7月","2023年7月1日",IF(J90="2023年8月","2023年8月1日",IF(J90="2023年9月","2023年9月1日",IF(J90="2023年10月","2023年10月1日",IF(J90="2023年11月","2023年11月1日",IF(J90="2023年12月","2023年12月1日")))))))))))) -> FALSE | AE90: =IF(K90="2023年01月","2023年01月31日",IF(K90="2023年02月","2023年02月28日",IF(K90="2023年3月","2023年3月31日",IF(K90="2023年4月","2023年4月30日",IF(K90="2023年5月","2023年5月31日",IF(K90="2023年6月","2023年6月30日",IF(K90="2023年7月","2023年7月31日",IF(K90="2023年8月","2023年8月31日",IF(K90="2023年9月","2023年9月30日",IF(K90="2023年10月","2023年10月31日",IF(K90="2023年11月","2023年11月30日",IF(K90="2023年12月","2023年12月31日")))))))))))) -> FALSE
A91: 89 | B91: 预试 | C91: 考核 | D91: 110kV | E91: 一般 | F91: 汉人甲线长榜甲支线 | G91: 进出线段：#00-#03、#04-#07 | H91: 进出线段：#04-#07 | I91: 4 | J91: 45117 | K91: 2023年7月31日 | L91: 否 | M91: 输电管理二所 | N91: 蔡昊晖 | O91: 陈志辉 | P91: 白云中心 | Q91: 4 | R91: 2023-07-24 08:31:00 | S91: 2023-07-24 15:31:00 | T91: 4 | U91: 4 | V91: 1 | W91: 1 | X91: 【JH030120230104-006552】 | Y91: JH030120230104-006552 | Z91: 已完成 | AD91: =IF(J91="2023年01月","2023年01月01日",IF(J91="2023年02月","2023年02月01日",IF(J91="2023年3月","2023年3月1日",IF(J91="2023年4月","2023年4月1日",IF(J91="2023年5月","2023年5月1日",IF(J91="2023年6月","2023年6月1日",IF(J91="2023年7月","2023年7月1日",IF(J91="2023年8月","2023年8月1日",IF(J91="2023年9月","2023年9月1日",IF(J91="2023年10月","2023年10月1日",IF(J91="2023年11月","2023年11月1日",IF(J91="2023年12月","2023年12月1日")))))))))))) -> FALSE | AE91: =IF(K91="2023年01月","2023年01月31日",IF(K91="2023年02月","2023年02月28日",IF(K91="2023年3月","2023年3月31日",IF(K91="2023年4月","2023年4月30日",IF(K91="2023年5月","2023年5月31日",IF(K91="2023年6月","2023年6月30日",IF(K91="2023年7月","2023年7月31日",IF(K91="2023年8月","2023年8月31日",IF(K91="2023年9月","2023年9月30日",IF(K91="2023年10月","2023年10月31日",IF(K91="2023年11月","2023年11月30日",IF(K91="2023年12月","2023年12月31日")))))))))))) -> FALSE
A92: 90 | B92: 预试 | C92: 考核 | D92: 110kV | E92: 一般 | F92: 汉人乙线 | G92: 进出线段：#01-#03、#72-#74；中间段：#04-#71 | H92: 进出线段：#72-#74、 中间段：#39-#66 | I92: 27 | J92: 45117 | K92: 2023年7月31日 | L92: 否 | M92: 输电管理二所 | N92: 蔡昊晖 | O92: 陈志辉 | P92: 白云中心 | Q92: 27 | R92: 2023-04-20 08:04:00 | S92: 2023-04-20 17:00:00 | T92: 27 | U92: 27 | V92: 1 | W92: 1 | Y92: JH030120230104-006551 | Z92: 已完成 | AD92: =IF(J92="2023年01月","2023年01月01日",IF(J92="2023年02月","2023年02月01日",IF(J92="2023年3月","2023年3月1日",IF(J92="2023年4月","2023年4月1日",IF(J92="2023年5月","2023年5月1日",IF(J92="2023年6月","2023年6月1日",IF(J92="2023年7月","2023年7月1日",IF(J92="2023年8月","2023年8月1日",IF(J92="2023年9月","2023年9月1日",IF(J92="2023年10月","2023年10月1日",IF(J92="2023年11月","2023年11月1日",IF(J92="2023年12月","2023年12月1日")))))))))))) -> FALSE | AE92: =IF(K92="2023年01月","2023年01月31日",IF(K92="2023年02月","2023年02月28日",IF(K92="2023年3月","2023年3月31日",IF(K92="2023年4月","2023年4月30日",IF(K92="2023年5月","2023年5月31日",IF(K92="2023年6月","2023年6月30日",IF(K92="2023年7月","2023年7月31日",IF(K92="2023年8月","2023年8月31日",IF(K92="2023年9月","2023年9月30日",IF(K92="2023年10月","2023年10月31日",IF(K92="2023年11月","2023年11月30日",IF(K92="2023年12月","2023年12月31日")))))))))))) -> FALSE
A93: 91 | B93: 预试 | C93: 考核 | D93: 110kV | E93: 一般 | F93: 汉人乙线长榜乙支线 | G93: 进出线段：#00-#03、#04-#07 | H93: 进出线段：#04-#07 | I93: 4 | J93: 45117 | K93: 2023年7月31日 | L93: 否 | M93: 输电管理二所 | N93: 蔡昊晖 | O93: 陈志辉 | P93: 白云中心 | Q93: 4 | R93: 2023-07-24 08:31:00 | S93: 2023-07-24 15:31:00 | T93: 4 | U93: 4 | V93: 1 | W93: 1 | X93: 【JH030120230104-006552】 | Y93: JH030120230104-006552 | Z93: 已完成 | AD93: =IF(J93="2023年01月","2023年01月01日",IF(J93="2023年02月","2023年02月01日",IF(J93="2023年3月","2023年3月1日",IF(J93="2023年4月","2023年4月1日",IF(J93="2023年5月","2023年5月1日",IF(J93="2023年6月","2023年6月1日",IF(J93="2023年7月","2023年7月1日",IF(J93="2023年8月","2023年8月1日",IF(J93="2023年9月","2023年9月1日",IF(J93="2023年10月","2023年10月1日",IF(J93="2023年11月","2023年11月1日",IF(J93="2023年12月","2023年12月1日")))))))))))) -> FALSE | AE93: =IF(K93="2023年01月","2023年01月31日",IF(K93="2023年02月","2023年02月28日",IF(K93="2023年3月","2023年3月31日",IF(K93="2023年4月","2023年4月30日",IF(K93="2023年5月","2023年5月31日",IF(K93="2023年6月","2023年6月30日",IF(K93="2023年7月","2023年7月31日",IF(K93="2023年8月","2023年8月31日",IF(K93="2023年9月","2023年9月30日",IF(K93="2023年10月","2023年10月31日",IF(K93="2023年11月","2023年11月30日",IF(K93="2023年12月","2023年12月31日")))))))))))) -> FALSE
A94: 92 | B94: 预试 | C94: 考核 | D94: 110kV | E94: 重要 | F94: 汉太线 | G94: 进出线段：#01-#03、#60-#62 中间段：#04-#59 | H94: 进出线段：#01-#03、#60-#62 中间段：#37-#59 | I94: 29 | J94: 45117 | K94: 2023年7月31日 | L94: 否 | M94: 输电管理二所 | N94: 蔡昊晖 | O94: 梁伟照 | P94: 白云中心 | Q94: 29 | R94: 2023-07-27 08:04:00 | S94: 2023-07-27 15:00:00 | T94: 29 | U94: 29 | V94: 1 | W94: 1 | Y94: JH030120230721-006596 | Z94: 已完成 | AD94: =IF(J94="2023年01月","2023年01月01日",IF(J94="2023年02月","2023年02月01日",IF(J94="2023年3月","2023年3月1日",IF(J94="2023年4月","2023年4月1日",IF(J94="2023年5月","2023年5月1日",IF(J94="2023年6月","2023年6月1日",IF(J94="2023年7月","2023年7月1日",IF(J94="2023年8月","2023年8月1日",IF(J94="2023年9月","2023年9月1日",IF(J94="2023年10月","2023年10月1日",IF(J94="2023年11月","2023年11月1日",IF(J94="2023年12月","2023年12月1日")))))))))))) -> FALSE | AE94: =IF(K94="2023年01月","2023年01月31日",IF(K94="2023年02月","2023年02月28日",IF(K94="2023年3月","2023年3月31日",IF(K94="2023年4月","2023年4月30日",IF(K94="2023年5月","2023年5月31日",IF(K94="2023年6月","2023年6月30日",IF(K94="2023年7月","2023年7月31日",IF(K94="2023年8月","2023年8月31日",IF(K94="2023年9月","2023年9月30日",IF(K94="2023年10月","2023年10月31日",IF(K94="2023年11月","2023年11月30日",IF(K94="2023年12月","2023年12月31日")))))))))))) -> FALSE
A95: 93 | B95: 预试 | C95: 考核 | D95: 110kV | E95: 重要 | F95: 汉太线九佛甲支线 | G95: 进出线段：#01-#03、#34-#36 其余区段：#04-33 | H95: 进出线段：#01-#03、#34-#36 其余区段：#04-20 | I95: 23 | J95: 45117 | K95: 2023年7月31日 | L95: 否 | M95: 输电管理二所 | N95: 蔡昊晖 | O95: 梁伟照 | P95: 白云中心 | Q95: 23 | R95: 2023-07-27 08:04:00 | S95: 2023-07-27 15:00:00 | T95: 23 | U95: 23 | V95: 1 | W95: 1 | X95: 【JH030120230104-006554】 | Y95: JH030120230104-006554 | Z95: 已完成 | AD95: =IF(J95="2023年01月","2023年01月01日",IF(J95="2023年02月","2023年02月01日",IF(J95="2023年3月","2023年3月1日",IF(J95="2023年4月","2023年4月1日",IF(J95="2023年5月","2023年5月1日",IF(J95="2023年6月","2023年6月1日",IF(J95="2023年7月","2023年7月1日",IF(J95="2023年8月","2023年8月1日",IF(J95="2023年9月","2023年9月1日",IF(J95="2023年10月","2023年10月1日",IF(J95="2023年11月","2023年11月1日",IF(J95="2023年12月","2023年12月1日")))))))))))) -> FALSE | AE95: =IF(K95="2023年01月","2023年01月31日",IF(K95="2023年02月","2023年02月28日",IF(K95="2023年3月","2023年3月31日",IF(K95="2023年4月","2023年4月30日",IF(K95="2023年5月","2023年5月31日",IF(K95="2023年6月","2023年6月30日",IF(K95="2023年7月","2023年7月31日",IF(K95="2023年8月","2023年8月31日",IF(K95="2023年9月","2023年9月30日",IF(K95="2023年10月","2023年10月31日",IF(K95="2023年11月","2023年11月30日",IF(K95="2023年12月","2023年12月31日")))))))))))) -> FALSE
A96: 94 | B96: 预试 | C96: 考核 | D96: 110kV | E96: 重要 | F96: 汉云甲线 | G96: 进出线段：#01-#03、#43-#45 其余区段：#04-#42 | H96: 中间段：#12-#42 | I96: 30 | J96: 45117 | K96: 2023年7月31日 | L96: 否 | M96: 输电管理二所 | N96: 蔡昊晖 | O96: 梁伟照 | P96: 白云中心 | Q96: 30 | R96: 2023-07-02 08:59:00 | S96: 2023-07-27 15:59:00 | T96: 30 | U96: 30 | V96: 1 | W96: 1 | Y96: JH030120230104-006555 | Z96: 已完成 | AD96: =IF(J96="2023年01月","2023年01月01日",IF(J96="2023年02月","2023年02月01日",IF(J96="2023年3月","2023年3月1日",IF(J96="2023年4月","2023年4月1日",IF(J96="2023年5月","2023年5月1日",IF(J96="2023年6月","2023年6月1日",IF(J96="2023年7月","2023年7月1日",IF(J96="2023年8月","2023年8月1日",IF(J96="2023年9月","2023年9月1日",IF(J96="2023年10月","2023年10月1日",IF(J96="2023年11月","2023年11月1日",IF(J96="2023年12月","2023年12月1日")))))))))))) -> FALSE | AE96: =IF(K96="2023年01月","2023年01月31日",IF(K96="2023年02月","2023年02月28日",IF(K96="2023年3月","2023年3月31日",IF(K96="2023年4月","2023年4月30日",IF(K96="2023年5月","2023年5月31日",IF(K96="2023年6月","2023年6月30日",IF(K96="2023年7月","2023年7月31日",IF(K96="2023年8月","2023年8月31日",IF(K96="2023年9月","2023年9月30日",IF(K96="2023年10月","2023年10月31日",IF(K96="2023年11月","2023年11月30日",IF(K96="2023年12月","2023年12月31日")))))))))))) -> FALSE
A97: 95 | B97: 预试 | C97: 考核 | D97: 110kV | E97: 重要 | F97: 汉云甲线九佛乙支线 | G97: 进出线段：#01-#03、#42-#44 其余区段：#04-41 | H97: 进出线段：#01-#03、#42-#44 其余区段：#04-19 | I97: 22 | J97: 45241 | K97: 2023年11月30日 | L97: 否 | M97: 输电管理二所 | N97: 蔡昊晖 | O97: 梁伟照 | P97: 白云中心 | Q97: 22 | R97: =IFERROR(VLOOKUP("*"&$F97&"*",接地电阻!$A:$AS,20,FALSE),IFERROR(VLOOKUP("*"&$F97&"*",接地电阻!$B:$AS,19,FALSE),"无")) -> 2023-11-07 08:40:00 | S97: =IFERROR(VLOOKUP("*"&$F97&"*",接地电阻!$A:$AS,21,FALSE),IFERROR(VLOOKUP("*"&$F97&"*",接地电阻!$B:$AS,20,FALSE),"无")) -> 2023-11-07 11:53:00 | T97: =IF(OR(S97=0,S97="无"),"",Q97) -> 22 | U97: =T97 -> 22 | V97: =IFERROR(IF(T97/Q97>0,T97/Q97,""),"") -> 1 | W97: =IFERROR(U97/T97,"") -> 1 | Y97: =IFERROR(VLOOKUP("*"&$F97&"*",接地电阻!$A:$AS,5,FALSE),IFERROR(VLOOKUP("*"&$F97&"*",接地电阻!$B:$AS,4,FALSE),"无")) -> JH030120230104-006556 | Z97: =IFERROR(VLOOKUP("*"&$F97&"*",接地电阻!$A:$AS,3,FALSE),IFERROR(VLOOKUP("*"&$F97&"*",接地电阻!$B:$AS,2,FALSE),"无")) -> 已完成 | AB97: 请规范填写线路名称 | AD97: =IF(J97="2023年01月","2023年01月01日",IF(J97="2023年02月","2023年02月01日",IF(J97="2023年3月","2023年3月1日",IF(J97="2023年4月","2023年4月1日",IF(J97="2023年5月","2023年5月1日",IF(J97="2023年6月","2023年6月1日",IF(J97="2023年7月","2023年7月1日",IF(J97="2023年8月","2023年8月1日",IF(J97="2023年9月","2023年9月1日",IF(J97="2023年10月","2023年10月1日",IF(J97="2023年11月","2023年11月1日",IF(J97="2023年12月","2023年12月1日")))))))))))) -> FALSE | AE97: =IF(K97="2023年01月","2023年01月31日",IF(K97="2023年02月","2023年02月28日",IF(K97="2023年3月","2023年3月31日",IF(K97="2023年4月","2023年4月30日",IF(K97="2023年5月","2023年5月31日",IF(K97="2023年6月","2023年6月30日",IF(K97="2023年7月","2023年7月31日",IF(K97="2023年8月","2023年8月31日",IF(K97="2023年9月","2023年9月30日",IF(K97="2023年10月","2023年10月31日",IF(K97="2023年11月","2023年11月30日",IF(K97="2023年12月","2023年12月31日")))))))))))) -> FALSE
A98: 96 | B98: 预试 | C98: 考核 | D98: 110kV | E98: 重要 | F98: 汉云乙线 | G98: 进出线段：#01-#03、#50-#53 其余区段：#04-#49 | H98: 进出线段：#01-#03、#50-#53 其余区段：#37-#49 | I98: 20 | J98: 45241 | K98: 2023年11月30日 | L98: 否 | M98: 输电管理二所 | N98: 蔡昊晖 | O98: 梁伟照 | P98: 白云中心 | Q98: 20 | R98: 2023-07-02 08:59:00 | S98: 2023-07-27 15:59:00 | T98: 20 | U98: 20 | V98: 1 | W98: 1 | Y98: JH030120230104-006555 | Z98: 已完成 | AD98: =IF(J98="2023年01月","2023年01月01日",IF(J98="2023年02月","2023年02月01日",IF(J98="2023年3月","2023年3月1日",IF(J98="2023年4月","2023年4月1日",IF(J98="2023年5月","2023年5月1日",IF(J98="2023年6月","2023年6月1日",IF(J98="2023年7月","2023年7月1日",IF(J98="2023年8月","2023年8月1日",IF(J98="2023年9月","2023年9月1日",IF(J98="2023年10月","2023年10月1日",IF(J98="2023年11月","2023年11月1日",IF(J98="2023年12月","2023年12月1日")))))))))))) -> FALSE | AE98: =IF(K98="2023年01月","2023年01月31日",IF(K98="2023年02月","2023年02月28日",IF(K98="2023年3月","2023年3月31日",IF(K98="2023年4月","2023年4月30日",IF(K98="2023年5月","2023年5月31日",IF(K98="2023年6月","2023年6月30日",IF(K98="2023年7月","2023年7月31日",IF(K98="2023年8月","2023年8月31日",IF(K98="2023年9月","2023年9月30日",IF(K98="2023年10月","2023年10月31日",IF(K98="2023年11月","2023年11月30日",IF(K98="2023年12月","2023年12月31日")))))))))))) -> FALSE
A99: 97 | B99: 预试 | C99: 考核 | D99: 110kV | E99: 关注（7-9月重要 | F99: 汉钟线 | G99: 进出线段：#01-#03、#15-#17 其余区段：#04-#14 | H99: 进出线段：#15-#17、中间段：#09-#14 | I99: 9 | J99: 45241 | K99: 2023年11月30日 | L99: 否 | M99: 输电管理二所 | N99: 蔡昊晖 | O99: 陈有英 | P99: 白云中心 | Q99: 9 | R99: 2023-10-18 08:40:00 | S99: 2023-10-18 11:46:00 | T99: 9 | U99: 9 | V99: 1 | W99: 1 | Y99: JH030120230104-006558 | Z99: 已完成 | AD99: =IF(J99="2023年01月","2023年01月01日",IF(J99="2023年02月","2023年02月01日",IF(J99="2023年3月","2023年3月1日",IF(J99="2023年4月","2023年4月1日",IF(J99="2023年5月","2023年5月1日",IF(J99="2023年6月","2023年6月1日",IF(J99="2023年7月","2023年7月1日",IF(J99="2023年8月","2023年8月1日",IF(J99="2023年9月","2023年9月1日",IF(J99="2023年10月","2023年10月1日",IF(J99="2023年11月","2023年11月1日",IF(J99="2023年12月","2023年12月1日")))))))))))) -> FALSE | AE99: =IF(K99="2023年01月","2023年01月31日",IF(K99="2023年02月","2023年02月28日",IF(K99="2023年3月","2023年3月31日",IF(K99="2023年4月","2023年4月30日",IF(K99="2023年5月","2023年5月31日",IF(K99="2023年6月","2023年6月30日",IF(K99="2023年7月","2023年7月31日",IF(K99="2023年8月","2023年8月31日",IF(K99="2023年9月","2023年9月30日",IF(K99="2023年10月","2023年10月31日",IF(K99="2023年11月","2023年11月30日",IF(K99="2023年12月","2023年12月31日")))))))))))) -> FALSE
A100: 98 | B100: 预试 | C100: 考核 | D100: 110kV | E100: 关注（7-9月重要 | F100: 汉钟线竹料乙支线 | G100: 进出线段：#06-#10；中间段：#00-#05 | H100: 进出线段：#08-#10 中间区段：#06-#07 | I100: 5 | J100: 45241 | K100: 2023年11月30日 | L100: 否 | M100: 输电管理二所 | N100: 蔡昊晖 | O100: 陈有英 | P100: 白云中心 | Q100: 5 | R100: 2023-10-18 08:40:00 | S100: 2023-10-18 11:46:00 | T100: 5 | U100: 5 | V100: 1 | W100: 1 | Y100: JH030120230104-006558 | Z100: 已完成 | AD100: =IF(J100="2023年01月","2023年01月01日",IF(J100="2023年02月","2023年02月01日",IF(J100="2023年3月","2023年3月1日",IF(J100="2023年4月","2023年4月1日",IF(J100="2023年5月","2023年5月1日",IF(J100="2023年6月","2023年6月1日",IF(J100="2023年7月","2023年7月1日",IF(J100="2023年8月","2023年8月1日",IF(J100="2023年9月","2023年9月1日",IF(J100="2023年10月","2023年10月1日",IF(J100="2023年11月","2023年11月1日",IF(J100="2023年12月","2023年12月1日")))))))))))) -> FALSE | AE100: =IF(K100="2023年01月","2023年01月31日",IF(K100="2023年02月","2023年02月28日",IF(K100="2023年3月","2023年3月31日",IF(K100="2023年4月","2023年4月30日",IF(K100="2023年5月","2023年5月31日",IF(K100="2023年6月","2023年6月30日",IF(K100="2023年7月","2023年7月31日",IF(K100="2023年8月","2023年8月31日",IF(K100="2023年9月","2023年9月30日",IF(K100="2023年10月","2023年10月31日",IF(K100="2023年11月","2023年11月30日",IF(K100="2023年12月","2023年12月31日")))))))))))) -> FALSE
