Workbook

Sheet 报告
B2: 报告：成功合并 44 个工作表，共 9869 行数据。
B4: 工作簿 | C4: 工作表 | D4: 合并状态 | E4: 合并后的位置
B5: 【附件】2.输电管理二所2024年预试检测计划（3月重要度修改-从化）.xlsx | C5: 报告 | D5: 成功 | E5: 报告 (2)'!B1:F49
B6: 【附件】2.输电管理二所2024年预试检测计划-按最新重要度调整-花都.xlsx | C6: 报告 | D6: 成功 | E6: 报告 (2)'!B50:F98
B7: 【附件】2.输电管理二所2024年预试检测计划-新-天河中心.xlsx | C7: 报告 | D7: 成功 | E7: 报告 (2)'!B99:F147
B8: 白云-【附件】2.输电管理二所2024年预试检测计划.xlsx | C8: 报告 | D8: 成功 | E8: 报告 (2)'!B148:F196
B9: 【附件】2.输电管理二所2024年预试检测计划（3月重要度修改-从化）.xlsx | C9: 1、架空线路红外检测 | D9: 成功 | E9: 1、架空线路红外检测'!B1:AA624
B10: 【附件】2.输电管理二所2024年预试检测计划-按最新重要度调整-花都.xlsx | C10: 1、架空线路红外检测 | D10: 成功 | E10: 1、架空线路红外检测'!B625:AA4670
B11: 【附件】2.输电管理二所2024年预试检测计划-新-天河中心.xlsx | C11: 1、架空线路红外检测 | D11: 成功 | E11: 1、架空线路红外检测'!B4671:AA5193
B12: 白云-【附件】2.输电管理二所2024年预试检测计划.xlsx | C12: 1、架空线路红外检测 | D12: 成功 | E12: 1、架空线路红外检测'!B5194:AA6765
B13: 【附件】2.输电管理二所2024年预试检测计划（3月重要度修改-从化）.xlsx | C13: 2、架空线路接地电阻测试 | D13: 成功 | E13: 2、架空线路接地电阻测试'!B1:Y29
B14: 【附件】2.输电管理二所2024年预试检测计划-按最新重要度调整-花都.xlsx | C14: 2、架空线路接地电阻测试 | D14: 成功 | E14: 2、架空线路接地电阻测试'!B30:Y117
B15: 【附件】2.输电管理二所2024年预试检测计划-新-天河中心.xlsx | C15: 2、架空线路接地电阻测试 | D15: 成功 | E15: 2、架空线路接地电阻测试'!B118:Y150
... B48: 白云-【附件】2.输电管理二所2024年预试检测计划.xlsx | C48: 8、非直埋式中间接头红外检测 | D48: 成功 | E48: 8、非直埋式中间接头红外检测'!B1:U144

Sheet 统计
C1: 1月份 | D1: 2月份 | E1: 3月份 | F1: 4月份 | G1: 5月份 | H1: 6月份 | I1: 7月份 | J1: 8月份 | K1: 9月份 | L1: 10月份 | M1: 11月份 | N1: 12月份
A2: 1、架空线路红外检测 | B2: 白云中心 | C2: =COUNTIFS('1、架空线路红外检测'!$R$4:$R$385,"白云中心",'1、架空线路红外检测'!$AG$4:$AG$385,"1月份已完成") -> 58 | D2: =COUNTIFS('1、架空线路红外检测'!$R$4:$R$385,"白云中心",'1、架空线路红外检测'!$AG$4:$AG$385,"2月份已完成") -> 11 | E2: =COUNTIFS('1、架空线路红外检测'!$R$4:$R$385,"白云中心",'1、架空线路红外检测'!$AG$4:$AG$385,"3月份已完成") -> 8 | F2: =COUNTIFS('1、架空线路红外检测'!$R$4:$R$385,"白云中心",'1、架空线路红外检测'!$AG$4:$AG$385,"4月份已完成") -> 8 | G2: =COUNTIFS('1、架空线路红外检测'!$R$4:$R$385,"白云中心",'1、架空线路红外检测'!$AG$4:$AG$385,"5月份已完成") -> 10 | H2: =COUNTIFS('1、架空线路红外检测'!$R$4:$R$385,"白云中心",'1、架空线路红外检测'!$AG$4:$AG$385,"6月份已完成") -> 15 | I2: =COUNTIFS('1、架空线路红外检测'!$R$4:$R$385,"白云中心",'1、架空线路红外检测'!$AG$4:$AG$385,"7月份已完成") -> 37 | J2: =COUNTIFS('1、架空线路红外检测'!$R$4:$R$385,"白云中心",'1、架空线路红外检测'!$AG$4:$AG$385,"8月份已完成") -> 4 | K2: =COUNTIFS('1、架空线路红外检测'!$R$4:$R$385,"白云中心",'1、架空线路红外检测'!$AG$4:$AG$385,"9月份已完成") -> 0 | L2: =COUNTIFS('1、架空线路红外检测'!$R$4:$R$385,"白云中心",'1、架空线路红外检测'!$AG$4:$AG$385,"10月份已完成") -> 0 | M2: =COUNTIFS('1、架空线路红外检测'!$R$4:$R$385,"白云中心",'1、架空线路红外检测'!$AG$4:$AG$385,"11月份已完成") -> 0 | N2: =COUNTIFS('1、架空线路红外检测'!$R$4:$R$385,"白云中心",'1、架空线路红外检测'!$AG$4:$AG$385,"12月份已完成") -> 0
B3: 从化中心 | C3: =COUNTIFS('1、架空线路红外检测'!$R$4:$R$385,"从化中心",'1、架空线路红外检测'!$AG$4:$AG$385,"1月份已完成") -> 38 | D3: =COUNTIFS('1、架空线路红外检测'!$R$4:$R$385,"从化中心",'1、架空线路红外检测'!$AG$4:$AG$385,"2月份已完成") -> 5 | E3: =COUNTIFS('1、架空线路红外检测'!$R$4:$R$385,"从化中心",'1、架空线路红外检测'!$AG$4:$AG$385,"3月份已完成") -> 3 | F3: =COUNTIFS('1、架空线路红外检测'!$R$4:$R$385,"从化中心",'1、架空线路红外检测'!$AG$4:$AG$385,"4月份已完成") -> 5 | G3: =COUNTIFS('1、架空线路红外检测'!$R$4:$R$385,"从化中心",'1、架空线路红外检测'!$AG$4:$AG$385,"5月份已完成") -> 0 | H3: =COUNTIFS('1、架空线路红外检测'!$R$4:$R$385,"从化中心",'1、架空线路红外检测'!$AG$4:$AG$385,"6月份已完成") -> 0 | I3: =COUNTIFS('1、架空线路红外检测'!$R$4:$R$385,"从化中心",'1、架空线路红外检测'!$AG$4:$AG$385,"7月份已完成") -> 2 | J3: =COUNTIFS('1、架空线路红外检测'!$R$4:$R$385,"从化中心",'1、架空线路红外检测'!$AG$4:$AG$385,"8月份已完成") -> 0 | K3: =COUNTIFS('1、架空线路红外检测'!$R$4:$R$385,"从化中心",'1、架空线路红外检测'!$AG$4:$AG$385,"9月份已完成") -> 0 | L3: =COUNTIFS('1、架空线路红外检测'!$R$4:$R$385,"从化中心",'1、架空线路红外检测'!$AG$4:$AG$385,"10月份已完成") -> 0 | M3: =COUNTIFS('1、架空线路红外检测'!$R$4:$R$385,"从化中心",'1、架空线路红外检测'!$AG$4:$AG$385,"11月份已完成") -> 0 | N3: =COUNTIFS('1、架空线路红外检测'!$R$4:$R$385,"从化中心",'1、架空线路红外检测'!$AG$4:$AG$385,"12月份已完成") -> 0
B4: 花都中心 | C4: =COUNTIFS('1、架空线路红外检测'!$R$4:$R$385,"花都中心",'1、架空线路红外检测'!$AG$4:$AG$385,"1月份已完成") -> 37 | D4: =COUNTIFS('1、架空线路红外检测'!$R$4:$R$385,"花都中心",'1、架空线路红外检测'!$AG$4:$AG$385,"2月份已完成") -> 19 | E4: =COUNTIFS('1、架空线路红外检测'!$R$4:$R$385,"花都中心",'1、架空线路红外检测'!$AG$4:$AG$385,"3月份已完成") -> 8 | F4: =COUNTIFS('1、架空线路红外检测'!$R$4:$R$385,"花都中心",'1、架空线路红外检测'!$AG$4:$AG$385,"4月份已完成") -> 5 | G4: =COUNTIFS('1、架空线路红外检测'!$R$4:$R$385,"花都中心",'1、架空线路红外检测'!$AG$4:$AG$385,"5月份已完成") -> 3 | H4: =COUNTIFS('1、架空线路红外检测'!$R$4:$R$385,"花都中心",'1、架空线路红外检测'!$AG$4:$AG$385,"6月份已完成") -> 26 | I4: =COUNTIFS('1、架空线路红外检测'!$R$4:$R$385,"花都中心",'1、架空线路红外检测'!$AG$4:$AG$385,"7月份已完成") -> 14 | J4: =COUNTIFS('1、架空线路红外检测'!$R$4:$R$385,"花都中心",'1、架空线路红外检测'!$AG$4:$AG$385,"8月份已完成") -> 1 | K4: =COUNTIFS('1、架空线路红外检测'!$R$4:$R$385,"花都中心",'1、架空线路红外检测'!$AG$4:$AG$385,"9月份已完成") -> 0 | L4: =COUNTIFS('1、架空线路红外检测'!$R$4:$R$385,"花都中心",'1、架空线路红外检测'!$AG$4:$AG$385,"10月份已完成") -> 0 | M4: =COUNTIFS('1、架空线路红外检测'!$R$4:$R$385,"花都中心",'1、架空线路红外检测'!$AG$4:$AG$385,"11月份已完成") -> 0 | N4: =COUNTIFS('1、架空线路红外检测'!$R$4:$R$385,"花都中心",'1、架空线路红外检测'!$AG$4:$AG$385,"12月份已完成") -> 0
B5: 天河中心 | C5: =COUNTIFS('1、架空线路红外检测'!$R$4:$R$385,"天河中心",'1、架空线路红外检测'!$AG$4:$AG$385,"1月份已完成") -> 21 | D5: =COUNTIFS('1、架空线路红外检测'!$R$4:$R$385,"天河中心",'1、架空线路红外检测'!$AG$4:$AG$385,"2月份已完成") -> 2 | E5: =COUNTIFS('1、架空线路红外检测'!$R$4:$R$385,"天河中心",'1、架空线路红外检测'!$AG$4:$AG$385,"3月份已完成") -> 3 | F5: =COUNTIFS('1、架空线路红外检测'!$R$4:$R$385,"天河中心",'1、架空线路红外检测'!$AG$4:$AG$385,"4月份已完成") -> 0 | G5: =COUNTIFS('1、架空线路红外检测'!$R$4:$R$385,"天河中心",'1、架空线路红外检测'!$AG$4:$AG$385,"5月份已完成") -> 0 | H5: =COUNTIFS('1、架空线路红外检测'!$R$4:$R$385,"天河中心",'1、架空线路红外检测'!$AG$4:$AG$385,"6月份已完成") -> 2 | I5: =COUNTIFS('1、架空线路红外检测'!$R$4:$R$385,"天河中心",'1、架空线路红外检测'!$AG$4:$AG$385,"7月份已完成") -> 20 | J5: =COUNTIFS('1、架空线路红外检测'!$R$4:$R$385,"天河中心",'1、架空线路红外检测'!$AG$4:$AG$385,"8月份已完成") -> 1 | K5: =COUNTIFS('1、架空线路红外检测'!$R$4:$R$385,"天河中心",'1、架空线路红外检测'!$AG$4:$AG$385,"9月份已完成") -> 0 | L5: =COUNTIFS('1、架空线路红外检测'!$R$4:$R$385,"天河中心",'1、架空线路红外检测'!$AG$4:$AG$385,"10月份已完成") -> 0 | M5: =COUNTIFS('1、架空线路红外检测'!$R$4:$R$385,"天河中心",'1、架空线路红外检测'!$AG$4:$AG$385,"11月份已完成") -> 0 | N5: =COUNTIFS('1、架空线路红外检测'!$R$4:$R$385,"天河中心",'1、架空线路红外检测'!$AG$4:$AG$385,"12月份已完成") -> 0
A6: 重要跨越区段测温 | B6: 白云中心 | C6: =COUNTIFS(重要跨越区段测温!$E$2:$E$935,"*白云*",重要跨越区段测温!$J$2:$J$935,"绿灯") -> 0 | D6: =COUNTIFS(重要跨越区段测温!$E$2:$E$935,"*白云*",重要跨越区段测温!$L$2:$L$935,"绿灯") -> 0 | E6: =COUNTIFS(重要跨越区段测温!$E$2:$E$935,"*白云*",重要跨越区段测温!$N$2:$N$935,"绿灯") -> 0 | F6: =COUNTIFS(重要跨越区段测温!$E$2:$E$935,"*白云*",重要跨越区段测温!$P$2:$P$935,"绿灯") -> 0 | G6: =COUNTIFS(重要跨越区段测温!$E$2:$E$935,"*白云*",重要跨越区段测温!$R$2:$R$935,"绿灯") -> 0 | H6: =COUNTIFS(重要跨越区段测温!$E$4:$E$935,"*白云*",重要跨越区段测温!$T$4:$T$935,"绿灯") -> 281 | I6: =COUNTIFS(重要跨越区段测温!$E$4:$E$935,"*白云*",重要跨越区段测温!$V$4:$V$935,"绿灯") -> 7 | J6: =COUNTIFS(重要跨越区段测温!$E$4:$E$935,"*白云*",重要跨越区段测温!$X$4:$X$935,"绿灯") -> 304 | K6: =COUNTIFS(重要跨越区段测温!$E$4:$E$935,"*白云*",重要跨越区段测温!$Z$4:$Z$935,"绿灯") -> 0 | L6: =COUNTIFS(重要跨越区段测温!$E$4:$E$935,"*白云*",重要跨越区段测温!$AB$4:$AB$935,"绿灯") -> 0 | M6: =COUNTIFS(重要跨越区段测温!$E$4:$E$935,"*白云*",重要跨越区段测温!$AD$4:$AD$935,"绿灯") -> 0 | N6: =COUNTIFS(重要跨越区段测温!$E$4:$E$935,"*白云*",重要跨越区段测温!$AF$4:$AF$935,"绿灯") -> 0
B7: 从化中心 | C7: =COUNTIFS(重要跨越区段测温!$E$2:$E$935,"*从化*",重要跨越区段测温!$J$2:$J$935,"绿灯") -> 0 | D7: =COUNTIFS(重要跨越区段测温!$E$2:$E$935,"*从化*",重要跨越区段测温!$L$2:$L$935,"绿灯") -> 0 | E7: =COUNTIFS(重要跨越区段测温!$E$2:$E$935,"*从化*",重要跨越区段测温!$N$2:$N$935,"绿灯") -> 0 | F7: =COUNTIFS(重要跨越区段测温!$E$2:$E$935,"*从化*",重要跨越区段测温!$P$2:$P$935,"绿灯") -> 0 | G7: =COUNTIFS(重要跨越区段测温!$E$2:$E$935,"*从化*",重要跨越区段测温!$R$2:$R$935,"绿灯") -> 0 | H7: =COUNTIFS(重要跨越区段测温!$E$4:$E$935,"*从化*",重要跨越区段测温!$T$4:$T$935,"绿灯") -> 140 | I7: =COUNTIFS(重要跨越区段测温!$E$4:$E$935,"*从化*",重要跨越区段测温!$V$4:$V$935,"绿灯") -> 0 | J7: =COUNTIFS(重要跨越区段测温!$E$4:$E$935,"*从化*",重要跨越区段测温!$X$4:$X$935,"绿灯") -> 140 | K7: =COUNTIFS(重要跨越区段测温!$E$4:$E$935,"*从化*",重要跨越区段测温!$Z$4:$Z$935,"绿灯") -> 0 | L7: =COUNTIFS(重要跨越区段测温!$E$4:$E$935,"*从化*",重要跨越区段测温!$AB$4:$AB$935,"绿灯") -> 0 | M7: =COUNTIFS(重要跨越区段测温!$E$4:$E$935,"*从化*",重要跨越区段测温!$AD$4:$AD$935,"绿灯") -> 0 | N7: =COUNTIFS(重要跨越区段测温!$E$4:$E$935,"*从化*",重要跨越区段测温!$AF$4:$AF$935,"绿灯") -> 0
B8: 花都中心 | C8: =COUNTIFS(重要跨越区段测温!$E$2:$E$935,"*花都*",重要跨越区段测温!$J$2:$J$935,"绿灯") -> 0 | D8: =COUNTIFS(重要跨越区段测温!$E$2:$E$935,"*花都*",重要跨越区段测温!$L$2:$L$935,"绿灯") -> 0 | E8: =COUNTIFS(重要跨越区段测温!$E$2:$E$935,"*花都*",重要跨越区段测温!$N$2:$N$935,"绿灯") -> 0 | F8: =COUNTIFS(重要跨越区段测温!$E$2:$E$935,"*花都*",重要跨越区段测温!$P$2:$P$935,"绿灯") -> 0 | G8: =COUNTIFS(重要跨越区段测温!$E$2:$E$935,"*花都*",重要跨越区段测温!$R$2:$R$935,"绿灯") -> 0 | H8: =COUNTIFS(重要跨越区段测温!$E$4:$E$935,"*花都*",重要跨越区段测温!$T$4:$T$935,"绿灯") -> 274 | I8: =COUNTIFS(重要跨越区段测温!$E$4:$E$935,"*花都*",重要跨越区段测温!$V$4:$V$935,"绿灯") -> 9 | J8: =COUNTIFS(重要跨越区段测温!$E$4:$E$935,"*花都*",重要跨越区段测温!$X$4:$X$935,"绿灯") -> 249 | K8: =COUNTIFS(重要跨越区段测温!$E$4:$E$935,"*花都*",重要跨越区段测温!$Z$4:$Z$935,"绿灯") -> 0 | L8: =COUNTIFS(重要跨越区段测温!$E$4:$E$935,"*花都*",重要跨越区段测温!$AB$4:$AB$935,"绿灯") -> 0 | M8: =COUNTIFS(重要跨越区段测温!$E$4:$E$935,"*花都*",重要跨越区段测温!$AD$4:$AD$935,"绿灯") -> 0 | N8: =COUNTIFS(重要跨越区段测温!$E$4:$E$935,"*花都*",重要跨越区段测温!$AF$4:$AF$935,"绿灯") -> 0
B9: 天河中心 | C9: =COUNTIFS(重要跨越区段测温!$E$2:$E$935,"*天河*",重要跨越区段测温!$J$2:$J$935,"绿灯") -> 0 | D9: =COUNTIFS(重要跨越区段测温!$E$2:$E$935,"*天河*",重要跨越区段测温!$L$2:$L$935,"绿灯") -> 0 | E9: =COUNTIFS(重要跨越区段测温!$E$2:$E$935,"*天河*",重要跨越区段测温!$N$2:$N$935,"绿灯") -> 0 | F9: =COUNTIFS(重要跨越区段测温!$E$2:$E$935,"*天河*",重要跨越区段测温!$P$2:$P$935,"绿灯") -> 0 | G9: =COUNTIFS(重要跨越区段测温!$E$2:$E$935,"*天河*",重要跨越区段测温!$R$2:$R$935,"绿灯") -> 0 | H9: =COUNTIFS(重要跨越区段测温!$E$4:$E$935,"*天河*",重要跨越区段测温!$T$4:$T$935,"绿灯") -> 145 | I9: =COUNTIFS(重要跨越区段测温!$E$4:$E$935,"*天河*",重要跨越区段测温!$V$4:$V$935,"绿灯") -> 0 | J9: =COUNTIFS(重要跨越区段测温!$E$4:$E$935,"*天河*",重要跨越区段测温!$X$4:$X$935,"绿灯") -> 144 | K9: =COUNTIFS(重要跨越区段测温!$E$4:$E$935,"*天河*",重要跨越区段测温!$Z$4:$Z$935,"绿灯") -> 0 | L9: =COUNTIFS(重要跨越区段测温!$E$4:$E$935,"*天河*",重要跨越区段测温!$AB$4:$AB$935,"绿灯") -> 0 | M9: =COUNTIFS(重要跨越区段测温!$E$4:$E$935,"*天河*",重要跨越区段测温!$AD$4:$AD$935,"绿灯") -> 0 | N9: =COUNTIFS(重要跨越区段测温!$E$4:$E$935,"*天河*",重要跨越区段测温!$AF$4:$AF$935,"绿灯") -> 0
A10: 2、架空线路接地电阻测试 | B10: 白云中心 | C10: =COUNTIFS('2、架空线路接地电阻测试'!$P$4:$P$250,"白云中心",'2、架空线路接地电阻测试'!$AE$4:$AE$250,"1月份已完成") -> 2 | D10: =COUNTIFS('2、架空线路接地电阻测试'!$P$4:$P$250,"白云中心",'2、架空线路接地电阻测试'!$AE$4:$AE$250,"2月份已完成") -> 10 | E10: =COUNTIFS('2、架空线路接地电阻测试'!$P$4:$P$250,"白云中心",'2、架空线路接地电阻测试'!$AE$4:$AE$250,"3月份已完成") -> 0 | F10: =COUNTIFS('2、架空线路接地电阻测试'!$P$4:$P$250,"白云中心",'2、架空线路接地电阻测试'!$AE$4:$AE$250,"4月份已完成") -> 23 | G10: =COUNTIFS('2、架空线路接地电阻测试'!$P$4:$P$250,"白云中心",'2、架空线路接地电阻测试'!$AE$4:$AE$250,"5月份已完成") -> 0 | H10: =COUNTIFS('2、架空线路接地电阻测试'!$P$4:$P$250,"白云中心",'2、架空线路接地电阻测试'!$AE$4:$AE$250,"6月份已完成") -> 0 | I10: =COUNTIFS('2、架空线路接地电阻测试'!$P$4:$P$250,"白云中心",'2、架空线路接地电阻测试'!$AE$4:$AE$250,"7月份已完成") -> 0 | J10: =COUNTIFS('2、架空线路接地电阻测试'!$P$4:$P$250,"白云中心",'2、架空线路接地电阻测试'!$AE$4:$AE$250,"8月份已完成") -> 0 | K10: =COUNTIFS('2、架空线路接地电阻测试'!$P$4:$P$250,"白云中心",'2、架空线路接地电阻测试'!$AE$4:$AE$250,"9月份已完成") -> 0 | L10: =COUNTIFS('2、架空线路接地电阻测试'!$P$4:$P$250,"白云中心",'2、架空线路接地电阻测试'!$AE$4:$AE$250,"10月份已完成") -> 0 | M10: =COUNTIFS('2、架空线路接地电阻测试'!$P$4:$P$250,"白云中心",'2、架空线路接地电阻测试'!$AE$4:$AE$250,"11月份已完成") -> 0 | N10: =COUNTIFS('2、架空线路接地电阻测试'!$P$4:$P$250,"白云中心",'2、架空线路接地电阻测试'!$AE$4:$AE$250,"12月份已完成") -> 0
B11: 从化中心 | C11: =COUNTIFS('2、架空线路接地电阻测试'!$P$4:$P$250,"从化中心",'2、架空线路接地电阻测试'!$AE$4:$AE$250,"1月份已完成") -> 0 | D11: =COUNTIFS('2、架空线路接地电阻测试'!$P$4:$P$250,"从化中心",'2、架空线路接地电阻测试'!$AE$4:$AE$250,"2月份已完成") -> 1 | E11: =COUNTIFS('2、架空线路接地电阻测试'!$P$4:$P$250,"从化中心",'2、架空线路接地电阻测试'!$AE$4:$AE$250,"3月份已完成") -> 0 | F11: =COUNTIFS('2、架空线路接地电阻测试'!$P$4:$P$250,"从化中心",'2、架空线路接地电阻测试'!$AE$4:$AE$250,"4月份已完成") -> 1 | G11: =COUNTIFS('2、架空线路接地电阻测试'!$P$4:$P$250,"从化中心",'2、架空线路接地电阻测试'!$AE$4:$AE$250,"5月份已完成") -> 0 | H11: =COUNTIFS('2、架空线路接地电阻测试'!$P$4:$P$250,"从化中心",'2、架空线路接地电阻测试'!$AE$4:$AE$250,"6月份已完成") -> 0 | I11: =COUNTIFS('2、架空线路接地电阻测试'!$P$4:$P$250,"从化中心",'2、架空线路接地电阻测试'!$AE$4:$AE$250,"7月份已完成") -> 0 | J11: =COUNTIFS('2、架空线路接地电阻测试'!$P$4:$P$250,"从化中心",'2、架空线路接地电阻测试'!$AE$4:$AE$250,"8月份已完成") -> 0 | K11: =COUNTIFS('2、架空线路接地电阻测试'!$P$4:$P$250,"从化中心",'2、架空线路接地电阻测试'!$AE$4:$AE$250,"9月份已完成") -> 0 | L11: =COUNTIFS('2、架空线路接地电阻测试'!$P$4:$P$250,"从化中心",'2、架空线路接地电阻测试'!$AE$4:$AE$250,"10月份已完成") -> 0 | M11: =COUNTIFS('2、架空线路接地电阻测试'!$P$4:$P$250,"从化中心",'2、架空线路接地电阻测试'!$AE$4:$AE$250,"11月份已完成") -> 0 | N11: =COUNTIFS('2、架空线路接地电阻测试'!$P$4:$P$250,"从化中心",'2、架空线路接地电阻测试'!$AE$4:$AE$250,"12月份已完成") -> 0
B12: 花都中心 | C12: =COUNTIFS('2、架空线路接地电阻测试'!$P$4:$P$250,"花都中心",'2、架空线路接地电阻测试'!$AE$4:$AE$250,"1月份已完成") -> 0 | D12: =COUNTIFS('2、架空线路接地电阻测试'!$P$4:$P$250,"花都中心",'2、架空线路接地电阻测试'!$AE$4:$AE$250,"2月份已完成") -> 0 | E12: =COUNTIFS('2、架空线路接地电阻测试'!$P$4:$P$250,"花都中心",'2、架空线路接地电阻测试'!$AE$4:$AE$250,"3月份已完成") -> 0 | F12: =COUNTIFS('2、架空线路接地电阻测试'!$P$4:$P$250,"花都中心",'2、架空线路接地电阻测试'!$AE$4:$AE$250,"4月份已完成") -> 0 | G12: =COUNTIFS('2、架空线路接地电阻测试'!$P$4:$P$250,"花都中心",'2、架空线路接地电阻测试'!$AE$4:$AE$250,"5月份已完成") -> 0 | H12: =COUNTIFS('2、架空线路接地电阻测试'!$P$4:$P$250,"花都中心",'2、架空线路接地电阻测试'!$AE$4:$AE$250,"6月份已完成") -> 0 | I12: =COUNTIFS('2、架空线路接地电阻测试'!$P$4:$P$250,"花都中心",'2、架空线路接地电阻测试'!$AE$4:$AE$250,"7月份已完成") -> 7 | J12: =COUNTIFS('2、架空线路接地电阻测试'!$P$4:$P$250,"花都中心",'2、架空线路接地电阻测试'!$AE$4:$AE$250,"8月份已完成") -> 4 | K12: =COUNTIFS('2、架空线路接地电阻测试'!$P$4:$P$250,"花都中心",'2、架空线路接地电阻测试'!$AE$4:$AE$250,"9月份已完成") -> 0 | L12: =COUNTIFS('2、架空线路接地电阻测试'!$P$4:$P$250,"花都中心",'2、架空线路接地电阻测试'!$AE$4:$AE$250,"10月份已完成") -> 0 | M12: =COUNTIFS('2、架空线路接地电阻测试'!$P$4:$P$250,"花都中心",'2、架空线路接地电阻测试'!$AE$4:$AE$250,"11月份已完成") -> 0 | N12: =COUNTIFS('2、架空线路接地电阻测试'!$P$4:$P$250,"花都中心",'2、架空线路接地电阻测试'!$AE$4:$AE$250,"12月份已完成") -> 0
B13: 天河中心 | C13: =COUNTIFS('2、架空线路接地电阻测试'!$P$4:$P$250,"天河中心",'2、架空线路接地电阻测试'!$AE$4:$AE$250,"1月份已完成") -> 0 | D13: =COUNTIFS('2、架空线路接地电阻测试'!$P$4:$P$250,"天河中心",'2、架空线路接地电阻测试'!$AE$4:$AE$250,"2月份已完成") -> 0 | E13: =COUNTIFS('2、架空线路接地电阻测试'!$P$4:$P$250,"天河中心",'2、架空线路接地电阻测试'!$AE$4:$AE$250,"3月份已完成") -> 0 | F13: =COUNTIFS('2、架空线路接地电阻测试'!$P$4:$P$250,"天河中心",'2、架空线路接地电阻测试'!$AE$4:$AE$250,"4月份已完成") -> 0 | G13: =COUNTIFS('2、架空线路接地电阻测试'!$P$4:$P$250,"天河中心",'2、架空线路接地电阻测试'!$AE$4:$AE$250,"5月份已完成") -> 0 | H13: =COUNTIFS('2、架空线路接地电阻测试'!$P$4:$P$250,"天河中心",'2、架空线路接地电阻测试'!$AE$4:$AE$250,"6月份已完成") -> 1 | I13: =COUNTIFS('2、架空线路接地电阻测试'!$P$4:$P$250,"天河中心",'2、架空线路接地电阻测试'!$AE$4:$AE$250,"7月份已完成") -> 2 | J13: =COUNTIFS('2、架空线路接地电阻测试'!$P$4:$P$250,"天河中心",'2、架空线路接地电阻测试'!$AE$4:$AE$250,"8月份已完成") -> 0 | K13: =COUNTIFS('2、架空线路接地电阻测试'!$P$4:$P$250,"天河中心",'2、架空线路接地电阻测试'!$AE$4:$AE$250,"9月份已完成") -> 0 | L13: =COUNTIFS('2、架空线路接地电阻测试'!$P$4:$P$250,"天河中心",'2、架空线路接地电阻测试'!$AE$4:$AE$250,"10月份已完成") -> 0 | M13: =COUNTIFS('2、架空线路接地电阻测试'!$P$4:$P$250,"天河中心",'2、架空线路接地电阻测试'!$AE$4:$AE$250,"11月份已完成") -> 0 | N13: =COUNTIFS('2、架空线路接地电阻测试'!$P$4:$P$250,"天河中心",'2、架空线路接地电阻测试'!$AE$4:$AE$250,"12月份已完成") -> 0
A14: 3、电缆线路交叉互联预试 | B14: 白云中心 | C14: =COUNTIFS('3、电缆线路交叉互联预试'!$M$4:$M$65,"白云中心",'3、电缆线路交叉互联预试'!$AJ$4:$AJ$65,"1月份已完成") -> 1 | D14: =COUNTIFS('3、电缆线路交叉互联预试'!$M$4:$M$65,"白云中心",'3、电缆线路交叉互联预试'!$AJ$4:$AJ$65,"2月份已完成") -> 1 | E14: =COUNTIFS('3、电缆线路交叉互联预试'!$M$4:$M$65,"白云中心",'3、电缆线路交叉互联预试'!$AJ$4:$AJ$65,"3月份已完成") -> 4 | F14: =COUNTIFS('3、电缆线路交叉互联预试'!$M$4:$M$65,"白云中心",'3、电缆线路交叉互联预试'!$AJ$4:$AJ$65,"4月份已完成") -> 4 | G14: =COUNTIFS('3、电缆线路交叉互联预试'!$M$4:$M$65,"白云中心",'3、电缆线路交叉互联预试'!$AJ$4:$AJ$65,"5月份已完成") -> 3 | H14: =COUNTIFS('3、电缆线路交叉互联预试'!$M$4:$M$65,"白云中心",'3、电缆线路交叉互联预试'!$AJ$4:$AJ$65,"6月份已完成") -> 1 | I14: =COUNTIFS('3、电缆线路交叉互联预试'!$M$4:$M$65,"白云中心",'3、电缆线路交叉互联预试'!$AJ$4:$AJ$65,"7月份已完成") -> 0 | J14: =COUNTIFS('3、电缆线路交叉互联预试'!$M$4:$M$65,"白云中心",'3、电缆线路交叉互联预试'!$AJ$4:$AJ$65,"8月份已完成") -> 2 | K14: =COUNTIFS('3、电缆线路交叉互联预试'!$M$4:$M$65,"白云中心",'3、电缆线路交叉互联预试'!$AJ$4:$AJ$65,"9月份已完成") -> 0 | L14: =COUNTIFS('3、电缆线路交叉互联预试'!$M$4:$M$65,"白云中心",'3、电缆线路交叉互联预试'!$AJ$4:$AJ$65,"10月份已完成") -> 0 | M14: =COUNTIFS('3、电缆线路交叉互联预试'!$M$4:$M$65,"白云中心",'3、电缆线路交叉互联预试'!$AJ$4:$AJ$65,"11月份已完成") -> 0 | N14: =COUNTIFS('3、电缆线路交叉互联预试'!$M$4:$M$65,"白云中心",'3、电缆线路交叉互联预试'!$AJ$4:$AJ$65,"12月份已完成") -> 0
B15: 从化中心 | C15: =COUNTIFS('3、电缆线路交叉互联预试'!$M$4:$M$65,"从化中心",'3、电缆线路交叉互联预试'!$AJ$4:$AJ$65,"1月份已完成") -> 0 | D15: =COUNTIFS('3、电缆线路交叉互联预试'!$M$4:$M$65,"从化中心",'3、电缆线路交叉互联预试'!$AJ$4:$AJ$65,"2月份已完成") -> 0 | E15: =COUNTIFS('3、电缆线路交叉互联预试'!$M$4:$M$65,"从化中心",'3、电缆线路交叉互联预试'!$AJ$4:$AJ$65,"3月份已完成") -> 0 | F15: =COUNTIFS('3、电缆线路交叉互联预试'!$M$4:$M$65,"从化中心",'3、电缆线路交叉互联预试'!$AJ$4:$AJ$65,"4月份已完成") -> 0 | G15: =COUNTIFS('3、电缆线路交叉互联预试'!$M$4:$M$65,"从化中心",'3、电缆线路交叉互联预试'!$AJ$4:$AJ$65,"5月份已完成") -> 0 | H15: =COUNTIFS('3、电缆线路交叉互联预试'!$M$4:$M$65,"从化中心",'3、电缆线路交叉互联预试'!$AJ$4:$AJ$65,"6月份已完成") -> 0 | I15: =COUNTIFS('3、电缆线路交叉互联预试'!$M$4:$M$65,"从化中心",'3、电缆线路交叉互联预试'!$AJ$4:$AJ$65,"7月份已完成") -> 0 | J15: =COUNTIFS('3、电缆线路交叉互联预试'!$M$4:$M$65,"从化中心",'3、电缆线路交叉互联预试'!$AJ$4:$AJ$65,"8月份已完成") -> 0 | K15: =COUNTIFS('3、电缆线路交叉互联预试'!$M$4:$M$65,"从化中心",'3、电缆线路交叉互联预试'!$AJ$4:$AJ$65,"9月份已完成") -> 0 | L15: =COUNTIFS('3、电缆线路交叉互联预试'!$M$4:$M$65,"从化中心",'3、电缆线路交叉互联预试'!$AJ$4:$AJ$65,"10月份已完成") -> 0 | M15: =COUNTIFS('3、电缆线路交叉互联预试'!$M$4:$M$65,"从化中心",'3、电缆线路交叉互联预试'!$AJ$4:$AJ$65,"11月份已完成") -> 0 | N15: =COUNTIFS('3、电缆线路交叉互联预试'!$M$4:$M$65,"从化中心",'3、电缆线路交叉互联预试'!$AJ$4:$AJ$65,"12月份已完成") -> 0
B16: 花都中心 | C16: =COUNTIFS('3、电缆线路交叉互联预试'!$M$4:$M$65,"花都中心",'3、电缆线路交叉互联预试'!$AJ$4:$AJ$65,"1月份已完成") -> 1 | D16: =COUNTIFS('3、电缆线路交叉互联预试'!$M$4:$M$65,"花都中心",'3、电缆线路交叉互联预试'!$AJ$4:$AJ$65,"2月份已完成") -> 0 | E16: =COUNTIFS('3、电缆线路交叉互联预试'!$M$4:$M$65,"花都中心",'3、电缆线路交叉互联预试'!$AJ$4:$AJ$65,"3月份已完成") -> 2 | F16: =COUNTIFS('3、电缆线路交叉互联预试'!$M$4:$M$65,"花都中心",'3、电缆线路交叉互联预试'!$AJ$4:$AJ$65,"4月份已完成") -> 1 | G16: =COUNTIFS('3、电缆线路交叉互联预试'!$M$4:$M$65,"花都中心",'3、电缆线路交叉互联预试'!$AJ$4:$AJ$65,"5月份已完成") -> 3 | H16: =COUNTIFS('3、电缆线路交叉互联预试'!$M$4:$M$65,"花都中心",'3、电缆线路交叉互联预试'!$AJ$4:$AJ$65,"6月份已完成") -> 0 | I16: =COUNTIFS('3、电缆线路交叉互联预试'!$M$4:$M$65,"花都中心",'3、电缆线路交叉互联预试'!$AJ$4:$AJ$65,"7月份已完成") -> 0 | J16: =COUNTIFS('3、电缆线路交叉互联预试'!$M$4:$M$65,"花都中心",'3、电缆线路交叉互联预试'!$AJ$4:$AJ$65,"8月份已完成") -> 1 | K16: =COUNTIFS('3、电缆线路交叉互联预试'!$M$4:$M$65,"花都中心",'3、电缆线路交叉互联预试'!$AJ$4:$AJ$65,"9月份已完成") -> 0 | L16: =COUNTIFS('3、电缆线路交叉互联预试'!$M$4:$M$65,"花都中心",'3、电缆线路交叉互联预试'!$AJ$4:$AJ$65,"10月份已完成") -> 0 | M16: =COUNTIFS('3、电缆线路交叉互联预试'!$M$4:$M$65,"花都中心",'3、电缆线路交叉互联预试'!$AJ$4:$AJ$65,"11月份已完成") -> 0 | N16: =COUNTIFS('3、电缆线路交叉互联预试'!$M$4:$M$65,"花都中心",'3、电缆线路交叉互联预试'!$AJ$4:$AJ$65,"12月份已完成") -> 0
B17: 天河中心 | C17: =COUNTIFS('3、电缆线路交叉互联预试'!$M$4:$M$65,"天河中心",'3、电缆线路交叉互联预试'!$AJ$4:$AJ$65,"1月份已完成") -> 3 | D17: =COUNTIFS('3、电缆线路交叉互联预试'!$M$4:$M$65,"天河中心",'3、电缆线路交叉互联预试'!$AJ$4:$AJ$65,"2月份已完成") -> 2 | E17: =COUNTIFS('3、电缆线路交叉互联预试'!$M$4:$M$65,"天河中心",'3、电缆线路交叉互联预试'!$AJ$4:$AJ$65,"3月份已完成") -> 4 | F17: =COUNTIFS('3、电缆线路交叉互联预试'!$M$4:$M$65,"天河中心",'3、电缆线路交叉互联预试'!$AJ$4:$AJ$65,"4月份已完成") -> 1 | G17: =COUNTIFS('3、电缆线路交叉互联预试'!$M$4:$M$65,"天河中心",'3、电缆线路交叉互联预试'!$AJ$4:$AJ$65,"5月份已完成") -> 1 | H17: =COUNTIFS('3、电缆线路交叉互联预试'!$M$4:$M$65,"天河中心",'3、电缆线路交叉互联预试'!$AJ$4:$AJ$65,"6月份已完成") -> 0 | I17: =COUNTIFS('3、电缆线路交叉互联预试'!$M$4:$M$65,"天河中心",'3、电缆线路交叉互联预试'!$AJ$4:$AJ$65,"7月份已完成") -> 0 | J17: =COUNTIFS('3、电缆线路交叉互联预试'!$M$4:$M$65,"天河中心",'3、电缆线路交叉互联预试'!$AJ$4:$AJ$65,"8月份已完成") -> 0 | K17: =COUNTIFS('3、电缆线路交叉互联预试'!$M$4:$M$65,"天河中心",'3、电缆线路交叉互联预试'!$AJ$4:$AJ$65,"9月份已完成") -> 0 | L17: =COUNTIFS('3、电缆线路交叉互联预试'!$M$4:$M$65,"天河中心",'3、电缆线路交叉互联预试'!$AJ$4:$AJ$65,"10月份已完成") -> 0 | M17: =COUNTIFS('3、电缆线路交叉互联预试'!$M$4:$M$65,"天河中心",'3、电缆线路交叉互联预试'!$AJ$4:$AJ$65,"11月份已完成") -> 0 | N17: =COUNTIFS('3、电缆线路交叉互联预试'!$M$4:$M$65,"天河中心",'3、电缆线路交叉互联预试'!$AJ$4:$AJ$65,"12月份已完成") -> 0
A18: 4、终端场避雷器试验 | B18: 白云中心 | C18: =COUNTIFS('4、终端场避雷器试验'!$N$4:$N$97,"白云中心",'4、终端场避雷器试验'!$AA$4:$AA$97,"1月份已完成") -> 1 | D18: =COUNTIFS('4、终端场避雷器试验'!$N$4:$N$97,"白云中心",'4、终端场避雷器试验'!$AA$4:$AA$97,"2月份已完成") -> 6 | E18: =COUNTIFS('4、终端场避雷器试验'!$N$4:$N$97,"白云中心",'4、终端场避雷器试验'!$AA$4:$AA$97,"3月份已完成") -> 15 | F18: =COUNTIFS('4、终端场避雷器试验'!$N$4:$N$97,"白云中心",'4、终端场避雷器试验'!$AA$4:$AA$97,"4月份已完成") -> 2 | G18: =COUNTIFS('4、终端场避雷器试验'!$N$4:$N$97,"白云中心",'4、终端场避雷器试验'!$AA$4:$AA$97,"5月份已完成") -> 1 | H18: =COUNTIFS('4、终端场避雷器试验'!$N$4:$N$97,"白云中心",'4、终端场避雷器试验'!$AA$4:$AA$97,"6月份已完成") -> 1 | I18: =COUNTIFS('4、终端场避雷器试验'!$N$4:$N$97,"白云中心",'4、终端场避雷器试验'!$AA$4:$AA$97,"7月份已完成") -> 0 | J18: =COUNTIFS('4、终端场避雷器试验'!$N$4:$N$97,"白云中心",'4、终端场避雷器试验'!$AA$4:$AA$97,"8月份已完成") -> 2 | K18: =COUNTIFS('4、终端场避雷器试验'!$N$4:$N$97,"白云中心",'4、终端场避雷器试验'!$AA$4:$AA$97,"9月份已完成") -> 0 | L18: =COUNTIFS('4、终端场避雷器试验'!$N$4:$N$97,"白云中心",'4、终端场避雷器试验'!$AA$4:$AA$97,"10月份已完成") -> 0 | M18: =COUNTIFS('4、终端场避雷器试验'!$N$4:$N$97,"白云中心",'4、终端场避雷器试验'!$AA$4:$AA$97,"11月份已完成") -> 0 | N18: =COUNTIFS('4、终端场避雷器试验'!$N$4:$N$97,"白云中心",'4、终端场避雷器试验'!$AA$4:$AA$97,"12月份已完成") -> 0
B19: 从化中心 | C19: =COUNTIFS('4、终端场避雷器试验'!$N$4:$N$97,"从化中心",'4、终端场避雷器试验'!$AA$4:$AA$97,"1月份已完成") -> 0 | D19: =COUNTIFS('4、终端场避雷器试验'!$N$4:$N$97,"从化中心",'4、终端场避雷器试验'!$AA$4:$AA$97,"2月份已完成") -> 0 | E19: =COUNTIFS('4、终端场避雷器试验'!$N$4:$N$97,"从化中心",'4、终端场避雷器试验'!$AA$4:$AA$97,"3月份已完成") -> 0 | F19: =COUNTIFS('4、终端场避雷器试验'!$N$4:$N$97,"从化中心",'4、终端场避雷器试验'!$AA$4:$AA$97,"4月份已完成") -> 0 | G19: =COUNTIFS('4、终端场避雷器试验'!$N$4:$N$97,"从化中心",'4、终端场避雷器试验'!$AA$4:$AA$97,"5月份已完成") -> 0 | H19: =COUNTIFS('4、终端场避雷器试验'!$N$4:$N$97,"从化中心",'4、终端场避雷器试验'!$AA$4:$AA$97,"6月份已完成") -> 0 | I19: =COUNTIFS('4、终端场避雷器试验'!$N$4:$N$97,"从化中心",'4、终端场避雷器试验'!$AA$4:$AA$97,"7月份已完成") -> 0 | J19: =COUNTIFS('4、终端场避雷器试验'!$N$4:$N$97,"从化中心",'4、终端场避雷器试验'!$AA$4:$AA$97,"8月份已完成") -> 0 | K19: =COUNTIFS('4、终端场避雷器试验'!$N$4:$N$97,"从化中心",'4、终端场避雷器试验'!$AA$4:$AA$97,"9月份已完成") -> 0 | L19: =COUNTIFS('4、终端场避雷器试验'!$N$4:$N$97,"从化中心",'4、终端场避雷器试验'!$AA$4:$AA$97,"10月份已完成") -> 0 | M19: =COUNTIFS('4、终端场避雷器试验'!$N$4:$N$97,"从化中心",'4、终端场避雷器试验'!$AA$4:$AA$97,"11月份已完成") -> 0 | N19: =COUNTIFS('4、终端场避雷器试验'!$N$4:$N$97,"从化中心",'4、终端场避雷器试验'!$AA$4:$AA$97,"12月份已完成") -> 0
B20: 花都中心 | C20: =COUNTIFS('4、终端场避雷器试验'!$N$4:$N$97,"花都中心",'4、终端场避雷器试验'!$AA$4:$AA$97,"1月份已完成") -> 1 | D20: =COUNTIFS('4、终端场避雷器试验'!$N$4:$N$97,"花都中心",'4、终端场避雷器试验'!$AA$4:$AA$97,"2月份已完成") -> 0 | E20: =COUNTIFS('4、终端场避雷器试验'!$N$4:$N$97,"花都中心",'4、终端场避雷器试验'!$AA$4:$AA$97,"3月份已完成") -> 9 | F20: =COUNTIFS('4、终端场避雷器试验'!$N$4:$N$97,"花都中心",'4、终端场避雷器试验'!$AA$4:$AA$97,"4月份已完成") -> 3 | G20: =COUNTIFS('4、终端场避雷器试验'!$N$4:$N$97,"花都中心",'4、终端场避雷器试验'!$AA$4:$AA$97,"5月份已完成") -> 1 | H20: =COUNTIFS('4、终端场避雷器试验'!$N$4:$N$97,"花都中心",'4、终端场避雷器试验'!$AA$4:$AA$97,"6月份已完成") -> 0 | I20: =COUNTIFS('4、终端场避雷器试验'!$N$4:$N$97,"花都中心",'4、终端场避雷器试验'!$AA$4:$AA$97,"7月份已完成") -> 0 | J20: =COUNTIFS('4、终端场避雷器试验'!$N$4:$N$97,"花都中心",'4、终端场避雷器试验'!$AA$4:$AA$97,"8月份已完成") -> 0 | K20: =COUNTIFS('4、终端场避雷器试验'!$N$4:$N$97,"花都中心",'4、终端场避雷器试验'!$AA$4:$AA$97,"9月份已完成") -> 0 | L20: =COUNTIFS('4、终端场避雷器试验'!$N$4:$N$97,"花都中心",'4、终端场避雷器试验'!$AA$4:$AA$97,"10月份已完成") -> 0 | M20: =COUNTIFS('4、终端场避雷器试验'!$N$4:$N$97,"花都中心",'4、终端场避雷器试验'!$AA$4:$AA$97,"11月份已完成") -> 0 | N20: =COUNTIFS('4、终端场避雷器试验'!$N$4:$N$97,"花都中心",'4、终端场避雷器试验'!$AA$4:$AA$97,"12月份已完成") -> 0
B21: 天河中心 | C21: =COUNTIFS('4、终端场避雷器试验'!$N$4:$N$97,"天河中心",'4、终端场避雷器试验'!$AA$4:$AA$97,"1月份已完成") -> 0 | D21: =COUNTIFS('4、终端场避雷器试验'!$N$4:$N$97,"天河中心",'4、终端场避雷器试验'!$AA$4:$AA$97,"2月份已完成") -> 0 | E21: =COUNTIFS('4、终端场避雷器试验'!$N$4:$N$97,"天河中心",'4、终端场避雷器试验'!$AA$4:$AA$97,"3月份已完成") -> 0 | F21: =COUNTIFS('4、终端场避雷器试验'!$N$4:$N$97,"天河中心",'4、终端场避雷器试验'!$AA$4:$AA$97,"4月份已完成") -> 2 | G21: =COUNTIFS('4、终端场避雷器试验'!$N$4:$N$97,"天河中心",'4、终端场避雷器试验'!$AA$4:$AA$97,"5月份已完成") -> 22 | H21: =COUNTIFS('4、终端场避雷器试验'!$N$4:$N$97,"天河中心",'4、终端场避雷器试验'!$AA$4:$AA$97,"6月份已完成") -> 0 | I21: =COUNTIFS('4、终端场避雷器试验'!$N$4:$N$97,"天河中心",'4、终端场避雷器试验'!$AA$4:$AA$97,"7月份已完成") -> 0 | J21: =COUNTIFS('4、终端场避雷器试验'!$N$4:$N$97,"天河中心",'4、终端场避雷器试验'!$AA$4:$AA$97,"8月份已完成") -> 0 | K21: =COUNTIFS('4、终端场避雷器试验'!$N$4:$N$97,"天河中心",'4、终端场避雷器试验'!$AA$4:$AA$97,"9月份已完成") -> 0 | L21: =COUNTIFS('4、终端场避雷器试验'!$N$4:$N$97,"天河中心",'4、终端场避雷器试验'!$AA$4:$AA$97,"10月份已完成") -> 0 | M21: =COUNTIFS('4、终端场避雷器试验'!$N$4:$N$97,"天河中心",'4、终端场避雷器试验'!$AA$4:$AA$97,"11月份已完成") -> 0 | N21: =COUNTIFS('4、终端场避雷器试验'!$N$4:$N$97,"天河中心",'4、终端场避雷器试验'!$AA$4:$AA$97,"12月份已完成") -> 0
A22: 5、电缆护套环流检测 | B22: 白云中心 | C22: =COUNTIFS('5、电缆护套环流检测'!$L$4:$L$815,"白云中心",'5、电缆护套环流检测'!$Y$4:$Y$815,"1月份已完成") -> 58 | D22: =COUNTIFS('5、电缆护套环流检测'!$L$4:$L$815,"白云中心",'5、电缆护套环流检测'!$Y$4:$Y$815,"2月份已完成") -> 6 | E22: =COUNTIFS('5、电缆护套环流检测'!$L$4:$L$815,"白云中心",'5、电缆护套环流检测'!$Y$4:$Y$815,"3月份已完成") -> 35 | F22: =COUNTIFS('5、电缆护套环流检测'!$L$4:$L$815,"白云中心",'5、电缆护套环流检测'!$Y$4:$Y$815,"4月份已完成") -> 9 | G22: =COUNTIFS('5、电缆护套环流检测'!$L$4:$L$815,"白云中心",'5、电缆护套环流检测'!$Y$4:$Y$815,"5月份已完成") -> 19 | H22: =COUNTIFS('5、电缆护套环流检测'!$L$4:$L$815,"白云中心",'5、电缆护套环流检测'!$Y$4:$Y$815,"6月份已完成") -> 21 | I22: =COUNTIFS('5、电缆护套环流检测'!$L$4:$L$815,"白云中心",'5、电缆护套环流检测'!$Y$4:$Y$815,"7月份已完成") -> 76 | J22: =COUNTIFS('5、电缆护套环流检测'!$L$4:$L$815,"白云中心",'5、电缆护套环流检测'!$Y$4:$Y$815,"8月份已完成") -> 12 | K22: =COUNTIFS('5、电缆护套环流检测'!$L$4:$L$815,"白云中心",'5、电缆护套环流检测'!$Y$4:$Y$815,"9月份已完成") -> 0 | L22: =COUNTIFS('5、电缆护套环流检测'!$L$4:$L$815,"白云中心",'5、电缆护套环流检测'!$Y$4:$Y$815,"10月份已完成") -> 0 | M22: =COUNTIFS('5、电缆护套环流检测'!$L$4:$L$815,"白云中心",'5、电缆护套环流检测'!$Y$4:$Y$815,"11月份已完成") -> 0 | N22: =COUNTIFS('5、电缆护套环流检测'!$L$4:$L$815,"白云中心",'5、电缆护套环流检测'!$Y$4:$Y$815,"12月份已完成") -> 0
B23: 从化中心 | C23: =COUNTIFS('5、电缆护套环流检测'!$L$4:$L$815,"从化中心",'5、电缆护套环流检测'!$Y$4:$Y$815,"1月份已完成") -> 0 | D23: =COUNTIFS('5、电缆护套环流检测'!$L$4:$L$815,"从化中心",'5、电缆护套环流检测'!$Y$4:$Y$815,"2月份已完成") -> 0 | E23: =COUNTIFS('5、电缆护套环流检测'!$L$4:$L$815,"从化中心",'5、电缆护套环流检测'!$Y$4:$Y$815,"3月份已完成") -> 0 | F23: =COUNTIFS('5、电缆护套环流检测'!$L$4:$L$815,"从化中心",'5、电缆护套环流检测'!$Y$4:$Y$815,"4月份已完成") -> 0 | G23: =COUNTIFS('5、电缆护套环流检测'!$L$4:$L$815,"从化中心",'5、电缆护套环流检测'!$Y$4:$Y$815,"5月份已完成") -> 6 | H23: =COUNTIFS('5、电缆护套环流检测'!$L$4:$L$815,"从化中心",'5、电缆护套环流检测'!$Y$4:$Y$815,"6月份已完成") -> 9 | I23: =COUNTIFS('5、电缆护套环流检测'!$L$4:$L$815,"从化中心",'5、电缆护套环流检测'!$Y$4:$Y$815,"7月份已完成") -> 0 | J23: =COUNTIFS('5、电缆护套环流检测'!$L$4:$L$815,"从化中心",'5、电缆护套环流检测'!$Y$4:$Y$815,"8月份已完成") -> 0 | K23: =COUNTIFS('5、电缆护套环流检测'!$L$4:$L$815,"从化中心",'5、电缆护套环流检测'!$Y$4:$Y$815,"9月份已完成") -> 0 | L23: =COUNTIFS('5、电缆护套环流检测'!$L$4:$L$815,"从化中心",'5、电缆护套环流检测'!$Y$4:$Y$815,"10月份已完成") -> 0 | M23: =COUNTIFS('5、电缆护套环流检测'!$L$4:$L$815,"从化中心",'5、电缆护套环流检测'!$Y$4:$Y$815,"11月份已完成") -> 0 | N23: =COUNTIFS('5、电缆护套环流检测'!$L$4:$L$815,"从化中心",'5、电缆护套环流检测'!$Y$4:$Y$815,"12月份已完成") -> 0
B24: 花都中心 | C24: =COUNTIFS('5、电缆护套环流检测'!$L$4:$L$815,"花都中心",'5、电缆护套环流检测'!$Y$4:$Y$815,"1月份已完成") -> 17 | D24: =COUNTIFS('5、电缆护套环流检测'!$L$4:$L$815,"花都中心",'5、电缆护套环流检测'!$Y$4:$Y$815,"2月份已完成") -> 6 | E24: =COUNTIFS('5、电缆护套环流检测'!$L$4:$L$815,"花都中心",'5、电缆护套环流检测'!$Y$4:$Y$815,"3月份已完成") -> 0 | F24: =COUNTIFS('5、电缆护套环流检测'!$L$4:$L$815,"花都中心",'5、电缆护套环流检测'!$Y$4:$Y$815,"4月份已完成") -> 13 | G24: =COUNTIFS('5、电缆护套环流检测'!$L$4:$L$815,"花都中心",'5、电缆护套环流检测'!$Y$4:$Y$815,"5月份已完成") -> 28 | H24: =COUNTIFS('5、电缆护套环流检测'!$L$4:$L$815,"花都中心",'5、电缆护套环流检测'!$Y$4:$Y$815,"6月份已完成") -> 8 | I24: =COUNTIFS('5、电缆护套环流检测'!$L$4:$L$815,"花都中心",'5、电缆护套环流检测'!$Y$4:$Y$815,"7月份已完成") -> 0 | J24: =COUNTIFS('5、电缆护套环流检测'!$L$4:$L$815,"花都中心",'5、电缆护套环流检测'!$Y$4:$Y$815,"8月份已完成") -> 6 | K24: =COUNTIFS('5、电缆护套环流检测'!$L$4:$L$815,"花都中心",'5、电缆护套环流检测'!$Y$4:$Y$815,"9月份已完成") -> 0 | L24: =COUNTIFS('5、电缆护套环流检测'!$L$4:$L$815,"花都中心",'5、电缆护套环流检测'!$Y$4:$Y$815,"10月份已完成") -> 0 | M24: =COUNTIFS('5、电缆护套环流检测'!$L$4:$L$815,"花都中心",'5、电缆护套环流检测'!$Y$4:$Y$815,"12月份已完成") -> 0 | N24: =COUNTIFS('5、电缆护套环流检测'!$L$4:$L$815,"花都中心",'5、电缆护套环流检测'!$Y$4:$Y$815,"12月份已完成") -> 0
B25: 天河中心 | C25: =COUNTIFS('5、电缆护套环流检测'!$L$4:$L$815,"天河中心",'5、电缆护套环流检测'!$Y$4:$Y$815,"1月份已完成") -> 64 | D25: =COUNTIFS('5、电缆护套环流检测'!$L$4:$L$815,"天河中心",'5、电缆护套环流检测'!$Y$4:$Y$815,"2月份已完成") -> 2 | E25: =COUNTIFS('5、电缆护套环流检测'!$L$4:$L$815,"天河中心",'5、电缆护套环流检测'!$Y$4:$Y$815,"3月份已完成") -> 23 | F25: =COUNTIFS('5、电缆护套环流检测'!$L$4:$L$815,"天河中心",'5、电缆护套环流检测'!$Y$4:$Y$815,"4月份已完成") -> 18 | G25: =COUNTIFS('5、电缆护套环流检测'!$L$4:$L$815,"天河中心",'5、电缆护套环流检测'!$Y$4:$Y$815,"5月份已完成") -> 22 | H25: =COUNTIFS('5、电缆护套环流检测'!$L$4:$L$815,"天河中心",'5、电缆护套环流检测'!$Y$4:$Y$815,"6月份已完成") -> 18 | I25: =COUNTIFS('5、电缆护套环流检测'!$L$4:$L$815,"天河中心",'5、电缆护套环流检测'!$Y$4:$Y$815,"7月份已完成") -> 101 | J25: =COUNTIFS('5、电缆护套环流检测'!$L$4:$L$815,"天河中心",'5、电缆护套环流检测'!$Y$4:$Y$815,"8月份已完成") -> 6 | K25: =COUNTIFS('5、电缆护套环流检测'!$L$4:$L$815,"天河中心",'5、电缆护套环流检测'!$Y$4:$Y$815,"9月份已完成") -> 0 | L25: =COUNTIFS('5、电缆护套环流检测'!$L$4:$L$815,"天河中心",'5、电缆护套环流检测'!$Y$4:$Y$815,"10月份已完成") -> 0 | M25: =COUNTIFS('5、电缆护套环流检测'!$L$4:$L$815,"天河中心",'5、电缆护套环流检测'!$Y$4:$Y$815,"11月份已完成") -> 0 | N25: =COUNTIFS('5、电缆护套环流检测'!$L$4:$L$815,"天河中心",'5、电缆护套环流检测'!$Y$4:$Y$815,"12月份已完成") -> 0
A26: 6、电缆终端红外检测 | B26: 白云中心 | C26: =COUNTIFS('6、电缆终端红外检测'!$L$4:$L$658,"白云中心",'6、电缆终端红外检测'!$Y$4:$Y$658,"1月份已完成") -> 42 | D26: =COUNTIFS('6、电缆终端红外检测'!$L$4:$L$658,"白云中心",'6、电缆终端红外检测'!$Y$4:$Y$658,"2月份已完成") -> 8 | E26: =COUNTIFS('6、电缆终端红外检测'!$L$4:$L$658,"白云中心",'6、电缆终端红外检测'!$Y$4:$Y$658,"3月份已完成") -> 25 | F26: =COUNTIFS('6、电缆终端红外检测'!$L$4:$L$658,"白云中心",'6、电缆终端红外检测'!$Y$4:$Y$658,"4月份已完成") -> 9 | G26: =COUNTIFS('6、电缆终端红外检测'!$L$4:$L$658,"白云中心",'6、电缆终端红外检测'!$Y$4:$Y$658,"5月份已完成") -> 13 | H26: =COUNTIFS('6、电缆终端红外检测'!$L$4:$L$658,"白云中心",'6、电缆终端红外检测'!$Y$4:$Y$658,"6月份已完成") -> 19 | I26: =COUNTIFS('6、电缆终端红外检测'!$L$4:$L$658,"白云中心",'6、电缆终端红外检测'!$Y$4:$Y$658,"7月份已完成") -> 59 | J26: =COUNTIFS('6、电缆终端红外检测'!$L$4:$L$658,"白云中心",'6、电缆终端红外检测'!$Y$4:$Y$658,"8月份已完成") -> 11 | K26: =COUNTIFS('6、电缆终端红外检测'!$L$4:$L$658,"白云中心",'6、电缆终端红外检测'!$Y$4:$Y$658,"9月份已完成") -> 0 | L26: =COUNTIFS('6、电缆终端红外检测'!$L$4:$L$658,"白云中心",'6、电缆终端红外检测'!$Y$4:$Y$658,"10月份已完成") -> 0 | M26: =COUNTIFS('6、电缆终端红外检测'!$L$4:$L$658,"白云中心",'6、电缆终端红外检测'!$Y$4:$Y$658,"11月份已完成") -> 0 | N26: =COUNTIFS('6、电缆终端红外检测'!$L$4:$L$658,"白云中心",'6、电缆终端红外检测'!$Y$4:$Y$658,"12月份已完成") -> 0
B27: 从化中心 | C27: =COUNTIFS('6、电缆终端红外检测'!$L$4:$L$658,"从化中心",'6、电缆终端红外检测'!$Y$4:$Y$658,"1月份已完成") -> 0 | D27: =COUNTIFS('6、电缆终端红外检测'!$L$4:$L$658,"从化中心",'6、电缆终端红外检测'!$Y$4:$Y$658,"2月份已完成") -> 0 | E27: =COUNTIFS('6、电缆终端红外检测'!$L$4:$L$658,"从化中心",'6、电缆终端红外检测'!$Y$4:$Y$658,"3月份已完成") -> 0 | F27: =COUNTIFS('6、电缆终端红外检测'!$L$4:$L$658,"从化中心",'6、电缆终端红外检测'!$Y$4:$Y$658,"4月份已完成") -> 0 | G27: =COUNTIFS('6、电缆终端红外检测'!$L$4:$L$658,"从化中心",'6、电缆终端红外检测'!$Y$4:$Y$658,"5月份已完成") -> 5 | H27: =COUNTIFS('6、电缆终端红外检测'!$L$4:$L$658,"从化中心",'6、电缆终端红外检测'!$Y$4:$Y$658,"6月份已完成") -> 9 | I27: =COUNTIFS('6、电缆终端红外检测'!$L$4:$L$658,"从化中心",'6、电缆终端红外检测'!$Y$4:$Y$658,"7月份已完成") -> 0 | J27: =COUNTIFS('6、电缆终端红外检测'!$L$4:$L$658,"从化中心",'6、电缆终端红外检测'!$Y$4:$Y$658,"8月份已完成") -> 0 | K27: =COUNTIFS('6、电缆终端红外检测'!$L$4:$L$658,"从化中心",'6、电缆终端红外检测'!$Y$4:$Y$658,"9月份已完成") -> 0 | L27: =COUNTIFS('6、电缆终端红外检测'!$L$4:$L$658,"从化中心",'6、电缆终端红外检测'!$Y$4:$Y$658,"10月份已完成") -> 0 | M27: =COUNTIFS('6、电缆终端红外检测'!$L$4:$L$658,"从化中心",'6、电缆终端红外检测'!$Y$4:$Y$658,"11月份已完成") -> 0 | N27: =COUNTIFS('6、电缆终端红外检测'!$L$4:$L$658,"从化中心",'6、电缆终端红外检测'!$Y$4:$Y$658,"1月份已完成") -> 0
B28: 花都中心 | C28: =COUNTIFS('6、电缆终端红外检测'!$L$4:$L$658,"花都中心",'6、电缆终端红外检测'!$Y$4:$Y$658,"1月份已完成") -> 24 | D28: =COUNTIFS('6、电缆终端红外检测'!$L$4:$L$658,"花都中心",'6、电缆终端红外检测'!$Y$4:$Y$658,"2月份已完成") -> 6 | E28: =COUNTIFS('6、电缆终端红外检测'!$L$4:$L$658,"花都中心",'6、电缆终端红外检测'!$Y$4:$Y$658,"3月份已完成") -> 0 | F28: =COUNTIFS('6、电缆终端红外检测'!$L$4:$L$658,"花都中心",'6、电缆终端红外检测'!$Y$4:$Y$658,"4月份已完成") -> 13 | G28: =COUNTIFS('6、电缆终端红外检测'!$L$4:$L$658,"花都中心",'6、电缆终端红外检测'!$Y$4:$Y$658,"5月份已完成") -> 26 | H28: =COUNTIFS('6、电缆终端红外检测'!$L$4:$L$658,"花都中心",'6、电缆终端红外检测'!$Y$4:$Y$658,"6月份已完成") -> 8 | I28: =COUNTIFS('6、电缆终端红外检测'!$L$4:$L$658,"花都中心",'6、电缆终端红外检测'!$Y$4:$Y$658,"7月份已完成") -> 0 | J28: =COUNTIFS('6、电缆终端红外检测'!$L$4:$L$658,"花都中心",'6、电缆终端红外检测'!$Y$4:$Y$658,"8月份已完成") -> 6 | K28: =COUNTIFS('6、电缆终端红外检测'!$L$4:$L$658,"花都中心",'6、电缆终端红外检测'!$Y$4:$Y$658,"9份已完成") -> 0 | L28: =COUNTIFS('6、电缆终端红外检测'!$L$4:$L$658,"花都中心",'6、电缆终端红外检测'!$Y$4:$Y$658,"10月份已完成") -> 0 | M28: =COUNTIFS('6、电缆终端红外检测'!$L$4:$L$658,"花都中心",'6、电缆终端红外检测'!$Y$4:$Y$658,"11月份已完成") -> 0 | N28: =COUNTIFS('6、电缆终端红外检测'!$L$4:$L$658,"花都中心",'6、电缆终端红外检测'!$Y$4:$Y$658,"12月份已完成") -> 0
B29: 天河中心 | C29: =COUNTIFS('6、电缆终端红外检测'!$L$4:$L$658,"天河中心",'6、电缆终端红外检测'!$Y$4:$Y$658,"1月份已完成") -> 30 | D29: =COUNTIFS('6、电缆终端红外检测'!$L$4:$L$658,"天河中心",'6、电缆终端红外检测'!$Y$4:$Y$658,"2月份已完成") -> 1 | E29: =COUNTIFS('6、电缆终端红外检测'!$L$4:$L$658,"天河中心",'6、电缆终端红外检测'!$Y$4:$Y$658,"3月份已完成") -> 15 | F29: =COUNTIFS('6、电缆终端红外检测'!$L$4:$L$658,"天河中心",'6、电缆终端红外检测'!$Y$4:$Y$658,"4月份已完成") -> 16 | G29: =COUNTIFS('6、电缆终端红外检测'!$L$4:$L$658,"天河中心",'6、电缆终端红外检测'!$Y$4:$Y$658,"5月份已完成") -> 13 | H29: =COUNTIFS('6、电缆终端红外检测'!$L$4:$L$658,"天河中心",'6、电缆终端红外检测'!$Y$4:$Y$658,"6月份已完成") -> 16 | I29: =COUNTIFS('6、电缆终端红外检测'!$L$4:$L$658,"天河中心",'6、电缆终端红外检测'!$Y$4:$Y$658,"7月份已完成") -> 63 | J29: =COUNTIFS('6、电缆终端红外检测'!$L$4:$L$658,"天河中心",'6、电缆终端红外检测'!$Y$4:$Y$658,"9月份已完成") -> 0 | K29: =COUNTIFS('6、电缆终端红外检测'!$L$4:$L$658,"天河中心",'6、电缆终端红外检测'!$Y$4:$Y$658,"9月份已完成") -> 0 | L29: =COUNTIFS('6、电缆终端红外检测'!$L$4:$L$658,"天河中心",'6、电缆终端红外检测'!$Y$4:$Y$658,"10月份已完成") -> 0 | M29: =COUNTIFS('6、电缆终端红外检测'!$L$4:$L$658,"天河中心",'6、电缆终端红外检测'!$Y$4:$Y$658,"11月份已完成") -> 0 | N29: =COUNTIFS('6、电缆终端红外检测'!$L$4:$L$658,"天河中心",'6、电缆终端红外检测'!$Y$4:$Y$658,"12月份已完成") -> 0
A30: 7、避雷器红外检测 | B30: 白云中心 | C30: =COUNTIFS('7、避雷器红外检测'!$L$4:$L$375,"白云中心",'7、避雷器红外检测'!$Y$4:$Y$375,"1月份已完成") -> 27 | D30: =COUNTIFS('7、避雷器红外检测'!$L$4:$L$375,"白云中心",'7、避雷器红外检测'!$Y$4:$Y$375,"2月份已完成") -> 8 | E30: =COUNTIFS('7、避雷器红外检测'!$L$4:$L$375,"白云中心",'7、避雷器红外检测'!$Y$4:$Y$375,"3月份已完成") -> 13 | F30: =COUNTIFS('7、避雷器红外检测'!$L$4:$L$375,"白云中心",'7、避雷器红外检测'!$Y$4:$Y$375,"4月份已完成") -> 7 | G30: =COUNTIFS('7、避雷器红外检测'!$L$4:$L$375,"白云中心",'7、避雷器红外检测'!$Y$4:$Y$375,"5月份已完成") -> 7 | H30: =COUNTIFS('7、避雷器红外检测'!$L$4:$L$375,"白云中心",'7、避雷器红外检测'!$Y$4:$Y$375,"6月份已完成") -> 11 | I30: =COUNTIFS('7、避雷器红外检测'!$L$4:$L$375,"白云中心",'7、避雷器红外检测'!$Y$4:$Y$375,"7月份已完成") -> 38 | J30: =COUNTIFS('7、避雷器红外检测'!$L$4:$L$375,"白云中心",'7、避雷器红外检测'!$Y$4:$Y$375,"8月份已完成") -> 9 | K30: =COUNTIFS('7、避雷器红外检测'!$L$4:$L$375,"白云中心",'7、避雷器红外检测'!$Y$4:$Y$375,"9月份已完成") -> 0 | L30: =COUNTIFS('7、避雷器红外检测'!$L$4:$L$375,"白云中心",'7、避雷器红外检测'!$Y$4:$Y$375,"10月份已完成") -> 0 | M30: =COUNTIFS('7、避雷器红外检测'!$L$4:$L$375,"白云中心",'7、避雷器红外检测'!$Y$4:$Y$375,"11月份已完成") -> 0 | N30: =COUNTIFS('7、避雷器红外检测'!$L$4:$L$375,"白云中心",'7、避雷器红外检测'!$Y$4:$Y$375,"12月份已完成") -> 0
B31: 从化中心 | C31: =COUNTIFS('7、避雷器红外检测'!$L$4:$L$375,"从化中心",'7、避雷器红外检测'!$Y$4:$Y$375,"1月份已完成") -> 0 | D31: =COUNTIFS('7、避雷器红外检测'!$L$4:$L$375,"从化中心",'7、避雷器红外检测'!$Y$4:$Y$375,"2月份已完成") -> 2 | E31: =COUNTIFS('7、避雷器红外检测'!$L$4:$L$375,"从化中心",'7、避雷器红外检测'!$Y$4:$Y$375,"3月份已完成") -> 0 | F31: =COUNTIFS('7、避雷器红外检测'!$L$4:$L$375,"从化中心",'7、避雷器红外检测'!$Y$4:$Y$375,"4月份已完成") -> 3 | G31: =COUNTIFS('7、避雷器红外检测'!$L$4:$L$375,"从化中心",'7、避雷器红外检测'!$Y$4:$Y$375,"5月份已完成") -> 1 | H31: =COUNTIFS('7、避雷器红外检测'!$L$4:$L$375,"从化中心",'7、避雷器红外检测'!$Y$4:$Y$375,"6月份已完成") -> 9 | I31: =COUNTIFS('7、避雷器红外检测'!$L$4:$L$375,"从化中心",'7、避雷器红外检测'!$Y$4:$Y$375,"7月份已完成") -> 0 | J31: =COUNTIFS('7、避雷器红外检测'!$L$4:$L$375,"从化中心",'7、避雷器红外检测'!$Y$4:$Y$375,"8月份已完成") -> 0 | K31: =COUNTIFS('7、避雷器红外检测'!$L$4:$L$375,"从化中心",'7、避雷器红外检测'!$Y$4:$Y$375,"9月份已完成") -> 0 | L31: =COUNTIFS('7、避雷器红外检测'!$L$4:$L$375,"从化中心",'7、避雷器红外检测'!$Y$4:$Y$375,"10月份已完成") -> 0 | M31: =COUNTIFS('7、避雷器红外检测'!$L$4:$L$375,"从化中心",'7、避雷器红外检测'!$Y$4:$Y$375,"11月份已完成") -> 0 | N31: =COUNTIFS('7、避雷器红外检测'!$L$4:$L$375,"从化中心",'7、避雷器红外检测'!$Y$4:$Y$375,"12月份已完成") -> 0
B32: 花都中心 | C32: =COUNTIFS('7、避雷器红外检测'!$L$4:$L$375,"花都中心",'7、避雷器红外检测'!$Y$4:$Y$375,"1月份已完成") -> 6 | D32: =COUNTIFS('7、避雷器红外检测'!$L$4:$L$375,"花都中心",'7、避雷器红外检测'!$Y$4:$Y$375,"2月份已完成") -> 1 | E32: =COUNTIFS('7、避雷器红外检测'!$L$4:$L$375,"花都中心",'7、避雷器红外检测'!$Y$4:$Y$375,"3月份已完成") -> 8 | F32: =COUNTIFS('7、避雷器红外检测'!$L$4:$L$375,"花都中心",'7、避雷器红外检测'!$Y$4:$Y$375,"4月份已完成") -> 11 | G32: =COUNTIFS('7、避雷器红外检测'!$L$4:$L$375,"花都中心",'7、避雷器红外检测'!$Y$4:$Y$375,"5月份已完成") -> 16 | H32: =COUNTIFS('7、避雷器红外检测'!$L$4:$L$375,"花都中心",'7、避雷器红外检测'!$Y$4:$Y$375,"6月份已完成") -> 1 | I32: =COUNTIFS('7、避雷器红外检测'!$L$4:$L$375,"花都中心",'7、避雷器红外检测'!$Y$4:$Y$375,"7月份已完成") -> 0 | J32: =COUNTIFS('7、避雷器红外检测'!$L$4:$L$375,"花都中心",'7、避雷器红外检测'!$Y$4:$Y$375,"8月份已完成") -> 3 | K32: =COUNTIFS('7、避雷器红外检测'!$L$4:$L$375,"花都中心",'7、避雷器红外检测'!$Y$4:$Y$375,"9月份已完成") -> 0 | L32: =COUNTIFS('7、避雷器红外检测'!$L$4:$L$375,"花都中心",'7、避雷器红外检测'!$Y$4:$Y$375,"10月份已完成") -> 0 | M32: =COUNTIFS('7、避雷器红外检测'!$L$4:$L$375,"花都中心",'7、避雷器红外检测'!$Y$4:$Y$375,"11月份已完成") -> 0 | N32: =COUNTIFS('7、避雷器红外检测'!$L$4:$L$375,"花都中心",'7、避雷器红外检测'!$Y$4:$Y$375,"12月份已完成") -> 0
B33: 天河中心 | C33: =COUNTIFS('7、避雷器红外检测'!$L$4:$L$375,"天河中心",'7、避雷器红外检测'!$Y$4:$Y$375,"1月份已完成") -> 7 | D33: =COUNTIFS('7、避雷器红外检测'!$L$4:$L$375,"天河中心",'7、避雷器红外检测'!$Y$4:$Y$375,"2月份已完成") -> 1 | E33: =COUNTIFS('7、避雷器红外检测'!$L$4:$L$375,"天河中心",'7、避雷器红外检测'!$Y$4:$Y$375,"3月份已完成") -> 5 | F33: =COUNTIFS('7、避雷器红外检测'!$L$4:$L$375,"天河中心",'7、避雷器红外检测'!$Y$4:$Y$375,"4月份已完成") -> 13 | G33: =COUNTIFS('7、避雷器红外检测'!$L$4:$L$375,"天河中心",'7、避雷器红外检测'!$Y$4:$Y$375,"5月份已完成") -> 3 | H33: =COUNTIFS('7、避雷器红外检测'!$L$4:$L$375,"天河中心",'7、避雷器红外检测'!$Y$4:$Y$375,"6月份已完成") -> 13 | I33: =COUNTIFS('7、避雷器红外检测'!$L$4:$L$375,"天河中心",'7、避雷器红外检测'!$Y$4:$Y$375,"7月份已完成") -> 33 | J33: =COUNTIFS('7、避雷器红外检测'!$L$4:$L$375,"天河中心",'7、避雷器红外检测'!$Y$4:$Y$375,"8月份已完成") -> 6 | K33: =COUNTIFS('7、避雷器红外检测'!$L$4:$L$375,"天河中心",'7、避雷器红外检测'!$Y$4:$Y$375,"9月份已完成") -> 0 | L33: =COUNTIFS('7、避雷器红外检测'!$L$4:$L$375,"天河中心",'7、避雷器红外检测'!$Y$4:$Y$375,"10月份已完成") -> 0 | M33: =COUNTIFS('7、避雷器红外检测'!$L$4:$L$375,"天河中心",'7、避雷器红外检测'!$Y$4:$Y$375,"11月份已完成") -> 0 | N33: =COUNTIFS('7、避雷器红外检测'!$L$4:$L$375,"天河中心",'7、避雷器红外检测'!$Y$4:$Y$375,"12月份已完成") -> 0
A34: 8、非直埋式中间接头红外检测 | B34: 白云中心 | C34: =COUNTIFS('8、非直埋式中间接头红外检测 '!$L$4:$L$505,"白云中心",'8、非直埋式中间接头红外检测 '!$Y$4:$Y$505,"1月份已完成") -> 5 | D34: =COUNTIFS('8、非直埋式中间接头红外检测 '!$L$4:$L$505,"白云中心",'8、非直埋式中间接头红外检测 '!$Y$4:$Y$505,"2月份已完成") -> 20 | E34: =COUNTIFS('8、非直埋式中间接头红外检测 '!$L$4:$L$505,"白云中心",'8、非直埋式中间接头红外检测 '!$Y$4:$Y$505,"3月份已完成") -> 7 | F34: =COUNTIFS('8、非直埋式中间接头红外检测 '!$L$4:$L$505,"白云中心",'8、非直埋式中间接头红外检测 '!$Y$4:$Y$505,"4月份已完成") -> 22 | G34: =COUNTIFS('8、非直埋式中间接头红外检测 '!$L$4:$L$505,"白云中心",'8、非直埋式中间接头红外检测 '!$Y$4:$Y$505,"5月份已完成") -> 0 | H34: =COUNTIFS('8、非直埋式中间接头红外检测 '!$L$4:$L$505,"白云中心",'8、非直埋式中间接头红外检测 '!$Y$4:$Y$505,"6月份已完成") -> 19 | I34: =COUNTIFS('8、非直埋式中间接头红外检测 '!$L$4:$L$505,"白云中心",'8、非直埋式中间接头红外检测 '!$Y$4:$Y$505,"7月份已完成") -> 6 | J34: =COUNTIFS('8、非直埋式中间接头红外检测 '!$L$4:$L$505,"白云中心",'8、非直埋式中间接头红外检测 '!$Y$4:$Y$505,"8月份已完成") -> 27 | K34: =COUNTIFS('8、非直埋式中间接头红外检测 '!$L$4:$L$505,"白云中心",'8、非直埋式中间接头红外检测 '!$Y$4:$Y$505,"9月份已完成") -> 0 | L34: =COUNTIFS('8、非直埋式中间接头红外检测 '!$L$4:$L$505,"白云中心",'8、非直埋式中间接头红外检测 '!$Y$4:$Y$505,"10月份已完成") -> 0 | M34: =COUNTIFS('8、非直埋式中间接头红外检测 '!$L$4:$L$505,"白云中心",'8、非直埋式中间接头红外检测 '!$Y$4:$Y$505,"11月份已完成") -> 0 | N34: =COUNTIFS('8、非直埋式中间接头红外检测 '!$L$4:$L$505,"白云中心",'8、非直埋式中间接头红外检测 '!$Y$4:$Y$505,"12月份已完成") -> 0
B35: 从化中心 | C35: =COUNTIFS('8、非直埋式中间接头红外检测 '!$L$4:$L$505,"从化中心",'8、非直埋式中间接头红外检测 '!$Y$4:$Y$505,"1月份已完成") -> 0 | D35: =COUNTIFS('8、非直埋式中间接头红外检测 '!$L$4:$L$505,"从化中心",'8、非直埋式中间接头红外检测 '!$Y$4:$Y$505,"2月份已完成") -> 0 | E35: =COUNTIFS('8、非直埋式中间接头红外检测 '!$L$4:$L$505,"从化中心",'8、非直埋式中间接头红外检测 '!$Y$4:$Y$505,"3月份已完成") -> 0 | F35: =COUNTIFS('8、非直埋式中间接头红外检测 '!$L$4:$L$505,"从化中心",'8、非直埋式中间接头红外检测 '!$Y$4:$Y$505,"4月份已完成") -> 0 | G35: =COUNTIFS('8、非直埋式中间接头红外检测 '!$L$4:$L$505,"从化中心",'8、非直埋式中间接头红外检测 '!$Y$4:$Y$505,"5月份已完成") -> 0 | H35: =COUNTIFS('8、非直埋式中间接头红外检测 '!$L$4:$L$505,"从化中心",'8、非直埋式中间接头红外检测 '!$Y$4:$Y$505,"6月份已完成") -> 0 | I35: =COUNTIFS('8、非直埋式中间接头红外检测 '!$L$4:$L$505,"从化中心",'8、非直埋式中间接头红外检测 '!$Y$4:$Y$505,"7月份已完成") -> 0 | J35: =COUNTIFS('8、非直埋式中间接头红外检测 '!$L$4:$L$505,"从化中心",'8、非直埋式中间接头红外检测 '!$Y$4:$Y$505,"8月份已完成") -> 0 | K35: =COUNTIFS('8、非直埋式中间接头红外检测 '!$L$4:$L$505,"从化中心",'8、非直埋式中间接头红外检测 '!$Y$4:$Y$505,"9月份已完成") -> 0 | L35: =COUNTIFS('8、非直埋式中间接头红外检测 '!$L$4:$L$505,"从化中心",'8、非直埋式中间接头红外检测 '!$Y$4:$Y$505,"10月份已完成") -> 0 | M35: =COUNTIFS('8、非直埋式中间接头红外检测 '!$L$4:$L$505,"从化中心",'8、非直埋式中间接头红外检测 '!$Y$4:$Y$505,"11月份已完成") -> 0 | N35: =COUNTIFS('8、非直埋式中间接头红外检测 '!$L$4:$L$505,"从化中心",'8、非直埋式中间接头红外检测 '!$Y$4:$Y$505,"12月份已完成") -> 0
B36: 花都中心 | C36: =COUNTIFS('8、非直埋式中间接头红外检测 '!$L$4:$L$505,"花都中心",'8、非直埋式中间接头红外检测 '!$Y$4:$Y$505,"1月份已完成") -> 15 | D36: =COUNTIFS('8、非直埋式中间接头红外检测 '!$L$4:$L$505,"花都中心",'8、非直埋式中间接头红外检测 '!$Y$4:$Y$505,"2月份已完成") -> 2 | E36: =COUNTIFS('8、非直埋式中间接头红外检测 '!$L$4:$L$505,"花都中心",'8、非直埋式中间接头红外检测 '!$Y$4:$Y$505,"3月份已完成") -> 0 | F36: =COUNTIFS('8、非直埋式中间接头红外检测 '!$L$4:$L$505,"花都中心",'8、非直埋式中间接头红外检测 '!$Y$4:$Y$505,"4月份已完成") -> 2 | G36: =COUNTIFS('8、非直埋式中间接头红外检测 '!$L$4:$L$505,"花都中心",'8、非直埋式中间接头红外检测 '!$Y$4:$Y$505,"5月份已完成") -> 6 | H36: =COUNTIFS('8、非直埋式中间接头红外检测 '!$L$4:$L$505,"花都中心",'8、非直埋式中间接头红外检测 '!$Y$4:$Y$505,"6月份已完成") -> 16 | I36: =COUNTIFS('8、非直埋式中间接头红外检测 '!$L$4:$L$505,"花都中心",'8、非直埋式中间接头红外检测 '!$Y$4:$Y$505,"7月份已完成") -> 0 | J36: =COUNTIFS('8、非直埋式中间接头红外检测 '!$L$4:$L$505,"花都中心",'8、非直埋式中间接头红外检测 '!$Y$4:$Y$505,"8月份已完成") -> 2 | K36: =COUNTIFS('8、非直埋式中间接头红外检测 '!$L$4:$L$505,"花都中心",'8、非直埋式中间接头红外检测 '!$Y$4:$Y$505,"9月份已完成") -> 0 | L36: =COUNTIFS('8、非直埋式中间接头红外检测 '!$L$4:$L$505,"花都中心",'8、非直埋式中间接头红外检测 '!$Y$4:$Y$505,"10月份已完成") -> 0 | M36: =COUNTIFS('8、非直埋式中间接头红外检测 '!$L$4:$L$505,"花都中心",'8、非直埋式中间接头红外检测 '!$Y$4:$Y$505,"11月份已完成") -> 0 | N36: =COUNTIFS('8、非直埋式中间接头红外检测 '!$L$4:$L$505,"花都中心",'8、非直埋式中间接头红外检测 '!$Y$4:$Y$505,"12月份已完成") -> 0
B37: 天河中心 | C37: =COUNTIFS('8、非直埋式中间接头红外检测 '!$L$4:$L$505,"天河中心",'8、非直埋式中间接头红外检测 '!$Y$4:$Y$505,"1月份已完成") -> 0 | D37: =COUNTIFS('8、非直埋式中间接头红外检测 '!$L$4:$L$505,"天河中心",'8、非直埋式中间接头红外检测 '!$Y$4:$Y$505,"2月份已完成") -> 79 | E37: =COUNTIFS('8、非直埋式中间接头红外检测 '!$L$4:$L$505,"天河中心",'8、非直埋式中间接头红外检测 '!$Y$4:$Y$505,"3月份已完成") -> 0 | F37: =COUNTIFS('8、非直埋式中间接头红外检测 '!$L$4:$L$505,"天河中心",'8、非直埋式中间接头红外检测 '!$Y$4:$Y$505,"4月份已完成") -> 26 | G37: =COUNTIFS('8、非直埋式中间接头红外检测 '!$L$4:$L$505,"天河中心",'8、非直埋式中间接头红外检测 '!$Y$4:$Y$505,"5月份已完成") -> 0 | H37: =COUNTIFS('8、非直埋式中间接头红外检测 '!$L$4:$L$505,"天河中心",'8、非直埋式中间接头红外检测 '!$Y$4:$Y$505,"6月份已完成") -> 23 | I37: =COUNTIFS('8、非直埋式中间接头红外检测 '!$L$4:$L$505,"天河中心",'8、非直埋式中间接头红外检测 '!$Y$4:$Y$505,"7月份已完成") -> 0 | J37: =COUNTIFS('8、非直埋式中间接头红外检测 '!$L$4:$L$505,"天河中心",'8、非直埋式中间接头红外检测 '!$Y$4:$Y$505,"8月份已完成") -> 86 | K37: =COUNTIFS('8、非直埋式中间接头红外检测 '!$L$4:$L$505,"天河中心",'8、非直埋式中间接头红外检测 '!$Y$4:$Y$505,"9月份已完成") -> 0 | L37: =COUNTIFS('8、非直埋式中间接头红外检测 '!$L$4:$L$505,"天河中心",'8、非直埋式中间接头红外检测 '!$Y$4:$Y$505,"10月份已完成") -> 0 | M37: =COUNTIFS('8、非直埋式中间接头红外检测 '!$L$4:$L$505,"天河中心",'8、非直埋式中间接头红外检测 '!$Y$4:$Y$505,"11月份已完成") -> 0 | N37: =COUNTIFS('8、非直埋式中间接头红外检测 '!$L$4:$L$505,"天河中心",'8、非直埋式中间接头红外检测 '!$Y$4:$Y$505,"12月份已完成") -> 0

Sheet 1、架空线路红外检测
A1: 输电管理二所2024年人机协同预试检测计划（关键和重要线路1年2测，一般和关注线路1年1测，重要交跨段1月1次）
T2: =IFERROR(VLOOKUP("*"&$F2&"*",#REF!,20,FALSE),IFERROR(VLOOKUP("*"&$F2&"*",#REF!,19,FALSE),"无")) -> 无 | U2: =IFERROR(VLOOKUP("*"&$F2&"*",#REF!,21,FALSE),IFERROR(VLOOKUP("*"&$F2&"*",#REF!,20,FALSE),"无")) -> 无 | V2: =IF(OR(U2=0,U2="无"),"",S2) | W2: =V2 | X2: =IFERROR(IF(V2/S2>0,V2/S2,""),"") | Y2: =IFERROR(W2/V2,"") | AA2: =IFERROR(VLOOKUP("*"&$F2&"*",#REF!,5,FALSE),IFERROR(VLOOKUP("*"&$F2&"*",#REF!,4,FALSE),"无")) -> 无 | AB2: =IFERROR(VLOOKUP("*"&$F2&"*",#REF!,3,FALSE),IFERROR(VLOOKUP("*"&$F2&"*",#REF!,2,FALSE),"无")) -> 无
A3: 序号 | B3: 工作类型 | C3: 计划类型 | D3: 电压等级 | E3: 线路重要度 | F3: 线路名称 | G3: 作业来源 | H3: 设备设施名称 | I3: 复合绝缘子：杆塔数量（基） | J3: 绝缘子数量（串） | K3: 导地线：杆塔数量（基） | L3: 计划开始日期 | M3: 计划结束日期 | N3: 是否停电 | O3: 责任单位 | P3: 中心负责人 | Q3: 线路专责人 | R3: 责任中心 | S3: 计划完成数 | T3: 实际开始日期 | U3: 实际结束日期 | V3: 实际完成数 | W3: 合格数量 | X3: 完成率 | Y3: 合格率 | Z3: 备注（未能按时完成原因） | AA3: 计划编号 | AB3: 线路名 | AC3: 工作内容和地点 | AD3: 符合线路段 | AE3: 杆塔数 | AF3: 完成情况 | AG3: 实际结束时间字符串筛选（仅用于统计）
A4: 1560 | B4: 预试 | C4: 考核 | D4: 500kV | E4: 关键 | F4: 蓄北线 | G4: 运维策略 | H4: 全线 | I4: 20 | J4: 103 | K4: 81 | L4: 45383 | M4: 45412 | N4: 否 | O4: 输电管理二所 | P4: 董少波 | Q4: 王年光 | R4: 从化中心 | S4: =SUM(I4:K4) -> 204 | T4: 2024-01-18 09:07:41 2024-01-12 09:00:00 2024-01-12 09:00:00 2024-01-08 09:24:20 2024-01-10 09:24:33 2024-01-09 09:15:00 2024-01-08 09:00:00 2024-02-26 08:31:00 2024-02-21 09:00:00 2024-02-21 09:00:00 2024-02-22 09:00:00 2024-02-19 09:00:00 2024-02-05 09:00:00 2024-02-06 09:00:00 2024-02-05 09:00:00 2024-02-04 09:00:00 2024-03-15 09:25:00 2024-03-25 09:22:00 2024-03-14 09:02:00 2024-03-01 08:51:00 2024-03-20 08:43:00 2024-03-20 09:39:00 2024-03-18 08:35:00 2024-03-12 08:48:00 2024-03-28 09:30:00 2024-03-21 10:09:19 2024-03-21 10:09:19 2024-03-18 09:58:25 2024-03-20 10:00:12 2024-03-20 11:01:31 2024-03-20 10:00:12 2024-03-20 11:01:31 2024-03-18 09:58:25 2024-03-19 09:39:54 2024-03-18 09:58:25 2024-03-13 09:50:14 2024-03-14 10:55:04 2024-03-14 10:55:04 2024-03-13 09:50:14 2024-03-15 10:16:25 2024-03-15 10:16:25 2024-03-11 15:57:51 2024-03-11 15:57:50 2024-03-01 08:42:00 2024-03-01 09:41:00 2024-04-30 08:50:00 2024-04-29 09:30:00 2024-04-09 09:15:00 2024-04-01 09:15:00 2024-04-01 09:21:00 2024-04-26 09:10:00 2024-04-23 09:34:00 2024-04-03 09:15:00 2024-04-01 09:20:00 2024-04-08 09:45:00 2024-04-03 09:00:00 2024-05-28 02:34:57 2024-05-31 09:15:00 2024-05-31 09:00:00 2024-05-27 09:00:00 2024-05-27 09:00:00 2024-05-27 10:00:00 2024-05-27 09:33:08 2024-05-27 09:32:28 2024-05-16 09:06:00 2024-05-08 09:00:00 2024-06-14 12:24:49 2024-06-14 10:42:36 2024-06-14 11:05:06 2024-06-14 12:03:45 2024-06-05 12:08:00 2024-06-05 10:04:37 2024-06-05 09:42:15 2024-06-04 12:06:03 2024-06-04 11:26:47 2024-06-04 10:08:15 2024-06-04 11:00:10 2024-06-28 09:26:00 2024-06-28 09:22:00 2024-06-28 09:17:00 2024-06-28 09:30:00 2024-06-26 09:28:00 2024-06-05 11:46:06 2024-06-20 09:06:00 2024-06-20 09:06:00 2024-06-14 09:08:00 2024-06-04 09:00:00 2024-06-05 09:00:00 | U4: 45309.5 | AA4: SCWH0301231224025680 SCWH0301240112000011 SCWH0301231225128252 SCWH0301231224025672 SCWH0301240110000845 SCWH0301240108013206 SCWH0301240108000571 SCWH0301240105015333 SCWH0301240105015332 SCWH0301240105015328 SCWH0301240105015329 SCWH0301240123042531 SCWH0301240123042533 SCWH0301240105015324 SCWH0301240105015319 SCWH0301240105015325 SCWH0301240222290932 SCWH0301240222290937 SCWH0301240108012938 SCWH0301240108012937 SCWH0301240108012928 SCWH0301240108012935 SCWH0301240108012931 SCWH0301240108012934 SCWH0301240108012930 SCWH0301240321000419 SCWH0301240321000373 SCWH0301240318003719 SCWH0301240320000950 SCWH0301240320000640 SCWH0301240320000930 SCWH0301240320000853 SCWH0301240109001246 SCWH0301240319000154 SCWH0301240222290929 SCWH0301240314008249 SCWH0301240314008248 SCWH0301240313008249 SCWH0301240313008245 SCWH0301240315012859 SCWH0301240315001421 SCWH0301240313007865 SCWH0301240109001507 SCWH0301240108012925 SCWH0301240108012932 SCWH0301240108001058 SCWH0301240108001062 SCWH0301240105017060 SCWH0301240108001057 SCWH0301240108001056 SCWH0301240108001067 SCWH0301240109009309 SCWH0301240323000697 SCWH0301240323000698 SCWH0301240108001066 SCWH0301240108001063 SCWH0301240422034042 SCWH0301240108012187 SCWH0301240108012186 SCWH0301240108012180 SCWH0301240108012185 SCWH0301240108012181 SCWH0301240108012191 SCWH0301240108012192 SCWH0301240108012184 SCWH0301240422034043 SCWH0301240109001294 SCWH0301240108012221 SCWH0301240105010007 SCWH0301240108001991 SCWH0301240108002172 SCWH0301240108001500 SCWH0301240109001773 SCWH0301240108002469 SCWH0301240108001499 SCWH0301240108012204 SCWH0301240109001952 SCWH0301240105010379 SCWH0301240105010631 SCWH0301240521015255 SCWH0301240105011017 SCWH0301240109001504 SCWH0301240521015256 SCWH0301240105010926 SCWH0301240105010925 SCWH0301240105010924 SCWH0301240521015254 SCWH0301240105011020 | AB4: 蓄北线 | AC4: 500kV蓄北线线路特殊巡维：一点一册无人机巡视：500kV蓄北线#139-#140（2024年1月） 500kV蓄北线导线连接位置红外测温：500kV蓄北线#101-#102塔右地线，#105-#106塔三相接头测温 500kV蓄北线导线连接处红外测温：重要交叉跨越红外测温：500kV蓄北线#98-#99塔段(2024年1月) ；接头红外测温：#99-#100塔B相 500kV蓄北线导线连接位置红外测温：500kV蓄北线#98-#99塔段、#111-#112塔段、#114-#115塔段、120-#121、#136-#137塔段每月定检测温作业（2024年1月） 500kV蓄北线导线连接位置红外测温：500kV蓄北线#141-#142塔B、C相#145-#146塔B相、#148-#149塔B、C相、#151-#152塔A相及右地线，#152-#153塔B、C相测温接头测温 500kV蓄北线导线连接位置红外测温：500kV蓄北线#130-#131塔B、C相及右地线，#134-#135塔A相、右地线#136-#137塔B、C相，#137-#138塔右地线测温接头测温 500kV蓄北线导线连接位置红外测温：500kV蓄北线#116-#117塔右地线，#118-#119塔C相测温接头测温 500kV蓄北线导线连接位置红外测温：500kV蓄北线#8-#9重要交叉跨越红外测温（2024年2月） 500kV蓄北线导线连接位置红外测温：500kV蓄北线#223-#224、#228-#229重要交叉跨越红外测温（2024年2月） 500kV蓄北线导线连接位置红外测温：500kV蓄北线#198-#199、#214-#215重要交叉跨越红外测温（2024年2月） 500kV蓄北线导线连接位置红外测温：500kV蓄北线#186-#187、#187+1-#188、#188-#189、#192-#193重要交叉跨越红外测温（2024年2月） 500kV蓄北线线路特殊巡维：一点一册无人机巡视：500kV蓄北线#139-#140（2024年2月） 500kV蓄北线导线连接位置红外测温：500kV蓄北线#98-#99塔段、#111-#112塔段、#114-#115塔段、120-#121、#136-#137塔段每月定检测温作业（2024年2月） 500kV蓄北线导线连接位置红外测温：500kV蓄北线#136-#137、#139-#140、#159-#160重要交叉跨越红外测温（2024年2月） 500kV蓄北线导线连接位置红外测温：500kV蓄北线#98-#99重要交叉跨越红外测温（2024年2月） 500kV蓄北线导线连接位置红外测温：500kV蓄北线#111-#112、#114-#115、#120-#121、#124-#125重要交叉跨越红外测温（2024年2月） 500kV蓄北线导线连接位置红外测温：500kV蓄北线#98-#99塔段、#111-#112塔段、#114-#115塔段、120-#121、#136-#137塔段每月定检测温作业（2024年3月） 500kV蓄北线、110kV森温线、110kV森温线宝珠乙支线导线连接位置红外测温：500kV蓄北线#77塔段、#174-#175塔段；110kV森温线#50-#51塔段；110kV森温线宝珠乙支线#44-#45塔段半张力预绞丝周期化定检测温作业（2024年3月） 500kV蓄北线导线连接位置红外测温：500kV蓄北线#8-#9重要交叉跨越红外测温（2024年3月） 500kV蓄北线导线连接位置红外测温：500kV蓄北线#223-#224、#228-#229重要交叉跨越红外测温（2024年3月） 500kV蓄北线导线连接位置红外测温：500kV蓄北线#192-#193重要交叉跨越红外测温（2024年3月） 500kV蓄北线、35kV良吕线导线连接位置红外测温：500kV蓄北线#186-#187、#187+1-#188、#188-#189塔段、35kV良吕线#10-#11、#19-#20、#21-#22、#32-#33重要交叉跨越红外测温（2024年3月） 500kV蓄北线导线连接位置红外测温：500kV蓄北线#136-#137、#159-#160重要交叉跨越红外测温（2024年3月） 500kV蓄北线导线连接位置红外测温：500kV蓄北线#198-#199、#214-#215重要交叉跨越红外测温（2024年3月） 500kV蓄北线、110kV流森线、110kV森良甲线、110kV森养甲线桃莲甲支线导线连接位置红外测温：500kV蓄北线#139-#140、110kV流森线#14-#15、110kV森良甲线#09-#10、110kV森养甲线桃莲甲支线#05-#06重要交叉跨越红外测温（2024年3月） 500kV蓄北线无人机精细化巡线：机巡线路巡视（1-3月精细化）：（Ⅱ级）500kV蓄北线#105-#106 500kV蓄北线无人机精细化巡线：机巡线路巡视（1-3月测温）：（Ⅱ级）500kV蓄北线#105-#106 500kV蓄北线无人机精细化巡线：（Ⅱ级）500kV蓄北线#131-#142塔段红外测温 500kV蓄北线无人机精细化巡线：机巡线路巡视（1-3月精细化）：（Ⅱ级）500kV蓄北线#181-#198 500kV蓄北线无人机精细化巡线：机巡线路巡视（1-3月精细化）：（Ⅱ级）500kV蓄北线#161-#180 500kV蓄北线无人机精细化巡线：机巡线路巡视（1-3月测温）：（Ⅱ级）500kV蓄北线#181-#198 500kV蓄北线无人机精细化巡线：机巡线路巡视（1-3月测温）：（Ⅱ级）500kV蓄北线#161-#180 500kV蓄北线无人机精细化巡视：机巡线路巡视（1-3月精细化）：（Ⅱ级）500kV蓄北线#131-#142塔段； 500kV蓄北线无人机精细化巡线：机巡线路巡视（1-3月精细化测温）：（Ⅱ级）500kV蓄北线#142-#160 500kV蓄北线线路特殊巡维：一点一册无人机巡视：500kV蓄北线#139-#140（2024年3月） 500kV蓄能AB线、500kV蓄北线无人机精细化巡线：机巡线路巡视（1-3月测温）：（Ⅱ级）500kV蓄北线#01-#13、500kV蓄能AB线#01-#08 500kV蓄北线无人机精细化巡视：机巡线路巡视（1-3月测温）：（Ⅱ级）500kV蓄北线#74-#75 500kV蓄北线无人机精细化巡线：机巡线路巡视（1-3月精细化测温）：（Ⅱ级）500kV蓄北线#74-#75 500kV蓄能AB线、500kV蓄北线无人机精细化巡线：机巡线路巡视（1-3月精细化测温）：（Ⅱ级）500kV蓄北线#01-#13、500kV蓄能AB线#01-#08 500kV蓄北线无人机精细化巡线：机巡线路巡视（1-3月精细化测温）：（Ⅱ级）500kV蓄北线#107-#130塔段 500kV蓄北线无人机精细化巡线：机巡线路巡视（1-3月精细化）：（Ⅱ级）500kV蓄北线#107-#130塔段 500kV蓄北线无人机精细化巡线：机巡线路巡视（1-3月精细化测温）：（Ⅱ级）500kV蓄北线#74-#104、#171-#175 500kV蓄北线无人机精细化巡线：机巡线路巡视（1-3月精细化）：（Ⅱ级）500kV蓄北线#74-#104、#171-#175 500kV蓄北线导线连接位置红外测温：500kV蓄北线#98-#99重要交叉跨越红外测温（2024年3月） 500kV蓄北线导线连接位置红外测温：500kV蓄北线#111-#112、#114-#115、#120-#121、#124-#125重要交叉跨越红外测温（2024年3月） 500kV蓄北线导线连接位置红外测温：500kV蓄北线#8-#9重要交叉跨越红外测温（2024年4月） 500kV蓄北线导线连接位置红外测温：500kV蓄北线#223-#224、#228-#229重要交叉跨越红外测温（2024年4月） 500kV蓄北线导线连接位置红外测温：500kV蓄北线#172-#173、#173-#174重要交叉跨越红外测温（2024年6月） 500kV蓄北线导线连接位置红外测温：500kV蓄北线#114-#115、#120-#121,#124-#125重要交叉跨越红外测温（2024年4月） 500kV蓄北线导线连接位置红外测温：500kV蓄北线#88-#89、#98-#99重要交叉跨越红外测温（2024年4月） 500kV蓄北线导线连接位置红外测温：500kV蓄北线#198-#199、#199-#199+1、#200-#201、#211-#212、#214-#215重要交叉跨越红外测温（2024年4月） 500kV蓄北线导线连接位置红外测温：合成绝缘子（避雷器）红外测温：接续管红外测温：500kV蓄北线#01-#13、#74-229塔段（2024年1月-6月） 500kV蓄北线线路特殊巡维：一点一册无人机巡视：500kV蓄北线#139-#140（2024年4月） 500kV蓄北线导线连接位置红外测温：500kV蓄北线#88-#89、#98-#99塔段、#111-#112塔段、#114-#115塔段、120-#121、#124-#125塔段每月定检测温作业（2024年4月） 500kV蓄北线导线连接位置红外测温：500kV蓄北线#172-#173、#173-#174、#186-#187、#187+1-#188、#188-#189、#192-#193、#194-#195塔段重要交叉跨越红外测温（2024年4月） 500kV蓄北线导线连接位置红外测温：500kV蓄北线#136-#137、#159-#160、#139-#140、#172-#173、#173-#174重要交叉跨越红外测温（2024年4月） 500kV蓄北线线路特殊巡维：一点一册无人机巡视：500kV蓄北线#139-#140（2024年5月） 500kV蓄北线导线连接位置红外测温：500kV蓄北线#98-#99重要交叉跨越红外测温（2024年5月） 500kV蓄北线导线连接位置红外测温：500kV蓄北线#111-#112、#114-#115、#120-#121、#124-#125重要交叉跨越红外测温（2024年5月） 500kV蓄北线导线连接位置红外测温：500kV蓄北线#186-#187、#187+1-#188、#188-#189塔段重要交叉跨越红外测温（2024年5月） 500kV蓄北线导线连接位置红外测温：500kV蓄北线#192-#193重要交叉跨越红外测温（2024年5月） 500kV蓄北线导线连接位置红外测温：500kV蓄北线#136-#137、#139-#140、#159-#160重要交叉跨越红外测温（2024年5月） 500kV蓄北线导线连接位置红外测温：500kV蓄北线#223-#224、#228-#229重要交叉跨越红外测温（2024年5月） 500kV蓄北线导线连接位置红外测温：500kV蓄北线#198-#199、#214-#215重要交叉跨越红外测温（2024年5月） 500kV蓄北线导线连接位置红外测温：500kV蓄北线#8-#9重要交叉跨越红外测温（2024年5月） 500kV蓄北线导线连接位置红外测温：500kV蓄北线#98-#99、#105-#106、 #111-#112、#114-#115、#120-#121,#124-#125、#136-#137、#139-#140塔段每月定检测温作业（2024年5月） 500kV蓄北线导线连接位置红外测温：500kV蓄北线#186-#187重要交叉跨越红外测温（2024年6月） 500kV蓄北线导线连接位置红外测温：500kV蓄北线#194-#195重要交叉跨越红外测温（2024年6月） 500kV蓄北线导线连接位置红外测温：500kV蓄北线#192-#193重要交叉跨越红外测温（2024年6月） 500kV蓄北线导线连接位置红外测温：500kV蓄北线#188-#189重要交叉跨越红外测温（2024年6月） 500kV蓄北线导线连接位置红外测温：500kV蓄北线#136-#137重要交叉跨越红外测温（2024年6月） 500kV蓄北线导线连接位置红外测温：500kV蓄北线#124-#125重要交叉跨越红外测温（2024年6月） 500kV蓄北线导线连接位置红外测温：500kV蓄北线#120-#121重要交叉跨越红外测温（2024年6月） 500kV蓄北线导线连接位置红外测温：500kV蓄北线#114-#115重要交叉跨越红外测温（2024年6月） 500kV蓄北线导线连接位置红外测温：500kV蓄北线#111-#112重要交叉跨越红外测温（2024年6月） 500kV蓄北线导线连接位置红外测温：500kV蓄北线#98-#99重要交叉跨越红外测温（2024年6月） 500kV蓄北线导线连接位置红外测温：500kV蓄北线#105-#106重要交叉跨越红外测温（2024年6月） 500kV蓄北线导线连接位置红外测温：500kV蓄北线#194-#195、#198-#199重要交叉跨越红外测温（2024年6月） 500kV蓄北线导线连接位置红外测温：500kV蓄北线#214-#215、#187+1-#188、#188-#189塔段重要交叉跨越红外测温（2024年6月） 500kV蓄北线、110kV森温线、110kV森温线宝珠乙支线导线连接位置红外测温：500kV蓄北线#77塔段、#174-#175塔段；110kV森温线#50-#51塔段；110kV森温线宝珠乙支线#44-#45塔段半张力预绞丝周期化定检测温作业（2024年6月） 500kV蓄北线导线连接位置红外测温：500kV蓄北线#8-#9重要交叉跨越红外测温（2024年6月） 500kV蓄北线无人机巡视、测量作业：机巡线路巡视（4-6月点云测量）：（Ⅱ级）500kV蓄北线#01-#229；（外委实施） 500kV蓄北线线路特殊巡维：一点一册无人机巡视：500kV蓄北线#139-#140（2024年6月） 500kV蓄北线导线连接位置红外测温：500kV蓄北线#223-#224、#228-#229重要交叉跨越红外测温（2024年6月） 500kV蓄北线导线连接位置红外测温：500kV蓄北线#198-#199、#214-#215重要交叉跨越红外测温（2024年6月） 500kV蓄北线导线连接位置红外测温：500kV蓄北线#186-#187、#187+1-#188、#188-#189、#192-#193、（#194-#195三月一巡）重要交叉跨越红外测温（2024年6月） 500kV蓄北线导线连接位置红外测温：500kV蓄北线#98-#99塔段、#111-#112塔段、#114-#115塔段、120-#121、#124-#125塔段每月定检测温作业（2024年6月） 500kV蓄北线导线连接位置红外测温：500kV蓄北线#136-#137、#139-#140、#159-#160重要交叉跨越红外测温（2024年6月） | AD4: #159-#160 #139-#140 #136-#137 #124-#125 #114-#115 #111-#112 #98-#99 #194-#195 #192-#193 #188-#189 #186-#187 #214-#215 #198-#199 #228-#229 #223-#224 #139-#140 #01-#229 #44-#45 #50-#51 #174-#175 #188-#189 #214-#215 #198-#199 #194-#195 #105-#106 #98-#99 #111-#112 #114-#115 #120-#121 #124-#125 #136-#137 #188-#189 #192-#193 #194-#195 #186-#187 | AF4: 已完成 | AG4: 1月份已完成
A5: 1562 | B5: 预试 | C5: 考核 | D5: 500kV | E5: 关键 | F5: 蓄北线 | G5: 运维策略 | H5: 全线 | I5: 20 | J5: 103 | K5: 35 | L5: 45536 | M5: 45565 | N5: 否 | O5: 输电管理二所 | P5: 董少波 | Q5: 王年光 | R5: 从化中心 | S5: =SUM(I5:K5) -> 158 | T5: 2024-07-30 09:00:00 2024-07-29 08:41:00 2024-07-16 09:52:20 2024-07-18 09:22:41 2024-07-18 09:23:08 2024-07-08 09:00:00 2024-07-08 09:00:00 2024-07-03 09:00:00 2024-07-03 09:00:00 2024-07-02 09:00:00 2024-07-04 09:00:00 2024-08-12 10:25:39 2024-08-06 10:53:12 2024-08-09 09:30:48 2024-08-16 09:45:33 2024-08-09 11:35:03 2024-08-23 09:00:00 2024-08-09 09:30:00 2024-08-06 09:19:00 2024-08-06 09:09:00 2024-08-06 09:30:00 2024-08-05 09:35:00 2024-08-06 09:08:00 2024-08-05 09:30:47 2024-08-05 09:36:00 2024-08-01 09:45:00 | U5: 45503.574 | AA5: SCWH0301240622000854 SCWH0301240108012293 SCWH0301240622000850 SCWH0301240108012285 SCWH0301240108012288 SCWH0301240108012295 SCWH0301240108012292 SCWH0301240108012286 SCWH0301240108012290 SCWH0301240108012294 SCWH0301240105011268 SCWH0301240812005782 SCWH0301240812005789 SCWH0301240813000451 SCWH0301240815000656 SCWH0301240814000408 SCWH0301240823000242 SCWH0301240721000216 SCWH0301240108012575 SCWH0301240108012580 SCWH0301240108012573 SCWH0301240108012578 SCWH0301240108012584 SCWH0301240721000212 SCWH0301240108012579 SCWH0301240108012586 | AB5: 蓄北线 | AC5: 500kV蓄北线导线连接位置红外测温：500kV蓄北线#98-#99塔段、#111-#112塔段、#114-#115塔段、120-#121、#124-#125塔段每月定检测温作业（2024年7月） 110kV从明森线;500kV蓄北线导线连接位置红外测温：500kV蓄北线#8-#9塔段、110kV从明森线#47-#48塔段重要交叉跨越红外测温（2024年7月） 500kV蓄北线线路特殊巡维：一点一册无人机巡视：500kV蓄北线#139-#140（2024年7月） 500kV蓄北线导线连接位置红外测温：500kV蓄北线#198-#199、#199-#199+1、#200-#201、#211-#212、#214-#215重要交叉跨越红外测温（2024年7月） 500kV蓄北线导线连接位置红外测温：500kV蓄北线#223-#224、#228-#229重要交叉跨越红外测温（2024年7月） 500kV蓄北线导线连接位置红外测温：500kV蓄北线#186-#187、#187+1-#188、#188-#189塔段重要交叉跨越红外测温（2024年7月） 500kV蓄北线导线连接位置红外测温：500kV蓄北线#192-#193、#194-#195重要交叉跨越红外测温（2024年7月） 500kV蓄北线导线连接位置红外测温：500kV蓄北线#136-#137、#159-#160、#139-#140重要交叉跨越红外测温（2024年7月） 500kV蓄北线导线连接位置红外测温：500kV蓄北线#105-#106、#111-#112、#114-#115、#120-#121、#124-#125重要交叉跨越红外测温（2024年7月） 500kV蓄北线导线连接位置红外测温：500kV蓄北线#88-#89、#98-#99重要交叉跨越红外测温（2024年7月） 500kV蓄北线导线连接位置红外测温：500kV蓄北线#172-#173、#173-#174重要交叉跨越红外测温（2024年7月） 500kV蓄北线无人机精细化巡线：机巡线路巡视（精细化、红外）：500kV蓄北线#74-#90 500kV蓄北线无人机精细化巡线：机巡线路巡视（精细化、红外）：500kV蓄北线#186-#197 500kV蓄北线无人机精细化巡线：机巡线路巡视（精细化、红外）：500kV蓄北线#91-#124 500kV蓄北线无人机精细化巡线：机巡线路巡视（精细化、红外）：500kV蓄北线#129-#142 500kV蓄北线无人机精细化巡线：机巡线路巡视（精细化、红外）：500kV蓄北线#125-#128 500kV蓄北线无人机精细化巡线：机巡线路巡视（精细化、红外）：500kV蓄北线#142-#160 500kV蓄北线导线连接位置红外测温：500kV蓄北线#111-#112塔段、#114-#115塔段、120-#121、#124-#125塔段重要交叉跨越红外测温（2024年8月） 500kV蓄北线导线连接位置红外测温：500kV蓄北线#192-#193重要交叉跨越红外测温（2024年8月） 500kV蓄北线导线连接位置红外测温：500kV蓄北线#198-#199、#214-#215重要交叉跨越红外测温（2024年8月） 500kV蓄北线导线连接位置红外测温：500kV蓄北线#186-#187、#187+1-#188、#188-#189塔段重要交叉跨越红外测温（2024年8月） 500kV蓄北线导线连接位置红外测温：500kV蓄北线#136-#137、#139-#140、#159-#160重要交叉跨越红外测温（2024年8月） 500kV蓄北线导线连接位置红外测温：500kV蓄北线#223-#224、#228-#229重要交叉跨越红外测温（2024年8月） 500kV蓄北线线路特殊巡维：一点一册无人机巡视：500kV蓄北线#139-#140（2024年8月） 500kV蓄北线导线连接位置红外测温：500kV蓄北线#8-#9重要交叉跨越红外测温（2024年8月） 500kV蓄北线导线连接位置红外测温：500kV蓄北线#98-#99、#111-#112、#114-#115、#120-#121、#124-#125重要交叉跨越红外测温（2024年8月） | AD5: #124-#125 #120-#121 #114-#115 #111-#112 #98-#99 #139-#140 #228-#229 #223-#224 #159-#160 #139-#140 #136-#137 #188-#189 #186-#187 #214-#215 #198-#199 #192-#193 #124-#125 #114-#115 #111-#112 #142-#160 #125-#128 #129-#142 #91-#124 #186-#197 #74-#90 | AF5: 已完成 | AG5: 7月份已完成
A6: 1580 | B6: 预试 | C6: 考核 | D6: 500kV | E6: 关键 | F6: 蓄能AB联络线 | G6: 运维策略 | H6: 全线 | I6: 4 | J6: 24 | K6: 4 | L6: 45383 | M6: 45412 | N6: 否 | O6: 输电管理二所 | P6: 董少波 | Q6: 王年光 | R6: 从化中心 | S6: =SUM(I6:K6) -> 32 | T6: 2024-04-23 09:15:00 2024-06-24 09:10:00 | U6: 45408.545 | AA6: SCWH0301240109009311 SCWH0301240109001248 | AB6: 蓄能AB联络线 | AC6: 500kV蓄能AB联络线导线连接位置红外测温：合成绝缘子（避雷器）红外测温：接续管红外测温：500kV蓄能AB联络线#01-#8塔段（2024年1月-6月） 500kV蓄能AB联络线无人机巡视、测量作业：机巡线路巡视（4-6月点云测量）：（Ⅱ级）500kV蓄能AB联络线#01-#08；（外委实施） | AD6: #01-#08 | AF6: 已完成 | AG6: 4月份已完成
A7: 1581 | B7: 预试 | C7: 考核 | D7: 500kV | E7: 关键 | F7: 蓄能AB联络线 | G7: 运维策略 | H7: 全线 | I7: 4 | J7: 24 | K7: 4 | L7: 45536 | M7: 45565 | N7: 否 | O7: 输电管理二所 | P7: 董少波 | Q7: 王年光 | R7: 从化中心 | S7: =SUM(I7:K7) -> 32
A8: 1582 | B8: 预试 | C8: 考核 | D8: 110kV | E8: 一般 | F8: 从明森线 | G8: 运维策略 | H8: 全线 | I8: 24 | J8: 90 | K8: 118 | L8: 45566 | M8: 45596 | N8: 否 | O8: 输电管理二所 | P8: 董少波 | Q8: 朱国坚 | R8: 从化中心 | S8: =SUM(I8:K8) -> 232 | T8: 2024-02-20 09:00:00 2024-02-06 09:19:05 2024-03-22 10:18:10 2024-03-22 10:37:09 2024-03-29 09:17:00 2024-03-25 10:26:07 2024-03-25 10:26:07 2024-03-21 10:39:33 2024-03-22 09:31:30 2024-03-26 11:01:48 2024-03-26 11:01:48 2024-03-22 09:31:30 2024-03-21 10:39:33 2024-03-08 08:44:00 2024-04-12 10:09:49 2024-04-12 10:09:49 2024-04-12 09:00:00 2024-03-22 10:18:10 2024-04-07 09:45:00 2024-05-30 09:02:00 2024-05-31 09:35:00 2024-05-11 11:13:05 2024-05-11 11:13:05 2024-06-28 09:18:00 2024-06-26 09:23:00 2024-06-25 09:06:00 2024-06-24 09:05:00 2024-07-30 08:50:00 2024-07-22 09:46:00 2024-07-15 08:43:00 2024-07-29 08:41:00 2024-08-29 09:00:00 2024-08-07 10:01:52 2024-08-08 09:53:40 2024-08-07 10:03:12 2024-08-02 09:09:00 2024-07-30 08:50:00 2024-07-22 09:46:00 2024-07-15 08:43:00 2024-07-29 08:41:00 2024-07-30 08:50:00 2024-07-22 09:46:00 2024-07-15 08:43:00 2024-07-29 08:41:00 2024-08-29 09:00:00 2024-08-07 10:01:52 2024-08-08 09:53:40 2024-08-07 10:03:12 2024-08-02 09:09:00 | U8: 45342.574 | AA8: SCWH0301240105015327 SCWH0301240105015318 SCWH0301240326004931 SCWH0301240326004932 SCWH0301240108012933 SCWH0301240325024683 SCWH0301240325024486 SCWH0301240321000566 SCWH0301240322008477 SCWH0301240326000566 SCWH0301240326000567 SCWH0301240322008439 SCWH0301240321000622 SCWH0301240108012924 SCWH0301240412000663 SCWH0301240412000602 SCWH0301240108001061 SCWH0301240408005493 SCWH0301240108001054 SCWH0301240108012179 SCWH0301240108012188 SCWH0301240513004220 SCWH0301240507009258 SCWH0301240105010033 SCWH0301240105010013 SCWH0301240109001437 SCWH0301240105010376 SCWH0301240108012284 SCWH0301240622000971 SCWH0301240108012289 SCWH0301240108012293 SCWH0301240108012585 SCWH0301240808003404 SCWH0301240808003168 SCWH0301240807003137 SCWH0301240108012577 SCWH0301240108012284 SCWH0301240622000971 SCWH0301240108012289 SCWH0301240108012293 SCWH0301240108012284 SCWH0301240622000971 SCWH0301240108012289 SCWH0301240108012293 SCWH0301240108012585 SCWH0301240808003404 SCWH0301240808003168 SCWH0301240807003137 SCWH0301240108012577 | AB8: 从明森线 | AC8: 110kV森养甲线、110kV森养乙线、110kV从明森线导线连接位置红外测温：110kV森养甲线#4-#5、#13-#14、110kV森养乙线#4-#5、#11-#12、110kV从明森线#107-#108、#114-#115重要交叉跨越红外测温（2024年2月） 110kV从明森线导线连接位置红外测温：110kV从明森线#05-#06重要交叉跨越红外测温（2024年2月） 110kV森养乙、110kV森温线宝珠乙支线、110kV从明森线宝珠甲支线无人机精细化巡线：机巡线路巡视（1-3月测温）：110kV森养乙线#01-#25、110kV森温线宝珠乙支线#09-#13、#48-#69、110kV从明森线宝珠甲支线#00-#02 110kV森养乙线、110kV森温线宝珠乙支线、110kV从明森线宝珠甲支线无人机精细化巡线：机巡线路巡视（1-3月精细化）：110kV森养乙线#01-#25、110kV森温线宝珠乙支线#09-#13、#48-#69、110kV从明森线宝珠甲支线#00-#02 110kV森养甲线、110kV森养乙线、110kV从明森线、110kV森温线宝珠乙支线导线连接位置红外测温：110kV森养甲线#4-#5、#13-#14、110kV森养乙线#4-#5、#11-#12、110kV从明森线#92-#93、#107-#108、#114-#115、110kV森温线宝珠乙支线#10-#11重要交叉跨越红外测温（2024年3月） 110kV从明森线无人机精细化巡线：机巡线路巡视（1-3月精细化）：110kV从明森线#95-#118 110kV从明森线无人机精细化巡线：机巡线路巡视（1-3月测温）：110kV从明森线#95-#118 110kV从明森线无人机精细化巡线：机巡线路巡视（1-3月测温）：110kV从明森线#01-#20 110kV从明森线无人机精细化巡线：机巡线路巡视（1-3月精细化）：110kV从明森线#21-#55 110kV从明森线无人机精细化巡线：机巡线路巡视（1-3月精细化）：110kV从明森线#90-#94 110kV从明森线无人机精细化巡线：机巡线路巡视（1-3月测温）：110kV从明森线#90-#94 110kV从明森线无人机精细化巡线：机巡线路巡视（1-3月测温）：110kV从明森线#21-#55 110kV从明森线无人机精细化巡线：机巡线路巡视（1-3月精细化）：110kV从明森线#01-#20 110kV从明森线导线连接位置红外测温：110kV从明森线#05-#06重要交叉跨越红外测温（2024年3月） 110kV从明森线、110kV森温线宝珠乙支线无人机精细化巡线：机巡线路巡视（精细化）：110kV从明森线 #74-#86，110kV森温线宝珠乙支线#17-#29 110kV从明森线、110kV森温线宝珠乙支线无人机精细化巡线：机巡线路巡视（测温）：110kV从明森线 #74-#86，110kV森温线宝珠乙支线#17-#29 110kV森养甲线、110kV森养乙线、110kV从明森线、110kV森温线宝珠乙支线导线连接位置红外测温：110kV森养甲线#4-#5、#13-#14、110kV森养乙线#4-#5、#11-#12、110kV从明森线#92-#93、#107-#108、#114-#115、110kV森温线宝珠乙支线#10-#11重要交叉跨越红外测温（2024年4月） 110kV森养乙线、110kV森温线宝珠乙支线、110kV从明森线宝珠甲支线无人机精细化巡线：机巡线路巡视（精细化）：110kV森养乙线#25、110kV森温线宝珠乙支线#67-#69、110kV从明森线宝珠甲支线#00-#02 110kV从明森线导线连接位置红外测温：110kV从明森线#05-#06重要交叉跨越红外测温（2024年4月） 110kV森养甲线、110kV森养乙线、110kV从明森线导线连接位置红外测温：110kV森养甲线#4-#5、#13-#14、110kV森养乙线#4-#5、#11-#12、110kV从明森线#107-#108、#114-#115重要交叉跨越红外测温（2024年5月） 110kV从明森线导线连接位置红外测温：110kV从明森线#05-#06、#92-#93重要交叉跨越红外测温（2024年5月） 110kV森养乙线、110kV从明森线、110kV森养甲线无人机精细化巡线：机巡线路巡视（可见光）：110kV森养甲线#01-#15 110kV森养乙线、110kV从明森线、110kV森养甲线无人机精细化巡线：机巡线路巡视（测温）：110kV森养甲线#01-#15 110kV从明森线导线连接位置红外测温：110kV从明森线#05-#06重要交叉跨越红外测温（2024年6月） 110kV从明森线无人机巡视、测量作业：机巡线路巡视（4-6月点云测量）：（Ⅳ级）110kV从明森线#01-#118；（外委实施） 110kV从明森线宝珠甲支线无人机巡视、测量作业：机巡线路巡视（4-6月点云测量）：（Ⅲ级）110kV从明森线宝珠甲支线#00-#02；（外委实施） 110kV森养甲线、110kV森养乙线、110kV从明森线、110kV森温线宝珠乙支线导线连接位置红外测温：110kV森养甲线#04-#05、#13-#14、110kV森养乙线#04-#05、#11-#12、110kV从明森线#92-#93、#107-#108、#114-#115、110kV森温线宝珠乙支线#10-#11重要交叉跨越红外测温（2024年6月） 110kV从明森线、110kV森养甲线云星甲支线导线连接位置红外测温：110kV从明森线#92-#93、110kV森养甲线云星甲支线#10-#11、#13-#14重要交叉跨越红外测温（2024年7月） 110kV从明森线导线连接位置红外测温：110kV从明森线#05-#06重要交叉跨越红外测温（2024年7月） 110kV森养甲线、110kV森养乙线、110kV从明森线导线连接位置红外测温：110kV森养甲线#4-#5、#13-#14、110kV森养乙线#4-#5、#11-#12、110kV从明森线#107-#108、#114-#115重要交叉跨越红外测温（2024年7月） 110kV从明森线;500kV蓄北线导线连接位置红外测温：500kV蓄北线#8-#9塔段、110kV从明森线#47-#48塔段重要交叉跨越红外测温（2024年7月） 110kV从明森线导线连接位置红外测温：110kV从明森线#05-#06重要交叉跨越红外测温（2024年8月） 110kV从明森线、110kV森温线宝珠乙支线无人机精细化巡线：机巡线路巡视（精细化、红外）：110kV从明森线#56-#65，110kV森温线宝珠乙支线#38-#47 110kV从明森线、110kV森温线宝珠乙支线无人机精细化巡线：机巡线路巡视（精细化、红外）：110kV从明森线#66-#70，110kV森温线宝珠乙支线#33-#37 110kV从明森线、110kV森温线宝珠乙支线无人机精细化巡线：机巡线路巡视（精细化、红外）：110kV从明森线#87-#89、#71-#73，110kV森温线宝珠乙支线#14-#16、#30-32 110kV森养甲线、110kV森养乙线、110kV从明森线、110kV森温线宝珠乙支线导线连接位置红外测温：110kV森养甲线#4-#5、#13-#14、110kV森养乙线#4-#5、#11-#12、110kV从明森线#92-#93、#107-#108、#114-#115、110kV森温线宝珠乙支线#10-#11重要交叉跨越红外测温（2024年8月） 110kV从明森线、110kV森养甲线云星甲支线导线连接位置红外测温：110kV从明森线#92-#93、110kV森养甲线云星甲支线#10-#11、#13-#14重要交叉跨越红外测温（2024年7月） 110kV从明森线导线连接位置红外测温：110kV从明森线#05-#06重要交叉跨越红外测温（2024年7月） 110kV森养甲线、110kV森养乙线、110kV从明森线导线连接位置红外测温：110kV森养甲线#4-#5、#13-#14、110kV森养乙线#4-#5、#11-#12、110kV从明森线#107-#108、#114-#115重要交叉跨越红外测温（2024年7月） 110kV从明森线;500kV蓄北线导线连接位置红外测温：500kV蓄北线#8-#9塔段、110kV从明森线#47-#48塔段重要交叉跨越红外测温（2024年7月） 110kV从明森线、110kV森养甲线云星甲支线导线连接位置红外测温：110kV从明森线#92-#93、110kV森养甲线云星甲支线#10-#11、#13-#14重要交叉跨越红外测温（2024年7月） 110kV从明森线导线连接位置红外测温：110kV从明森线#05-#06重要交叉跨越红外测温（2024年7月） 110kV森养甲线、110kV森养乙线、110kV从明森线导线连接位置红外测温：110kV森养甲线#4-#5、#13-#14、110kV森养乙线#4-#5、#11-#12、110kV从明森线#107-#108、#114-#115重要交叉跨越红外测温（2024年7月） 110kV从明森线;500kV蓄北线导线连接位置红外测温：500kV蓄北线#8-#9塔段、110kV从明森线#47-#48塔段重要交叉跨越红外测温（2024年7月） 110kV从明森线导线连接位置红外测温：110kV从明森线#05-#06重要交叉跨越红外测温（2024年8月） 110kV从明森线、110kV森温线宝珠乙支线无人机精细化巡线：机巡线路巡视（精细化、红外）：110kV从明森线#56-#65，110kV森温线宝珠乙支线#38-#47 110kV从明森线、110kV森温线宝珠乙支线无人机精细化巡线：机巡线路巡视（精细化、红外）：110kV从明森线#66-#70，110kV森温线宝珠乙支线#33-#37 110kV从明森线、110kV森温线宝珠乙支线无人机精细化巡线：机巡线路巡视（精细化、红外）：110kV从明森线#87-#89、#71-#73，110kV森温线宝珠乙支线#14-#16、#30-32 110kV森养甲线、110kV森养乙线、110kV从明森线、110kV森温线宝珠乙支线导线连接位置红外测温：110kV森养甲线#4-#5、#13-#14、110kV森养乙线#4-#5、#11-#12、110kV从明森线#92-#93、#107-#108、#114-#115、110kV森温线宝珠乙支线#10-#11重要交叉跨越红外测温（2024年8月） | AD8: #10-#11 #114-#115 #107-#108 #92-#93 #11-#12 #13-#14 #14-#16 #71-#73 #87-#89 #33-#37 #66-#70 #38-#47 #56-#65 #05-#06 | AF8: 已完成 | AG8: 2月份已完成
A9: 1600 | B9: 预试 | C9: 考核 | D9: 110kV | E9: 一般 | F9: 从明森线宝珠甲支线 | G9: 运维策略 | H9: 全线 | I9: 0 | J9: 0 | K9: 4 | L9: 45566 | M9: 45596 | N9: 否 | O9: 输电管理二所 | P9: 董少波 | Q9: 朱国坚 | R9: 从化中心 | S9: =SUM(I9:K9) -> 4 | T9: 2024-03-22 10:18:10 2024-03-22 10:37:09 2024-03-22 10:18:10 2024-06-25 09:06:00 | U9: 45380.623 | AA9: SCWH0301240326004931 SCWH0301240326004932 SCWH0301240408005493 SCWH0301240109001437 | AB9: 从明森线宝珠甲支线 | AC9: 110kV森养乙、110kV森温线宝珠乙支线、110kV从明森线宝珠甲支线无人机精细化巡线：机巡线路巡视（1-3月测温）：110kV森养乙线#01-#25、110kV森温线宝珠乙支线#09-#13、#48-#69、110kV从明森线宝珠甲支线#00-#02 110kV森养乙线、110kV森温线宝珠乙支线、110kV从明森线宝珠甲支线无人机精细化巡线：机巡线路巡视（1-3月精细化）：110kV森养乙线#01-#25、110kV森温线宝珠乙支线#09-#13、#48-#69、110kV从明森线宝珠甲支线#00-#02 110kV森养乙线、110kV森温线宝珠乙支线、110kV从明森线宝珠甲支线无人机精细化巡线：机巡线路巡视（精细化）：110kV森养乙线#25、110kV森温线宝珠乙支线#67-#69、110kV从明森线宝珠甲支线#00-#02 110kV从明森线宝珠甲支线无人机巡视、测量作业：机巡线路巡视（4-6月点云测量）：（Ⅲ级）110kV从明森线宝珠甲支线#00-#02；（外委实施） | AD9: #00-#02 | AF9: 已完成 | AG9: 3月份已完成
A10: 1601 | B10: 预试 | C10: 考核 | D10: 110kV | E10: 一般 | F10: 街灌线 | G10: 运维策略 | H10: 全线 | I10: 0 | J10: 0 | K10: 20 | L10: 45352 | M10: 45382 | N10: 否 | O10: 输电管理二所 | P10: 董少波 | Q10: 吴洪昌 | R10: 从化中心 | S10: =SUM(I10:K10) -> 20 | T10: 2024-02-01 09:00:00 2024-03-22 09:43:00 2024-03-04 08:54:00 2024-04-12 09:00:00 2024-05-06 10:09:00 2024-05-06 10:09:00 2024-05-08 09:00:00 2024-06-25 09:21:00 2024-06-26 14:00:00 2024-07-30 09:00:00 2024-08-01 08:37:00 2024-07-30 09:00:00 2024-07-30 09:00:00 2024-08-01 08:37:00 | U10: 45323.5 | AA10: SCWH0301240105015323 SCWH0301240109009336 SCWH0301240108012929 SCWH0301240108001059 SCWH0301240506000524 SCWH0301240506000689 SCWH0301240108012190 SCWH0301240108002173 SCWH0301240105010130 SCWH0301240108012287 SCWH0301240108012582 SCWH0301240108012287 SCWH0301240108012287 SCWH0301240108012582 | AB10: 街灌线 | AC10: 110kV街灌线、110kV森养甲线云星支线、110kV森温线、110kV森养乙线、110kV森养甲线、110kV森温线宝珠乙支线导线连接位置红外测温：110kV街灌线#01-#02、110kV森养甲线云星支线#10-#11、#13-#14、110kV森温线#41-#42、#51-#52、110kV森养乙线#26-#27、110kV森养甲线#26-#27、110kV森温线宝珠乙支线#07-#08塔段重要交叉跨越红外测温（2024年2月） 110kV街灌线导线连接位置红外测温：合成绝缘子（避雷器）红外测温：接续管红外测温：110kV街灌线#01-#31塔段（2024年） 110kV街灌线、110kV森养甲线云星甲支线、110kV森温线、110kV森温线宝珠乙支线、110kV森良乙线、110kV森养甲线、110kV森养乙线导线连接位置红外测温：110kV街灌线#1-#2、110kV森温线#41-#42、#51-#52、110kV森温线宝珠乙支线#7-#8、110kV森养甲线云星甲支线#10-#11、#13-#14、110kV森养甲线#26-#27、110kV森养乙线#26-#27重要交叉跨越红外测温（2024年3月） 110kV街灌线、110kV森养甲线云星支线、110kV森温线、110kV森养乙线、110kV森养甲线、110kV森温线宝珠乙支线导线连接位置红外测温：110kV街灌线#1-#2、110kV森养甲线云星支线#10-#11、#13-#14、110kV森温线#41-#42、#51-#52、110kV森养乙线#26-#27、110kV森养甲线#26-#27、110kV森温线宝珠乙支线#07-#08重要交叉跨越红外测温（2024年4月） 110kV街灌线、110kV桃灌线无人机精细化巡线：机巡线路巡视（测温）：110kV街灌线#01-#31、110kV桃灌线#18-#20 110kV街灌线、110kV桃灌线无人机精细化巡线：机巡线路巡视（可见光）：110kV街灌线#01-#31、110kV桃灌线#18-#20 110kV街灌线导线连接位置红外测温：110kV街灌线#1-#2重要交叉跨越红外测温（2024年5月） 110kV街灌线无人机巡视、测量作业：机巡线路巡视（4-6月点云测量）：（Ⅳ级）110kV街灌线#01-#31；（外委实施） 110kV街灌线、110kV森养甲线云甲支线、110kV森温线、110kV森温线宝珠乙支线、110kV森养乙线、110kV森养甲线导线连接位置红外测温：110kV街灌线#1-#2、110kV森养甲线云甲支线#10-#11、#13-#14、110kV森温线#41-#42、#51-#52、110kV森温线宝珠乙支线#07-#08、110kV森养乙线#26-#27、110kV森养甲线#26-#27重要交叉跨越红外测温（2024年6月） 110kV街灌线、110kV森吕线、110kV森温线、110kV森温线宝珠乙支线、110kV森良乙线导线连接位置红外测温：110kV街灌线#1-#2、110kV森温线#41-#42、#51-#52、110kV森温线宝珠乙支线#10-#11、森良乙线#08-#09、森吕线#08-#09重要交叉跨越红外测温（2024年7月） 110kV街灌线、110kV森养甲线云星甲支线、110kV森温线、110kV森养乙线、110kV森养甲线、110kV森温线宝珠乙支线导线连接位置红外测温：110kV街灌线#01-#02、110kV森养甲线云星甲支线#10-#11、#13-#14、110kV森温线#41-#42、#51-#52、110kV森养乙线#26-#27、110kV森养甲线#26-#27、110kV森温线宝珠乙支线#07-#08重要交叉跨越红外测温（2024年8月） 110kV街灌线、110kV森吕线、110kV森温线、110kV森温线宝珠乙支线、110kV森良乙线导线连接位置红外测温：110kV街灌线#1-#2、110kV森温线#41-#42、#51-#52、110kV森温线宝珠乙支线#10-#11、森良乙线#08-#09、森吕线#08-#09重要交叉跨越红外测温（2024年7月） 110kV街灌线、110kV森吕线、110kV森温线、110kV森温线宝珠乙支线、110kV森良乙线导线连接位置红外测温：110kV街灌线#1-#2、110kV森温线#41-#42、#51-#52、110kV森温线宝珠乙支线#10-#11、森良乙线#08-#09、森吕线#08-#09重要交叉跨越红外测温（2024年7月） 110kV街灌线、110kV森养甲线云星甲支线、110kV森温线、110kV森养乙线、110kV森养甲线、110kV森温线宝珠乙支线导线连接位置红外测温：110kV街灌线#01-#02、110kV森养甲线云星甲支线#10-#11、#13-#14、110kV森温线#41-#42、#51-#52、110kV森养乙线#26-#27、110kV森养甲线#26-#27、110kV森温线宝珠乙支线#07-#08重要交叉跨越红外测温（2024年8月） | AD10: #07-#08 #26-#27 #26-#27 #51-#52 #41-#42 #13-#14 #10-#11 #01-#02 | AF10: 已完成 | AG10: 2月份已完成
A11: 1615 | B11: 预试 | C11: 考核 | D11: 110kV | E11: 一般 | F11: 桃灌线 | G11: 运维策略 | H11: 全线 | I11: 0 | J11: 0 | K11: 16 | L11: 45352 | M11: 45382 | N11: 否 | O11: 输电管理二所 | P11: 董少波 | Q11: 吴洪昌 | R11: 从化中心 | S11: =SUM(I11:K11) -> 16 | T11: 2024-03-22 09:42:00 2024-04-26 09:08:00 2024-04-25 09:07:00 2024-05-07 09:56:23 2024-05-06 10:09:00 2024-05-06 10:09:00 2024-05-07 09:56:23 2024-06-24 09:06:00 | U11: 45380.613 | AA11: SCWH0301240109009342 SCWH0301240426001983 SCWH0301240424027498 SCWH0301240507009313 SCWH0301240506000524 SCWH0301240506000689 SCWH0301240506000523 SCWH0301240109001775 | AB11: 桃灌线 | AC11: 110kV桃灌线导线连接位置红外测温：合成绝缘子（避雷器）红外测温：接续管红外测温：110kV桃灌线#01-#20塔段（2024年） 110kV桃灌线 110kV森养甲线桃莲甲支线桃灌线#01-#10、线桃莲甲支线#26-#48线路竹树、鸟巢、飘挂物特查、防风防汛无人机巡视 110kV桃灌线 110kV森养甲线桃莲甲支线桃灌线#01-#10、线桃莲甲支线#26-#48线路竹树、鸟巢、飘挂物特查、防风防汛无人机巡视 110kV森养甲线桃莲甲支线、110kV桃灌线无人机精细化巡线：机巡线路巡视（可见光）：110kV森养甲线桃莲甲支线#25-#48、110kV桃灌线#01—#17 110kV街灌线、110kV桃灌线无人机精细化巡线：机巡线路巡视（测温）：110kV街灌线#01-#31、110kV桃灌线#18-#20 110kV街灌线、110kV桃灌线无人机精细化巡线：机巡线路巡视（可见光）：110kV街灌线#01-#31、110kV桃灌线#18-#20 110kV森养甲线桃莲甲支线、110kV桃灌线无人机精细化巡线：机巡线路巡视（测温）：110kV森养甲线桃莲甲支线#25-#48、110kV桃灌线#01—#17 110kV桃灌线无人机巡视、测量作业：机巡线路巡视（4-6月点云测量）：（Ⅳ级）110kV桃灌线#01-#20；（外委实施） | AD11: #01-#20 | AF11: 已完成 | AG11: 3月份已完成
A12: 1617 | B12: 预试 | C12: 考核 | D12: 110kV | E12: 一般 | F12: 流吕线 | G12: 运维策略 | H12: 全线 | I12: 0 | J12: 0 | K12: 52 | L12: 45413 | M12: 45443 | N12: 否 | O12: 输电管理二所 | P12: 董少波 | Q12: 钟镇光 | R12: 从化中心 | S12: =SUM(I12:K12) -> 52 | T12: 2024-01-12 09:00:00 2024-02-05 09:00:00 2024-02-04 09:00:00 2024-03-07 09:00:00 2024-03-06 09:00:00 2024-03-05 09:00:00 2024-04-08 10:03:26 2024-04-01 09:00:00 2024-05-28 09:15:00 2024-05-23 09:14:00 2024-05-23 09:13:00 2024-06-25 09:07:00 2024-06-20 10:24:15 2024-06-20 09:15:00 2024-07-29 08:50:00 2024-07-11 09:00:00 2024-07-09 09:00:00 2024-08-21 08:40:00 2024-07-31 10:28:54 2024-08-05 09:38:00 2024-08-05 09:39:00 2024-08-01 08:42:00 2024-07-29 08:50:00 2024-07-11 09:00:00 2024-07-09 09:00:00 2024-07-29 08:50:00 2024-07-11 09:00:00 2024-07-09 09:00:00 2024-08-21 08:40:00 2024-07-31 10:28:54 2024-08-05 09:38:00 2024-08-05 09:39:00 2024-08-01 08:42:00 2024-07-29 08:50:00 | U12: 45303.521 | AA12: SCWH0301231225080131 SCWH0301240105015321 SCWH0301240105015331 SCWH0301240108012927 SCWH0301240108012936 SCWH0301240108012926 SCWH0301240108001055 SCWH0301240108001064 SCWH0301240109009345 SCWH0301240108012183 SCWH0301240108012182 SCWH0301240108012222 SCWH0301240109002448 SCWH0301240105010377 SCWH0301240730005876 SCWH0301240108012291 SCWH0301240108012297 SCWH0301240801007318 SCWH0301240813000185 SCWH0301240108012574 SCWH0301240108012576 SCWH0301240730005875 SCWH0301240730005876 SCWH0301240108012291 SCWH0301240108012297 SCWH0301240730005876 SCWH0301240108012291 SCWH0301240108012297 SCWH0301240801007318 SCWH0301240813000185 SCWH0301240108012574 SCWH0301240108012576 SCWH0301240730005875 SCWH0301240730005876 | AB12: 流吕线 | AC12: 35kV良吕线、110kV流吕线、110kV流森线、110kV森良甲线导线连接处红外测温：重要交叉跨越红外测温：35kV良吕线#04-#05、#10-#11、#19-#20、#21-#22、#32-#33、#34-#35、#39-#40、#40-#41、#41-#42、110kV流吕线#06-#07、110kV流森线#10-#11、#14-#15、110kV森良甲线#09-#10塔段测温(2024年1月) 35kV良吕线、110kV流吕线、110kV森吕线导线连接位置红外测温：110kV森吕线#53-#54、#55-#56、#58-#59、110kV流吕线#33-#34、#35-#36、#38-#39、35kV良吕线#50-#51、#55-#56、#57-#58、#82-#83重要交叉跨越红外测温（2024年2月） 35kV良吕线、110kV流吕线、110kV流森线导线连接位置红外测温：35kV良吕线#04-#05、#10-#11、#19-#20、#21-#22、#32-#33、#34-#35、#39-#40、#40-#41、#41-#42、110kV流吕线#06-#07、110kV流森线#10-#11重要交叉跨越红外测温（2024年2月） 35kV良吕线、110kV流吕线、110kV森吕线导线连接位置红外测温：良吕#50-#51、#55-#56、#57-#58、#82-#83、110kV流吕线#33-#34、#35-#36、#38-#39、110kV森吕线#53-#54、#55-#56、#58-#59重要交叉跨越红外测温（2024年3月） 35kV良吕线、110kV流森线、110kV流吕线导线连接位置红外测温：35kV良吕线#04-#05、#10-#11、#19-#20、#21-#22、#32-#33、#34-#35、#39-#40、#40-#41、#41-#42、110kV流森线#10-#11、110kV流吕线#06-#07重要交叉跨越红外测温（2024年3月） 110kV流吕线、110kV流森线、110kV森良甲线、110kV森吕线、110kV森桃线、110kV森温线、110kV森良乙线、110kV森温线宝珠乙支线导线连接位置红外测温：110kV流吕线#6-#7、110kV流森线#18-#19、110kV森良甲线#5-#6、110kV森吕线#5-#6、110kV森桃线#5-#6、110kV森温线#5-#6、110kV森良乙线#5-#6、#8-#9、110kV森温线宝珠乙支线#10-#11重要交叉跨越红外测温（2024年3月） 35kV良吕线、110kV流吕线、110kV森吕线导线连接位置红外测温：35kV良吕线#50-#51、#55-#56、#57-#58、#82-#83、110kV流吕线#33-#34、#35-#36、#38-#39、110kV森吕线#53-#54、#55-#56、#58-#59重要交叉跨越红外测温（2024年4月） 110kV流森线、110kV流吕线、35kV良吕线导线连接位置红外测温：110kV流森线#10-#11、110kV流吕线#06-#07、35kV良吕线#4-#5、#10-#11、#19-#20、#21-#22、#32-#33、#34-#35、#39-#40、#40-#41、#41-#42重要交叉跨越红外测温（2024年4月） 110kV流吕线导线连接位置红外测温：合成绝缘子（避雷器）红外测温：接续管红外测温：110kV流吕线#01-#74塔段（2024年） 110kV流森线、110kV流吕线、35kV良吕线导线连接位置红外测温：35kV良吕线#04-#05、#10-#11、#19-#20、#21-#22、#32-#33、#34-#35、#39-#40、#40-#41、#41-#42、流森线#10-#11、流吕线#06-#07重要交叉跨越红外测温（2024年5月） 35kV良吕线、110kV流吕线、110kV森吕线导线连接位置红外测温：35kV良吕线#50-#51、#55-#56、#57-#58、#82-#83、110kV流吕线#33-#34、#35-#36、#38-#39、110kV森吕线#53-#54、#55-#56、#58-#59重要交叉跨越红外测温（2024年5月） 110kV流吕线无人机巡视、测量作业：机巡线路巡视（4-6月点云测量）：（Ⅳ级）110kV流吕线#01-#74；（外委实施） 110kV流吕线导线连接位置红外测温：110kV流吕线#33-#34重要交叉跨越红外测温（2024年6月） 35kV良吕线、110kV流吕线、110kV森吕线导线连接位置红外测温：35kV良吕线#50-#51、#55-#56、#57-#58、#82-#83、110kV流吕线#33-#34、#35-#36、#38-#39、110kV森吕线#53-#54、#55-#56、#58-#59重要交叉跨越红外测温（2024年6月） 110kV森吕线;110kV流吕线无人机精细化巡线：机巡线路巡视（精细化、红外）：110kV森吕线#37-#43、110kV流吕线#12、#17-#23 35kV良吕线、110kV流吕线、110kV森吕线导线连接位置红外测温：35kV良吕线#34-#35、#39-#40、#40-#41、#41-#42、#50-#51、#55-#56、#57-#58、#82-#83、110kV流吕线#33-#34、#35-#36、#38-#39、110kV森吕线#53-#54、#55-#56、#58-#59重要交叉跨越红外测温（2024年7月） 110kV流吕线、110kV流森线、110kV森良甲线、110kV森吕线、110kV森桃线、110kV森温线、110kV森良乙线、110kV森养甲线、110kV森养乙线、110kV森温线宝珠乙支线导线连接位置红外测温：110kV流吕线#6-#7、110kV流森线#18-#19、110kV森良甲线#5-#6、110kV森吕线#5-#6、110kV森桃线#5-#6、110kV森温线#5-#6、110kV森良乙线#5-#6、110kV森养甲线#26-#27、110kV森养乙线#26-#27、110kV森温线宝珠乙支线#7-#8重要交叉跨越红外测温（2024年7月） 110kV森吕线;110kV流吕线无人机精细化巡线：机巡线路巡视（精细化、红外）：110kV森吕线#75-#94、110kV流吕线#55-#74 110kV流森线;110kV流吕线无人机精细化巡线：机巡线路巡视（精细化、红外）：110kV流森线#01-#12、110kV流吕线#01-#05 35kV良吕线、110kV流森线、110kV流吕线导线连接位置红外测温：35kV良吕线#04-#05、#10-#11、#19-#20、#21-#22、#32-#33、#34-#35、#39-#40、#40-#41、#41-#42、110kV流森线#10-#11、110kV流吕线#06-#07重要交叉跨越红外测温（2024年8月） 35kV良吕线、110kV流吕线、110kV森吕线导线连接位置红外测温：35kV良吕线#50-#51、#55-#56、#57-#58、#82-#83、110kV流吕线#33-#34、#35-#36、#38-#39、110kV森吕线#53-#54、#55-#56、#58-#59重要交叉跨越红外测温（2024年8月） 110kV森吕线;110kV流吕线无人机精细化巡线：机巡线路巡视（精细化、红外）：110kV森吕线#44-#66、110kV流吕线#24-#46 110kV森吕线;110kV流吕线无人机精细化巡线：机巡线路巡视（精细化、红外）：110kV森吕线#37-#43、110kV流吕线#12、#17-#23 35kV良吕线、110kV流吕线、110kV森吕线导线连接位置红外测温：35kV良吕线#34-#35、#39-#40、#40-#41、#41-#42、#50-#51、#55-#56、#57-#58、#82-#83、110kV流吕线#33-#34、#35-#36、#38-#39、110kV森吕线#53-#54、#55-#56、#58-#59重要交叉跨越红外测温（2024年7月） 110kV流吕线、110kV流森线、110kV森良甲线、110kV森吕线、110kV森桃线、110kV森温线、110kV森良乙线、110kV森养甲线、110kV森养乙线、110kV森温线宝珠乙支线导线连接位置红外测温：110kV流吕线#6-#7、110kV流森线#18-#19、110kV森良甲线#5-#6、110kV森吕线#5-#6、110kV森桃线#5-#6、110kV森温线#5-#6、110kV森良乙线#5-#6、110kV森养甲线#26-#27、110kV森养乙线#26-#27、110kV森温线宝珠乙支线#7-#8重要交叉跨越红外测温（2024年7月） 110kV森吕线;110kV流吕线无人机精细化巡线：机巡线路巡视（精细化、红外）：110kV森吕线#37-#43、110kV流吕线#12、#17-#23 35kV良吕线、110kV流吕线、110kV森吕线导线连接位置红外测温：35kV良吕线#34-#35、#39-#40、#40-#41、#41-#42、#50-#51、#55-#56、#57-#58、#82-#83、110kV流吕线#33-#34、#35-#36、#38-#39、110kV森吕线#53-#54、#55-#56、#58-#59重要交叉跨越红外测温（2024年7月） 110kV流吕线、110kV流森线、110kV森良甲线、110kV森吕线、110kV森桃线、110kV森温线、110kV森良乙线、110kV森养甲线、110kV森养乙线、110kV森温线宝珠乙支线导线连接位置红外测温：110kV流吕线#6-#7、110kV流森线#18-#19、110kV森良甲线#5-#6、110kV森吕线#5-#6、110kV森桃线#5-#6、110kV森温线#5-#6、110kV森良乙线#5-#6、110kV森养甲线#26-#27、110kV森养乙线#26-#27、110kV森温线宝珠乙支线#7-#8重要交叉跨越红外测温（2024年7月） 110kV森吕线;110kV流吕线无人机精细化巡线：机巡线路巡视（精细化、红外）：110kV森吕线#75-#94、110kV流吕线#55-#74 110kV流森线;110kV流吕线无人机精细化巡线：机巡线路巡视（精细化、红外）：110kV流森线#01-#12、110kV流吕线#01-#05 35kV良吕线、110kV流森线、110kV流吕线导线连接位置红外测温：35kV良吕线#04-#05、#10-#11、#19-#20、#21-#22、#32-#33、#34-#35、#39-#40、#40-#41、#41-#42、110kV流森线#10-#11、110kV流吕线#06-#07重要交叉跨越红外测温（2024年8月） 35kV良吕线、110kV流吕线、110kV森吕线导线连接位置红外测温：35kV良吕线#50-#51、#55-#56、#57-#58、#82-#83、110kV流吕线#33-#34、#35-#36、#38-#39、110kV森吕线#53-#54、#55-#56、#58-#59重要交叉跨越红外测温（2024年8月） 110kV森吕线;110kV流吕线无人机精细化巡线：机巡线路巡视（精细化、红外）：110kV森吕线#44-#66、110kV流吕线#24-#46 110kV森吕线;110kV流吕线无人机精细化巡线：机巡线路巡视（精细化、红外）：110kV森吕线#37-#43、110kV流吕线#12、#17-#23 | AD12: #17-#23 #37-#43 #24-#46 #44-#66 #58-#59 #55-#56 #53-#54 #38-#39 #35-#36 #33-#34 #82-#83 #57-#58 #55-#56 #50-#51 #06-#07 #10-#11 #41-#42 #40-#41 #39-#40 #34-#35 #32-#33 #21-#22 #19-#20 #10-#11 #04-#05 #01-#05 #01-#12 #55-#74 #75-#94 | AF12: 已完成 | AG12: 1月份已完成
A13: 1631 | B13: 预试 | C13: 考核 | D13: 110kV | E13: 一般 | F13: 流森线 | G13: 运维策略 | H13: 全线 | I13: 8 | J13: 36 | K13: 16 | L13: 45474 | M13: 45504 | N13: 否 | O13: 输电管理二所 | P13: 董少波 | Q13: 李思源 | R13: 从化中心 | S13: =SUM(I13:K13) -> 60 | T13: 2024-01-12 09:00:00 2024-01-11 09:00:00 2024-02-04 09:00:00 2024-02-02 09:00:00 2024-03-28 09:30:00 2024-03-06 09:00:00 2024-03-05 09:00:00 2024-04-10 09:31:00 2024-04-01 09:00:00 2024-05-28 10:10:16 2024-05-23 09:14:00 2024-06-27 09:15:00 2024-06-27 09:13:00 2024-06-27 09:09:00 2024-06-24 09:09:00 2024-07-10 09:00:00 2024-07-09 09:00:00 2024-08-06 09:12:00 2024-07-31 10:28:54 2024-08-02 08:42:00 2024-08-05 09:38:00 2024-07-10 09:00:00 2024-07-09 09:00:00 2024-07-10 09:00:00 2024-07-09 09:00:00 2024-08-06 09:12:00 2024-07-31 10:28:54 2024-08-02 08:42:00 2024-08-05 09:38:00 | U13: 45303.521 | AA13: SCWH0301231225080131 SCWH0301231225080130 SCWH0301240105015331 SCWH0301240105015320 SCWH0301240108012930 SCWH0301240108012936 SCWH0301240108012926 SCWH0301240108001060 SCWH0301240108001064 SCWH0301240108012189 SCWH0301240108012183 SCWH0301240105010378 SCWH0301240105010215 SCWH0301240108012203 SCWH0301240105010216 SCWH0301240108012296 SCWH0301240108012297 SCWH0301240730005874 SCWH0301240813000185 SCWH0301240108012581 SCWH0301240108012574 SCWH0301240108012296 SCWH0301240108012297 SCWH0301240108012296 SCWH0301240108012297 SCWH0301240730005874 SCWH0301240813000185 SCWH0301240108012581 SCWH0301240108012574 | AB13: 流森线 | AC13: 35kV良吕线、110kV流吕线、110kV流森线、110kV森良甲线导线连接处红外测温：重要交叉跨越红外测温：35kV良吕线#04-#05、#10-#11、#19-#20、#21-#22、#32-#33、#34-#35、#39-#40、#40-#41、#41-#42、110kV流吕线#06-#07、110kV流森线#10-#11、#14-#15、110kV森良甲线#09-#10塔段测温(2024年1月) 110kV森桃线、110kV森温线、110kV森良乙线、110kV森吕线、110kV森良甲线、110kV流森线、110kV森温线宝珠乙支线导线连接位置：重要交叉跨越红外测温：110kV森桃线#05-#06、110kV森温线#05-#06、110kV森良乙线#05-#06、#08-#09、110kV森吕线#05-#06、#08-#09、110kV森良甲线#05-#06、#08-#09、110kV流森线#18-#19、#16-#15、110kV森温线宝珠乙支线#10-#11塔段测温(2024年1月) 35kV良吕线、110kV流吕线、110kV流森线导线连接位置红外测温：35kV良吕线#04-#05、#10-#11、#19-#20、#21-#22、#32-#33、#34-#35、#39-#40、#40-#41、#41-#42、110kV流吕线#06-#07、110kV流森线#10-#11重要交叉跨越红外测温（2024年2月） 110kV森桃线、110kV森温线、110kV森良乙线、110kV森吕线、110kV森良甲线、110kV流森线、110kV森温线宝珠乙支线导线连接位置红外测温：110kV森桃线#05-#06、110kV森温线#05-#06、110kV森良乙线#05-#06、#08-#09、110kV森吕线#05-#06、#08-#09、110kV森良甲线#05-#06、#08-#09、110kV流森线#18-#19、#16-#15、110kV森温线宝珠乙支线#10-#11重要交叉跨越红外测温（2024年2月） 500kV蓄北线、110kV流森线、110kV森良甲线、110kV森养甲线桃莲甲支线导线连接位置红外测温：500kV蓄北线#139-#140、110kV流森线#14-#15、110kV森良甲线#09-#10、110kV森养甲线桃莲甲支线#05-#06重要交叉跨越红外测温（2024年3月） 35kV良吕线、110kV流森线、110kV流吕线导线连接位置红外测温：35kV良吕线#04-#05、#10-#11、#19-#20、#21-#22、#32-#33、#34-#35、#39-#40、#40-#41、#41-#42、110kV流森线#10-#11、110kV流吕线#06-#07重要交叉跨越红外测温（2024年3月） 110kV流吕线、110kV流森线、110kV森良甲线、110kV森吕线、110kV森桃线、110kV森温线、110kV森良乙线、110kV森温线宝珠乙支线导线连接位置红外测温：110kV流吕线#6-#7、110kV流森线#18-#19、110kV森良甲线#5-#6、110kV森吕线#5-#6、110kV森桃线#5-#6、110kV森温线#5-#6、110kV森良乙线#5-#6、#8-#9、110kV森温线宝珠乙支线#10-#11重要交叉跨越红外测温（2024年3月） 110kV森桃线、110kV森温线、110kV森良乙线、110kV森吕线、110kV森良甲线、110kV流森线导线连接位置红外测温：110kV森桃线#5-#6、110kV森温线#5-#6、110kV森良乙线#5-#6、#08-#09、110kV森吕线#05-#06、#08-#09、110kV森良甲线#05-#06、#08-#09、#09-#10、110kV流森线#18-#19、#15-#16、#14-#15重要交叉跨越红外测温（2024年4月） 110kV流森线、110kV流吕线、35kV良吕线导线连接位置红外测温：110kV流森线#10-#11、110kV流吕线#06-#07、35kV良吕线#4-#5、#10-#11、#19-#20、#21-#22、#32-#33、#34-#35、#39-#40、#40-#41、#41-#42重要交叉跨越红外测温（2024年4月） 110kV森桃线、110kV森温线、110kV森良乙线、110kV森吕线、110kV森良甲线、110kV 流森线导线连接位置红外测温：森桃线#05-#06、森温线#05-#06、森良乙线#05-#06、#08-#09、森吕线#05-#06、#08-#09 森良甲线#05-#06、#08-#09、#09-#10、 流森线#18-#19、#15-#16、#14-#15重要交叉跨越红外测温（2024年5月） 110kV流森线、110kV流吕线、35kV良吕线导线连接位置红外测温：35kV良吕线#04-#05、#10-#11、#19-#20、#21-#22、#32-#33、#34-#35、#39-#40、#40-#41、#41-#42、流森线#10-#11、流吕线#06-#07重要交叉跨越红外测温（2024年5月） 110kV流森线导线连接位置红外测温：110kV流森线#06-#07重要交叉跨越红外测温（2024年6月） 110kV流森线、35kV良吕线导线连接位置红外测温：35kV良吕线#04-#05、#10-#11、#19-#20、#21-#22、#32-#33、#34-#35、#39-#40、#40-#41、#41-#42、110kV流森线#10-#11重要交叉跨越红外测温（2024年6月） 110kV流森线无人机巡视、测量作业：机巡线路巡视（4-6月点云测量）：（Ⅳ级）110kV流森线#01-#23；（外委实施） 110kV森桃线、110kV森温线、110kV森良乙线、110kV森吕线、110kV森良甲线、 110kV流森线导线连接位置红外测温：森桃线#05-#06、森温线#05-#06、森良乙线#05-#06、#08-#09、森吕线#05-#06、#08-#09 森良甲线#05-#06、#08-#09、#09-#10 流森线#18-#19、#15-#16、#14-#15重要交叉跨越红外测温（2024年6月） 110kV流森线、110kV森良甲线、35kV良吕线导线连接位置红外测温：110kV流森线#10-#11、#14-#15、#15-#16、110kV森良甲线#8-#9、#09-#10、35kV良吕线#4-#5、#10-#11、#19-#20、#21-#22、#32-#33重要交叉跨越红外测温（2024年7月） 110kV流吕线、110kV流森线、110kV森良甲线、110kV森吕线、110kV森桃线、110kV森温线、110kV森良乙线、110kV森养甲线、110kV森养乙线、110kV森温线宝珠乙支线导线连接位置红外测温：110kV流吕线#6-#7、110kV流森线#18-#19、110kV森良甲线#5-#6、110kV森吕线#5-#6、110kV森桃线#5-#6、110kV森温线#5-#6、110kV森良乙线#5-#6、110kV森养甲线#26-#27、110kV森养乙线#26-#27、110kV森温线宝珠乙支线#7-#8重要交叉跨越红外测温（2024年7月） 110kV森吕线;110kV森温线;110kV流森线;110kV森桃线;110kV森良甲线;110kV森良乙线无人机精细化巡线：机巡线路巡视（精细化、红外）：110kV森良甲线#01-#12、110kV森良乙线#01-#13、110kV森吕线#01-#10、110kV流森线#13-#23、110kV森温线#01-#10、10kV森桃线#01-#10 110kV流森线;110kV流吕线无人机精细化巡线：机巡线路巡视（精细化、红外）：110kV流森线#01-#12、110kV流吕线#01-#05 110kV森桃线、110kV森温线、110kV森良乙线、110kV森吕线、110kV森良甲线、110kV流森线导线连接位置红外测温：110kV森桃线#05-#06、110kV森温线#05-#06、110kV森良乙线#05-#06、#08-#09、110kV森吕线#05-#06、#08-#09、110kV森良甲线#05-#06、#08-#09、 110kV流森线#18-#19、#15-#16、重要交叉跨越红外测温（2024年8月） 35kV良吕线、110kV流森线、110kV流吕线导线连接位置红外测温：35kV良吕线#04-#05、#10-#11、#19-#20、#21-#22、#32-#33、#34-#35、#39-#40、#40-#41、#41-#42、110kV流森线#10-#11、110kV流吕线#06-#07重要交叉跨越红外测温（2024年8月） 110kV流森线、110kV森良甲线、35kV良吕线导线连接位置红外测温：110kV流森线#10-#11、#14-#15、#15-#16、110kV森良甲线#8-#9、#09-#10、35kV良吕线#4-#5、#10-#11、#19-#20、#21-#22、#32-#33重要交叉跨越红外测温（2024年7月） 110kV流吕线、110kV流森线、110kV森良甲线、110kV森吕线、110kV森桃线、110kV森温线、110kV森良乙线、110kV森养甲线、110kV森养乙线、110kV森温线宝珠乙支线导线连接位置红外测温：110kV流吕线#6-#7、110kV流森线#18-#19、110kV森良甲线#5-#6、110kV森吕线#5-#6、110kV森桃线#5-#6、110kV森温线#5-#6、110kV森良乙线#5-#6、110kV森养甲线#26-#27、110kV森养乙线#26-#27、110kV森温线宝珠乙支线#7-#8重要交叉跨越红外测温（2024年7月） 110kV流森线、110kV森良甲线、35kV良吕线导线连接位置红外测温：110kV流森线#10-#11、#14-#15、#15-#16、110kV森良甲线#8-#9、#09-#10、35kV良吕线#4-#5、#10-#11、#19-#20、#21-#22、#32-#33重要交叉跨越红外测温（2024年7月） 110kV流吕线、110kV流森线、110kV森良甲线、110kV森吕线、110kV森桃线、110kV森温线、110kV森良乙线、110kV森养甲线、110kV森养乙线、110kV森温线宝珠乙支线导线连接位置红外测温：110kV流吕线#6-#7、110kV流森线#18-#19、110kV森良甲线#5-#6、110kV森吕线#5-#6、110kV森桃线#5-#6、110kV森温线#5-#6、110kV森良乙线#5-#6、110kV森养甲线#26-#27、110kV森养乙线#26-#27、110kV森温线宝珠乙支线#7-#8重要交叉跨越红外测温（2024年7月） 110kV森吕线;110kV森温线;110kV流森线;110kV森桃线;110kV森良甲线;110kV森良乙线无人机精细化巡线：机巡线路巡视（精细化、红外）：110kV森良甲线#01-#12、110kV森良乙线#01-#13、110kV森吕线#01-#10、110kV流森线#13-#23、110kV森温线#01-#10、10kV森桃线#01-#10 110kV流森线;110kV流吕线无人机精细化巡线：机巡线路巡视（精细化、红外）：110kV流森线#01-#12、110kV流吕线#01-#05 110kV森桃线、110kV森温线、110kV森良乙线、110kV森吕线、110kV森良甲线、110kV流森线导线连接位置红外测温：110kV森桃线#05-#06、110kV森温线#05-#06、110kV森良乙线#05-#06、#08-#09、110kV森吕线#05-#06、#08-#09、110kV森良甲线#05-#06、#08-#09、 110kV流森线#18-#19、#15-#16、重要交叉跨越红外测温（2024年8月） 35kV良吕线、110kV流森线、110kV流吕线导线连接位置红外测温：35kV良吕线#04-#05、#10-#11、#19-#20、#21-#22、#32-#33、#34-#35、#39-#40、#40-#41、#41-#42、110kV流森线#10-#11、110kV流吕线#06-#07重要交叉跨越红外测温（2024年8月） | AD13: #06-#07 #10-#11 #41-#42 #40-#41 #39-#40 #34-#35 #32-#33 #21-#22 #19-#20 #10-#11 #04-#05 #15-#16 #18-#19 #08-#09 #05-#06 #08-#09 #05-#06 #08-#09 #05-#06 #05-#06 #05-#06 #01-#05 #01-#12 #01-#10 #01-#10 #13-#23 #01-#10 #01-#13 #01-#12 | AF13: 已完成 | AG13: 1月份已完成
A14: 1649 | B14: 预试 | C14: 考核 | D14: 110kV | E14: 一般 | F14: 森良甲线 | G14: 运维策略 | H14: 全线 | I14: 7 | J14: 33 | K14: 8 | L14: 45474 | M14: 45504 | N14: 否 | O14: 输电管理二所 | P14: 董少波 | Q14: 李思源 | R14: 从化中心 | S14: =SUM(I14:K14) -> 48 | T14: 2024-01-12 09:00:00 2024-01-11 09:00:00 2024-02-02 09:00:00 2024-03-18 09:38:00 2024-03-28 09:30:00 2024-03-05 09:00:00 2024-04-10 09:31:00 2024-05-28 10:10:16 2024-06-27 09:02:00 2024-06-24 09:09:00 2024-07-31 08:47:00 2024-07-10 09:00:00 2024-07-09 09:00:00 2024-08-06 09:12:00 2024-08-02 08:42:00 2024-07-31 08:47:00 2024-07-10 09:00:00 2024-07-09 09:00:00 2024-07-31 08:47:00 2024-07-10 09:00:00 2024-07-09 09:00:00 2024-08-06 09:12:00 2024-08-02 08:42:00 | U14: 45303.521 | AA14: SCWH0301231225080131 SCWH0301231225080130 SCWH0301240105015320 SCWH0301240424027598 SCWH0301240108012930 SCWH0301240108012926 SCWH0301240108001060 SCWH0301240108012189 SCWH0301240110006283 SCWH0301240105010216 SCWH0301240109009354 SCWH0301240108012296 SCWH0301240108012297 SCWH0301240730005874 SCWH0301240108012581 SCWH0301240109009354 SCWH0301240108012296 SCWH0301240108012297 SCWH0301240109009354 SCWH0301240108012296 SCWH0301240108012297 SCWH0301240730005874 SCWH0301240108012581 | AB14: 森良甲线 | AC14: 35kV良吕线、110kV流吕线、110kV流森线、110kV森良甲线导线连接处红外测温：重要交叉跨越红外测温：35kV良吕线#04-#05、#10-#11、#19-#20、#21-#22、#32-#33、#34-#35、#39-#40、#40-#41、#41-#42、110kV流吕线#06-#07、110kV流森线#10-#11、#14-#15、110kV森良甲线#09-#10塔段测温(2024年1月) 110kV森桃线、110kV森温线、110kV森良乙线、110kV森吕线、110kV森良甲线、110kV流森线、110kV森温线宝珠乙支线导线连接位置：重要交叉跨越红外测温：110kV森桃线#05-#06、110kV森温线#05-#06、110kV森良乙线#05-#06、#08-#09、110kV森吕线#05-#06、#08-#09、110kV森良甲线#05-#06、#08-#09、110kV流森线#18-#19、#16-#15、110kV森温线宝珠乙支线#10-#11塔段测温(2024年1月) 110kV森桃线、110kV森温线、110kV森良乙线、110kV森吕线、110kV森良甲线、110kV流森线、110kV森温线宝珠乙支线导线连接位置红外测温：110kV森桃线#05-#06、110kV森温线#05-#06、110kV森良乙线#05-#06、#08-#09、110kV森吕线#05-#06、#08-#09、110kV森良甲线#05-#06、#08-#09、110kV流森线#18-#19、#16-#15、110kV森温线宝珠乙支线#10-#11重要交叉跨越红外测温（2024年2月） 110kV森良甲线导线连接位置红外测温：110kV森良甲线#08-#09重要交叉跨越红外测温（2024年3月） 500kV蓄北线、110kV流森线、110kV森良甲线、110kV森养甲线桃莲甲支线导线连接位置红外测温：500kV蓄北线#139-#140、110kV流森线#14-#15、110kV森良甲线#09-#10、110kV森养甲线桃莲甲支线#05-#06重要交叉跨越红外测温（2024年3月） 110kV流吕线、110kV流森线、110kV森良甲线、110kV森吕线、110kV森桃线、110kV森温线、110kV森良乙线、110kV森温线宝珠乙支线导线连接位置红外测温：110kV流吕线#6-#7、110kV流森线#18-#19、110kV森良甲线#5-#6、110kV森吕线#5-#6、110kV森桃线#5-#6、110kV森温线#5-#6、110kV森良乙线#5-#6、#8-#9、110kV森温线宝珠乙支线#10-#11重要交叉跨越红外测温（2024年3月） 110kV森桃线、110kV森温线、110kV森良乙线、110kV森吕线、110kV森良甲线、110kV流森线导线连接位置红外测温：110kV森桃线#5-#6、110kV森温线#5-#6、110kV森良乙线#5-#6、#08-#09、110kV森吕线#05-#06、#08-#09、110kV森良甲线#05-#06、#08-#09、#09-#10、110kV流森线#18-#19、#15-#16、#14-#15重要交叉跨越红外测温（2024年4月） 110kV森桃线、110kV森温线、110kV森良乙线、110kV森吕线、110kV森良甲线、110kV 流森线导线连接位置红外测温：森桃线#05-#06、森温线#05-#06、森良乙线#05-#06、#08-#09、森吕线#05-#06、#08-#09 森良甲线#05-#06、#08-#09、#09-#10、 流森线#18-#19、#15-#16、#14-#15重要交叉跨越红外测温（2024年5月） 110kV森良甲线无人机巡视、测量作业：机巡线路巡视（4-6月点云测量）：（Ⅲ级）110kV森良甲线#01-#05；（Ⅳ级）110kV森良甲线#06-#12；（外委实施） 110kV森桃线、110kV森温线、110kV森良乙线、110kV森吕线、110kV森良甲线、 110kV流森线导线连接位置红外测温：森桃线#05-#06、森温线#05-#06、森良乙线#05-#06、#08-#09、森吕线#05-#06、#08-#09 森良甲线#05-#06、#08-#09、#09-#10 流森线#18-#19、#15-#16、#14-#15重要交叉跨越红外测温（2024年6月） 110kV森良甲线导线连接位置红外测温：合成绝缘子（避雷器）红外测温：接续管红外测温：110kV森良甲线#01-#12塔段（2024年） 110kV流森线、110kV森良甲线、35kV良吕线导线连接位置红外测温：110kV流森线#10-#11、#14-#15、#15-#16、110kV森良甲线#8-#9、#09-#10、35kV良吕线#4-#5、#10-#11、#19-#20、#21-#22、#32-#33重要交叉跨越红外测温（2024年7月） 110kV流吕线、110kV流森线、110kV森良甲线、110kV森吕线、110kV森桃线、110kV森温线、110kV森良乙线、110kV森养甲线、110kV森养乙线、110kV森温线宝珠乙支线导线连接位置红外测温：110kV流吕线#6-#7、110kV流森线#18-#19、110kV森良甲线#5-#6、110kV森吕线#5-#6、110kV森桃线#5-#6、110kV森温线#5-#6、110kV森良乙线#5-#6、110kV森养甲线#26-#27、110kV森养乙线#26-#27、110kV森温线宝珠乙支线#7-#8重要交叉跨越红外测温（2024年7月） 110kV森吕线;110kV森温线;110kV流森线;110kV森桃线;110kV森良甲线;110kV森良乙线无人机精细化巡线：机巡线路巡视（精细化、红外）：110kV森良甲线#01-#12、110kV森良乙线#01-#13、110kV森吕线#01-#10、110kV流森线#13-#23、110kV森温线#01-#10、10kV森桃线#01-#10 110kV森桃线、110kV森温线、110kV森良乙线、110kV森吕线、110kV森良甲线、110kV流森线导线连接位置红外测温：110kV森桃线#05-#06、110kV森温线#05-#06、110kV森良乙线#05-#06、#08-#09、110kV森吕线#05-#06、#08-#09、110kV森良甲线#05-#06、#08-#09、 110kV流森线#18-#19、#15-#16、重要交叉跨越红外测温（2024年8月） 110kV森良甲线导线连接位置红外测温：合成绝缘子（避雷器）红外测温：接续管红外测温：110kV森良甲线#01-#12塔段（2024年） 110kV流森线、110kV森良甲线、35kV良吕线导线连接位置红外测温：110kV流森线#10-#11、#14-#15、#15-#16、110kV森良甲线#8-#9、#09-#10、35kV良吕线#4-#5、#10-#11、#19-#20、#21-#22、#32-#33重要交叉跨越红外测温（2024年7月） 110kV流吕线、110kV流森线、110kV森良甲线、110kV森吕线、110kV森桃线、110kV森温线、110kV森良乙线、110kV森养甲线、110kV森养乙线、110kV森温线宝珠乙支线导线连接位置红外测温：110kV流吕线#6-#7、110kV流森线#18-#19、110kV森良甲线#5-#6、110kV森吕线#5-#6、110kV森桃线#5-#6、110kV森温线#5-#6、110kV森良乙线#5-#6、110kV森养甲线#26-#27、110kV森养乙线#26-#27、110kV森温线宝珠乙支线#7-#8重要交叉跨越红外测温（2024年7月） 110kV森良甲线导线连接位置红外测温：合成绝缘子（避雷器）红外测温：接续管红外测温：110kV森良甲线#01-#12塔段（2024年） 110kV流森线、110kV森良甲线、35kV良吕线导线连接位置红外测温：110kV流森线#10-#11、#14-#15、#15-#16、110kV森良甲线#8-#9、#09-#10、35kV良吕线#4-#5、#10-#11、#19-#20、#21-#22、#32-#33重要交叉跨越红外测温（2024年7月） 110kV流吕线、110kV流森线、110kV森良甲线、110kV森吕线、110kV森桃线、110kV森温线、110kV森良乙线、110kV森养甲线、110kV森养乙线、110kV森温线宝珠乙支线导线连接位置红外测温：110kV流吕线#6-#7、110kV流森线#18-#19、110kV森良甲线#5-#6、110kV森吕线#5-#6、110kV森桃线#5-#6、110kV森温线#5-#6、110kV森良乙线#5-#6、110kV森养甲线#26-#27、110kV森养乙线#26-#27、110kV森温线宝珠乙支线#7-#8重要交叉跨越红外测温（2024年7月） 110kV森吕线;110kV森温线;110kV流森线;110kV森桃线;110kV森良甲线;110kV森良乙线无人机精细化巡线：机巡线路巡视（精细化、红外）：110kV森良甲线#01-#12、110kV森良乙线#01-#13、110kV森吕线#01-#10、110kV流森线#13-#23、110kV森温线#01-#10、10kV森桃线#01-#10 110kV森桃线、110kV森温线、110kV森良乙线、110kV森吕线、110kV森良甲线、110kV流森线导线连接位置红外测温：110kV森桃线#05-#06、110kV森温线#05-#06、110kV森良乙线#05-#06、#08-#09、110kV森吕线#05-#06、#08-#09、110kV森良甲线#05-#06、#08-#09、 110kV流森线#18-#19、#15-#16、重要交叉跨越红外测温（2024年8月） | AD14: #15-#16 #18-#19 #08-#09 #05-#06 #08-#09 #05-#06 #08-#09 #05-#06 #05-#06 #05-#06 #01-#10 #01-#10 #13-#23 #01-#10 #01-#13 #01-#12 | AF14: 已完成 | AG14: 1月份已完成
A15: 1666 | B15: 预试 | C15: 考核 | D15: 110kV | E15: 一般 | F15: 森良乙线 | G15: 运维策略 | H15: 全线 | I15: 8 | J15: 39 | K15: 12 | L15: 45474 | M15: 45504 | N15: 否 | O15: 输电管理二所 | P15: 董少波 | Q15: 钟镇光 | R15: 从化中心 | S15: =SUM(I15:K15) -> 59 | T15: 2024-01-11 09:00:00 2024-02-02 09:00:00 2024-03-04 08:54:00 2024-03-05 09:00:00 2024-04-10 09:31:00 2024-05-28 10:10:16 2024-06-24 09:09:00 2024-07-30 09:00:00 2024-07-09 09:00:00 2024-08-06 09:12:00 2024-08-02 08:42:00 2024-07-30 09:00:00 2024-07-09 09:00:00 2024-07-30 09:00:00 2024-07-09 09:00:00 2024-08-06 09:12:00 2024-08-02 08:42:00 | U15: 45302.542 | AA15: SCWH0301231225080130 SCWH0301240105015320 SCWH0301240108012929 SCWH0301240108012926 SCWH0301240108001060 SCWH0301240108012189 SCWH0301240105010216 SCWH0301240108012287 SCWH0301240108012297 SCWH0301240730005874 SCWH0301240108012581 SCWH0301240108012287 SCWH0301240108012297 SCWH0301240108012287 SCWH0301240108012297 SCWH0301240730005874 SCWH0301240108012581 | AB15: 森良乙线 | AC15: 110kV森桃线、110kV森温线、110kV森良乙线、110kV森吕线、110kV森良甲线、110kV流森线、110kV森温线宝珠乙支线导线连接位置：重要交叉跨越红外测温：110kV森桃线#05-#06、110kV森温线#05-#06、110kV森良乙线#05-#06、#08-#09、110kV森吕线#05-#06、#08-#09、110kV森良甲线#05-#06、#08-#09、110kV流森线#18-#19、#16-#15、110kV森温线宝珠乙支线#10-#11塔段测温(2024年1月) 110kV森桃线、110kV森温线、110kV森良乙线、110kV森吕线、110kV森良甲线、110kV流森线、110kV森温线宝珠乙支线导线连接位置红外测温：110kV森桃线#05-#06、110kV森温线#05-#06、110kV森良乙线#05-#06、#08-#09、110kV森吕线#05-#06、#08-#09、110kV森良甲线#05-#06、#08-#09、110kV流森线#18-#19、#16-#15、110kV森温线宝珠乙支线#10-#11重要交叉跨越红外测温（2024年2月） 110kV街灌线、110kV森养甲线云星甲支线、110kV森温线、110kV森温线宝珠乙支线、110kV森良乙线、110kV森养甲线、110kV森养乙线导线连接位置红外测温：110kV街灌线#1-#2、110kV森温线#41-#42、#51-#52、110kV森温线宝珠乙支线#7-#8、110kV森养甲线云星甲支线#10-#11、#13-#14、110kV森养甲线#26-#27、110kV森养乙线#26-#27重要交叉跨越红外测温（2024年3月） 110kV流吕线、110kV流森线、110kV森良甲线、110kV森吕线、110kV森桃线、110kV森温线、110kV森良乙线、110kV森温线宝珠乙支线导线连接位置红外测温：110kV流吕线#6-#7、110kV流森线#18-#19、110kV森良甲线#5-#6、110kV森吕线#5-#6、110kV森桃线#5-#6、110kV森温线#5-#6、110kV森良乙线#5-#6、#8-#9、110kV森温线宝珠乙支线#10-#11重要交叉跨越红外测温（2024年3月） 110kV森桃线、110kV森温线、110kV森良乙线、110kV森吕线、110kV森良甲线、110kV流森线导线连接位置红外测温：110kV森桃线#5-#6、110kV森温线#5-#6、110kV森良乙线#5-#6、#08-#09、110kV森吕线#05-#06、#08-#09、110kV森良甲线#05-#06、#08-#09、#09-#10、110kV流森线#18-#19、#15-#16、#14-#15重要交叉跨越红外测温（2024年4月） 110kV森桃线、110kV森温线、110kV森良乙线、110kV森吕线、110kV森良甲线、110kV 流森线导线连接位置红外测温：森桃线#05-#06、森温线#05-#06、森良乙线#05-#06、#08-#09、森吕线#05-#06、#08-#09 森良甲线#05-#06、#08-#09、#09-#10、 流森线#18-#19、#15-#16、#14-#15重要交叉跨越红外测温（2024年5月） 110kV森桃线、110kV森温线、110kV森良乙线、110kV森吕线、110kV森良甲线、 110kV流森线导线连接位置红外测温：森桃线#05-#06、森温线#05-#06、森良乙线#05-#06、#08-#09、森吕线#05-#06、#08-#09 森良甲线#05-#06、#08-#09、#09-#10 流森线#18-#19、#15-#16、#14-#15重要交叉跨越红外测温（2024年6月） 110kV街灌线、110kV森吕线、110kV森温线、110kV森温线宝珠乙支线、110kV森良乙线导线连接位置红外测温：110kV街灌线#1-#2、110kV森温线#41-#42、#51-#52、110kV森温线宝珠乙支线#10-#11、森良乙线#08-#09、森吕线#08-#09重要交叉跨越红外测温（2024年7月） 110kV流吕线、110kV流森线、110kV森良甲线、110kV森吕线、110kV森桃线、110kV森温线、110kV森良乙线、110kV森养甲线、110kV森养乙线、110kV森温线宝珠乙支线导线连接位置红外测温：110kV流吕线#6-#7、110kV流森线#18-#19、110kV森良甲线#5-#6、110kV森吕线#5-#6、110kV森桃线#5-#6、110kV森温线#5-#6、110kV森良乙线#5-#6、110kV森养甲线#26-#27、110kV森养乙线#26-#27、110kV森温线宝珠乙支线#7-#8重要交叉跨越红外测温（2024年7月） 110kV森吕线;110kV森温线;110kV流森线;110kV森桃线;110kV森良甲线;110kV森良乙线无人机精细化巡线：机巡线路巡视（精细化、红外）：110kV森良甲线#01-#12、110kV森良乙线#01-#13、110kV森吕线#01-#10、110kV流森线#13-#23、110kV森温线#01-#10、10kV森桃线#01-#10 110kV森桃线、110kV森温线、110kV森良乙线、110kV森吕线、110kV森良甲线、110kV流森线导线连接位置红外测温：110kV森桃线#05-#06、110kV森温线#05-#06、110kV森良乙线#05-#06、#08-#09、110kV森吕线#05-#06、#08-#09、110kV森良甲线#05-#06、#08-#09、 110kV流森线#18-#19、#15-#16、重要交叉跨越红外测温（2024年8月） 110kV街灌线、110kV森吕线、110kV森温线、110kV森温线宝珠乙支线、110kV森良乙线导线连接位置红外测温：110kV街灌线#1-#2、110kV森温线#41-#42、#51-#52、110kV森温线宝珠乙支线#10-#11、森良乙线#08-#09、森吕线#08-#09重要交叉跨越红外测温（2024年7月） 110kV流吕线、110kV流森线、110kV森良甲线、110kV森吕线、110kV森桃线、110kV森温线、110kV森良乙线、110kV森养甲线、110kV森养乙线、110kV森温线宝珠乙支线导线连接位置红外测温：110kV流吕线#6-#7、110kV流森线#18-#19、110kV森良甲线#5-#6、110kV森吕线#5-#6、110kV森桃线#5-#6、110kV森温线#5-#6、110kV森良乙线#5-#6、110kV森养甲线#26-#27、110kV森养乙线#26-#27、110kV森温线宝珠乙支线#7-#8重要交叉跨越红外测温（2024年7月） 110kV街灌线、110kV森吕线、110kV森温线、110kV森温线宝珠乙支线、110kV森良乙线导线连接位置红外测温：110kV街灌线#1-#2、110kV森温线#41-#42、#51-#52、110kV森温线宝珠乙支线#10-#11、森良乙线#08-#09、森吕线#08-#09重要交叉跨越红外测温（2024年7月） 110kV流吕线、110kV流森线、110kV森良甲线、110kV森吕线、110kV森桃线、110kV森温线、110kV森良乙线、110kV森养甲线、110kV森养乙线、110kV森温线宝珠乙支线导线连接位置红外测温：110kV流吕线#6-#7、110kV流森线#18-#19、110kV森良甲线#5-#6、110kV森吕线#5-#6、110kV森桃线#5-#6、110kV森温线#5-#6、110kV森良乙线#5-#6、110kV森养甲线#26-#27、110kV森养乙线#26-#27、110kV森温线宝珠乙支线#7-#8重要交叉跨越红外测温（2024年7月） 110kV森吕线;110kV森温线;110kV流森线;110kV森桃线;110kV森良甲线;110kV森良乙线无人机精细化巡线：机巡线路巡视（精细化、红外）：110kV森良甲线#01-#12、110kV森良乙线#01-#13、110kV森吕线#01-#10、110kV流森线#13-#23、110kV森温线#01-#10、10kV森桃线#01-#10 110kV森桃线、110kV森温线、110kV森良乙线、110kV森吕线、110kV森良甲线、110kV流森线导线连接位置红外测温：110kV森桃线#05-#06、110kV森温线#05-#06、110kV森良乙线#05-#06、#08-#09、110kV森吕线#05-#06、#08-#09、110kV森良甲线#05-#06、#08-#09、 110kV流森线#18-#19、#15-#16、重要交叉跨越红外测温（2024年8月） | AD15: #15-#16 #18-#19 #08-#09 #05-#06 #08-#09 #05-#06 #08-#09 #05-#06 #05-#06 #05-#06 #01-#10 #01-#10 #13-#23 #01-#10 #01-#13 #01-#12 | AF15: 已完成 | AG15: 1月份已完成
A16: 1680 | B16: 预试 | C16: 考核 | D16: 110kV | E16: 一般 | F16: 森吕线 | G16: 运维策略 | H16: 全线 | I16: 8 | J16: 39 | K16: 85 | L16: 45413 | M16: 45443 | N16: 否 | O16: 输电管理二所 | P16: 董少波 | Q16: 钟镇光 | R16: 从化中心 | S16: =SUM(I16:K16) -> 132 | T16: 2024-01-11 09:00:00 2024-02-05 09:00:00 2024-02-02 09:00:00 2024-03-07 09:00:00 2024-03-05 09:00:00 2024-04-08 11:47:59 2024-04-08 10:03:26 2024-04-10 09:31:00 2024-05-27 09:05:00 2024-05-28 10:10:16 2024-05-23 09:13:00 2024-06-26 09:14:00 2024-06-20 09:15:00 2024-06-24 09:09:00 2024-07-29 08:50:00 2024-07-30 09:00:00 2024-07-11 09:00:00 2024-07-09 09:00:00 2024-08-21 08:40:00 2024-08-06 09:12:00 2024-08-02 08:42:00 2024-08-05 09:39:00 2024-08-01 08:42:00 2024-07-29 08:50:00 2024-07-30 09:00:00 2024-07-11 09:00:00 2024-07-09 09:00:00 2024-07-29 08:50:00 2024-07-30 09:00:00 2024-07-11 09:00:00 2024-07-09 09:00:00 2024-08-21 08:40:00 2024-08-06 09:12:00 2024-08-02 08:42:00 2024-08-05 09:39:00 2024-08-01 08:42:00 2024-07-29 08:50:00 | U16: 45302.542 | AA16: SCWH0301231225080130 SCWH0301240105015321 SCWH0301240105015320 SCWH0301240108012927 SCWH0301240108012926 SCWH0301240408001647 SCWH0301240108001055 SCWH0301240108001060 SCWH0301240109009363 SCWH0301240108012189 SCWH0301240108012182 SCWH0301240108012217 SCWH0301240105010377 SCWH0301240105010216 SCWH0301240730005876 SCWH0301240108012287 SCWH0301240108012291 SCWH0301240108012297 SCWH0301240801007318 SCWH0301240730005874 SCWH0301240108012581 SCWH0301240108012576 SCWH0301240730005875 SCWH0301240730005876 SCWH0301240108012287 SCWH0301240108012291 SCWH0301240108012297 SCWH0301240730005876 SCWH0301240108012287 SCWH0301240108012291 SCWH0301240108012297 SCWH0301240801007318 SCWH0301240730005874 SCWH0301240108012581 SCWH0301240108012576 SCWH0301240730005875 SCWH0301240730005876 | AB16: 森吕线 | AC16: 110kV森桃线、110kV森温线、110kV森良乙线、110kV森吕线、110kV森良甲线、110kV流森线、110kV森温线宝珠乙支线导线连接位置：重要交叉跨越红外测温：110kV森桃线#05-#06、110kV森温线#05-#06、110kV森良乙线#05-#06、#08-#09、110kV森吕线#05-#06、#08-#09、110kV森良甲线#05-#06、#08-#09、110kV流森线#18-#19、#16-#15、110kV森温线宝珠乙支线#10-#11塔段测温(2024年1月) 35kV良吕线、110kV流吕线、110kV森吕线导线连接位置红外测温：110kV森吕线#53-#54、#55-#56、#58-#59、110kV流吕线#33-#34、#35-#36、#38-#39、35kV良吕线#50-#51、#55-#56、#57-#58、#82-#83重要交叉跨越红外测温（2024年2月） 110kV森桃线、110kV森温线、110kV森良乙线、110kV森吕线、110kV森良甲线、110kV流森线、110kV森温线宝珠乙支线导线连接位置红外测温：110kV森桃线#05-#06、110kV森温线#05-#06、110kV森良乙线#05-#06、#08-#09、110kV森吕线#05-#06、#08-#09、110kV森良甲线#05-#06、#08-#09、110kV流森线#18-#19、#16-#15、110kV森温线宝珠乙支线#10-#11重要交叉跨越红外测温（2024年2月） 35kV良吕线、110kV流吕线、110kV森吕线导线连接位置红外测温：良吕#50-#51、#55-#56、#57-#58、#82-#83、110kV流吕线#33-#34、#35-#36、#38-#39、110kV森吕线#53-#54、#55-#56、#58-#59重要交叉跨越红外测温（2024年3月） 110kV流吕线、110kV流森线、110kV森良甲线、110kV森吕线、110kV森桃线、110kV森温线、110kV森良乙线、110kV森温线宝珠乙支线导线连接位置红外测温：110kV流吕线#6-#7、110kV流森线#18-#19、110kV森良甲线#5-#6、110kV森吕线#5-#6、110kV森桃线#5-#6、110kV森温线#5-#6、110kV森良乙线#5-#6、#8-#9、110kV森温线宝珠乙支线#10-#11重要交叉跨越红外测温（2024年3月） 110kV森吕线110kV森吕线#90（防风防汛无人机查） 35kV良吕线、110kV流吕线、110kV森吕线导线连接位置红外测温：35kV良吕线#50-#51、#55-#56、#57-#58、#82-#83、110kV流吕线#33-#34、#35-#36、#38-#39、110kV森吕线#53-#54、#55-#56、#58-#59重要交叉跨越红外测温（2024年4月） 110kV森桃线、110kV森温线、110kV森良乙线、110kV森吕线、110kV森良甲线、110kV流森线导线连接位置红外测温：110kV森桃线#5-#6、110kV森温线#5-#6、110kV森良乙线#5-#6、#08-#09、110kV森吕线#05-#06、#08-#09、110kV森良甲线#05-#06、#08-#09、#09-#10、110kV流森线#18-#19、#15-#16、#14-#15重要交叉跨越红外测温（2024年4月） 110kV森吕线导线连接位置红外测温：合成绝缘子（避雷器）红外测温：接续管红外测温：110kV森吕线#01-#94塔段（2024年） 110kV森桃线、110kV森温线、110kV森良乙线、110kV森吕线、110kV森良甲线、110kV 流森线导线连接位置红外测温：森桃线#05-#06、森温线#05-#06、森良乙线#05-#06、#08-#09、森吕线#05-#06、#08-#09 森良甲线#05-#06、#08-#09、#09-#10、 流森线#18-#19、#15-#16、#14-#15重要交叉跨越红外测温（2024年5月） 35kV良吕线、110kV流吕线、110kV森吕线导线连接位置红外测温：35kV良吕线#50-#51、#55-#56、#57-#58、#82-#83、110kV流吕线#33-#34、#35-#36、#38-#39、110kV森吕线#53-#54、#55-#56、#58-#59重要交叉跨越红外测温（2024年5月） 110kV森吕线无人机巡视、测量作业：机巡线路巡视（4-6月点云测量）：（Ⅳ级）110kV森吕线#01-#94；（外委实施） 35kV良吕线、110kV流吕线、110kV森吕线导线连接位置红外测温：35kV良吕线#50-#51、#55-#56、#57-#58、#82-#83、110kV流吕线#33-#34、#35-#36、#38-#39、110kV森吕线#53-#54、#55-#56、#58-#59重要交叉跨越红外测温（2024年6月） 110kV森桃线、110kV森温线、110kV森良乙线、110kV森吕线、110kV森良甲线、 110kV流森线导线连接位置红外测温：森桃线#05-#06、森温线#05-#06、森良乙线#05-#06、#08-#09、森吕线#05-#06、#08-#09 森良甲线#05-#06、#08-#09、#09-#10 流森线#18-#19、#15-#16、#14-#15重要交叉跨越红外测温（2024年6月） 110kV森吕线;110kV流吕线无人机精细化巡线：机巡线路巡视（精细化、红外）：110kV森吕线#37-#43、110kV流吕线#12、#17-#23 110kV街灌线、110kV森吕线、110kV森温线、110kV森温线宝珠乙支线、110kV森良乙线导线连接位置红外测温：110kV街灌线#1-#2、110kV森温线#41-#42、#51-#52、110kV森温线宝珠乙支线#10-#11、森良乙线#08-#09、森吕线#08-#09重要交叉跨越红外测温（2024年7月） 35kV良吕线、110kV流吕线、110kV森吕线导线连接位置红外测温：35kV良吕线#34-#35、#39-#40、#40-#41、#41-#42、#50-#51、#55-#56、#57-#58、#82-#83、110kV流吕线#33-#34、#35-#36、#38-#39、110kV森吕线#53-#54、#55-#56、#58-#59重要交叉跨越红外测温（2024年7月） 110kV流吕线、110kV流森线、110kV森良甲线、110kV森吕线、110kV森桃线、110kV森温线、110kV森良乙线、110kV森养甲线、110kV森养乙线、110kV森温线宝珠乙支线导线连接位置红外测温：110kV流吕线#6-#7、110kV流森线#18-#19、110kV森良甲线#5-#6、110kV森吕线#5-#6、110kV森桃线#5-#6、110kV森温线#5-#6、110kV森良乙线#5-#6、110kV森养甲线#26-#27、110kV森养乙线#26-#27、110kV森温线宝珠乙支线#7-#8重要交叉跨越红外测温（2024年7月） 110kV森吕线;110kV流吕线无人机精细化巡线：机巡线路巡视（精细化、红外）：110kV森吕线#75-#94、110kV流吕线#55-#74 110kV森吕线;110kV森温线;110kV流森线;110kV森桃线;110kV森良甲线;110kV森良乙线无人机精细化巡线：机巡线路巡视（精细化、红外）：110kV森良甲线#01-#12、110kV森良乙线#01-#13、110kV森吕线#01-#10、110kV流森线#13-#23、110kV森温线#01-#10、10kV森桃线#01-#10 110kV森桃线、110kV森温线、110kV森良乙线、110kV森吕线、110kV森良甲线、110kV流森线导线连接位置红外测温：110kV森桃线#05-#06、110kV森温线#05-#06、110kV森良乙线#05-#06、#08-#09、110kV森吕线#05-#06、#08-#09、110kV森良甲线#05-#06、#08-#09、 110kV流森线#18-#19、#15-#16、重要交叉跨越红外测温（2024年8月） 35kV良吕线、110kV流吕线、110kV森吕线导线连接位置红外测温：35kV良吕线#50-#51、#55-#56、#57-#58、#82-#83、110kV流吕线#33-#34、#35-#36、#38-#39、110kV森吕线#53-#54、#55-#56、#58-#59重要交叉跨越红外测温（2024年8月） 110kV森吕线;110kV流吕线无人机精细化巡线：机巡线路巡视（精细化、红外）：110kV森吕线#44-#66、110kV流吕线#24-#46 110kV森吕线;110kV流吕线无人机精细化巡线：机巡线路巡视（精细化、红外）：110kV森吕线#37-#43、110kV流吕线#12、#17-#23 110kV街灌线、110kV森吕线、110kV森温线、110kV森温线宝珠乙支线、110kV森良乙线导线连接位置红外测温：110kV街灌线#1-#2、110kV森温线#41-#42、#51-#52、110kV森温线宝珠乙支线#10-#11、森良乙线#08-#09、森吕线#08-#09重要交叉跨越红外测温（2024年7月） 35kV良吕线、110kV流吕线、110kV森吕线导线连接位置红外测温：35kV良吕线#34-#35、#39-#40、#40-#41、#41-#42、#50-#51、#55-#56、#57-#58、#82-#83、110kV流吕线#33-#34、#35-#36、#38-#39、110kV森吕线#53-#54、#55-#56、#58-#59重要交叉跨越红外测温（2024年7月） 110kV流吕线、110kV流森线、110kV森良甲线、110kV森吕线、110kV森桃线、110kV森温线、110kV森良乙线、110kV森养甲线、110kV森养乙线、110kV森温线宝珠乙支线导线连接位置红外测温：110kV流吕线#6-#7、110kV流森线#18-#19、110kV森良甲线#5-#6、110kV森吕线#5-#6、110kV森桃线#5-#6、110kV森温线#5-#6、110kV森良乙线#5-#6、110kV森养甲线#26-#27、110kV森养乙线#26-#27、110kV森温线宝珠乙支线#7-#8重要交叉跨越红外测温（2024年7月） 110kV森吕线;110kV流吕线无人机精细化巡线：机巡线路巡视（精细化、红外）：110kV森吕线#37-#43、110kV流吕线#12、#17-#23 110kV街灌线、110kV森吕线、110kV森温线、110kV森温线宝珠乙支线、110kV森良乙线导线连接位置红外测温：110kV街灌线#1-#2、110kV森温线#41-#42、#51-#52、110kV森温线宝珠乙支线#10-#11、森良乙线#08-#09、森吕线#08-#09重要交叉跨越红外测温（2024年7月） 35kV良吕线、110kV流吕线、110kV森吕线导线连接位置红外测温：35kV良吕线#34-#35、#39-#40、#40-#41、#41-#42、#50-#51、#55-#56、#57-#58、#82-#83、110kV流吕线#33-#34、#35-#36、#38-#39、110kV森吕线#53-#54、#55-#56、#58-#59重要交叉跨越红外测温（2024年7月） 110kV流吕线、110kV流森线、110kV森良甲线、110kV森吕线、110kV森桃线、110kV森温线、110kV森良乙线、110kV森养甲线、110kV森养乙线、110kV森温线宝珠乙支线导线连接位置红外测温：110kV流吕线#6-#7、110kV流森线#18-#19、110kV森良甲线#5-#6、110kV森吕线#5-#6、110kV森桃线#5-#6、110kV森温线#5-#6、110kV森良乙线#5-#6、110kV森养甲线#26-#27、110kV森养乙线#26-#27、110kV森温线宝珠乙支线#7-#8重要交叉跨越红外测温（2024年7月） 110kV森吕线;110kV流吕线无人机精细化巡线：机巡线路巡视（精细化、红外）：110kV森吕线#75-#94、110kV流吕线#55-#74 110kV森吕线;110kV森温线;110kV流森线;110kV森桃线;110kV森良甲线;110kV森良乙线无人机精细化巡线：机巡线路巡视（精细化、红外）：110kV森良甲线#01-#12、110kV森良乙线#01-#13、110kV森吕线#01-#10、110kV流森线#13-#23、110kV森温线#01-#10、10kV森桃线#01-#10 110kV森桃线、110kV森温线、110kV森良乙线、110kV森吕线、110kV森良甲线、110kV流森线导线连接位置红外测温：110kV森桃线#05-#06、110kV森温线#05-#06、110kV森良乙线#05-#06、#08-#09、110kV森吕线#05-#06、#08-#09、110kV森良甲线#05-#06、#08-#09、 110kV流森线#18-#19、#15-#16、重要交叉跨越红外测温（2024年8月） 35kV良吕线、110kV流吕线、110kV森吕线导线连接位置红外测温：35kV良吕线#50-#51、#55-#56、#57-#58、#82-#83、110kV流吕线#33-#34、#35-#36、#38-#39、110kV森吕线#53-#54、#55-#56、#58-#59重要交叉跨越红外测温（2024年8月） 110kV森吕线;110kV流吕线无人机精细化巡线：机巡线路巡视（精细化、红外）：110kV森吕线#44-#66、110kV流吕线#24-#46 110kV森吕线;110kV流吕线无人机精细化巡线：机巡线路巡视（精细化、红外）：110kV森吕线#37-#43、110kV流吕线#12、#17-#23 | AD16: #17-#23 #37-#43 #24-#46 #44-#66 #58-#59 #55-#56 #53-#54 #38-#39 #35-#36 #33-#34 #82-#83 #57-#58 #55-#56 #50-#51 #15-#16 #18-#19 #08-#09 #05-#06 #08-#09 #05-#06 #08-#09 #05-#06 #05-#06 #05-#06 #01-#10 #01-#10 #13-#23 #01-#10 #01-#13 #01-#12 #55-#74 #75-#94 | AF16: 已完成 | AG16: 1月份已完成
A17: 1686 | B17: 预试 | C17: 考核 | D17: 110kV | E17: 一般 | F17: 森温线 | G17: 运维策略 | H17: 全线 | I17: 23 | J17: 117 | K17: 58 | L17: 45444 | M17: 45473 | N17: 否 | O17: 输电管理二所 | P17: 董少波 | Q17: 吴日冲 | R17: 从化中心 | S17: =SUM(I17:K17) -> 198 | T17: 2024-01-11 09:00:00 2024-02-02 09:00:00 2024-02-01 09:00:00 2024-03-25 09:22:00 2024-03-22 10:18:10 2024-03-22 10:37:09 2024-03-29 09:17:00 2024-03-04 08:54:00 2024-03-05 09:00:00 2024-04-21 08:32:00 2024-04-20 09:21:50 2024-04-12 10:09:49 2024-04-12 10:09:49 2024-04-12 09:00:00 2024-04-12 09:00:00 2024-03-22 10:18:10 2024-04-10 09:31:00 2024-05-17 11:40:15 2024-05-17 11:40:15 2024-05-30 09:23:00 2024-05-22 10:29:09 2024-05-22 10:29:09 2024-05-28 10:10:16 2024-05-17 09:55:38 2024-05-17 09:55:38 2024-05-07 09:15:00 2024-06-28 09:17:00 2024-06-27 11:10:10 2024-06-27 11:10:10 2024-06-28 09:19:00 2024-06-26 09:29:00 2024-06-24 09:06:00 2024-06-24 09:05:00 2024-06-26 14:00:00 2024-06-24 09:09:00 2024-07-30 09:00:00 2024-07-09 09:00:00 2024-08-06 09:12:00 2024-08-07 10:01:52 2024-08-08 09:53:40 2024-08-07 10:03:12 2024-08-06 09:44:39 2024-08-02 08:42:00 2024-08-01 08:37:00 2024-08-02 09:09:00 2024-07-30 09:00:00 2024-07-09 09:00:00 2024-07-30 09:00:00 2024-07-09 09:00:00 2024-08-06 09:12:00 2024-08-07 10:01:52 2024-08-08 09:53:40 2024-08-07 10:03:12 2024-08-06 09:44:39 2024-08-02 08:42:00 2024-08-01 08:37:00 2024-08-02 09:09:00 | U17: 45302.542 | AA17: SCWH0301231225080130 SCWH0301240105015320 SCWH0301240105015323 SCWH0301240222290937 SCWH0301240326004931 SCWH0301240326004932 SCWH0301240108012933 SCWH0301240108012929 SCWH0301240108012926 SCWH0301240421000525 SCWH0301240420000168 SCWH0301240412000663 SCWH0301240412000602 SCWH0301240108001061 SCWH0301240108001059 SCWH0301240408005493 SCWH0301240108001060 SCWH0301240507009363 SCWH0301240507009375 SCWH0301240509004738 SCWH0301240507009404 SCWH0301240507009384 SCWH0301240108012189 SCWH0301240517008046 SCWH0301240517008125 SCWH0301240507000472 SCWH0301240521015255 SCWH0301240109001996 SCWH0301240109002393 SCWH0301240109002331 SCWH0301240109009366 SCWH0301240109002395 SCWH0301240105010376 SCWH0301240105010130 SCWH0301240105010216 SCWH0301240108012287 SCWH0301240108012297 SCWH0301240730005874 SCWH0301240808003404 SCWH0301240808003168 SCWH0301240807003137 SCWH0301240808001737 SCWH0301240108012581 SCWH0301240108012582 SCWH0301240108012577 SCWH0301240108012287 SCWH0301240108012297 SCWH0301240108012287 SCWH0301240108012297 SCWH0301240730005874 SCWH0301240808003404 SCWH0301240808003168 SCWH0301240807003137 SCWH0301240808001737 SCWH0301240108012581 SCWH0301240108012582 SCWH0301240108012577 | AB17: 森温线 | AC17: 110kV森桃线、110kV森温线、110kV森良乙线、110kV森吕线、110kV森良甲线、110kV流森线、110kV森温线宝珠乙支线导线连接位置：重要交叉跨越红外测温：110kV森桃线#05-#06、110kV森温线#05-#06、110kV森良乙线#05-#06、#08-#09、110kV森吕线#05-#06、#08-#09、110kV森良甲线#05-#06、#08-#09、110kV流森线#18-#19、#16-#15、110kV森温线宝珠乙支线#10-#11塔段测温(2024年1月) 110kV森桃线、110kV森温线、110kV森良乙线、110kV森吕线、110kV森良甲线、110kV流森线、110kV森温线宝珠乙支线导线连接位置红外测温：110kV森桃线#05-#06、110kV森温线#05-#06、110kV森良乙线#05-#06、#08-#09、110kV森吕线#05-#06、#08-#09、110kV森良甲线#05-#06、#08-#09、110kV流森线#18-#19、#16-#15、110kV森温线宝珠乙支线#10-#11重要交叉跨越红外测温（2024年2月） 110kV街灌线、110kV森养甲线云星支线、110kV森温线、110kV森养乙线、110kV森养甲线、110kV森温线宝珠乙支线导线连接位置红外测温：110kV街灌线#01-#02、110kV森养甲线云星支线#10-#11、#13-#14、110kV森温线#41-#42、#51-#52、110kV森养乙线#26-#27、110kV森养甲线#26-#27、110kV森温线宝珠乙支线#07-#08塔段重要交叉跨越红外测温（2024年2月） 500kV蓄北线、110kV森温线、110kV森温线宝珠乙支线导线连接位置红外测温：500kV蓄北线#77塔段、#174-#175塔段；110kV森温线#50-#51塔段；110kV森温线宝珠乙支线#44-#45塔段半张力预绞丝周期化定检测温作业（2024年3月） 110kV森养乙、110kV森温线宝珠乙支线、110kV从明森线宝珠甲支线无人机精细化巡线：机巡线路巡视（1-3月测温）：110kV森养乙线#01-#25、110kV森温线宝珠乙支线#09-#13、#48-#69、110kV从明森线宝珠甲支线#00-#02 110kV森养乙线、110kV森温线宝珠乙支线、110kV从明森线宝珠甲支线无人机精细化巡线：机巡线路巡视（1-3月精细化）：110kV森养乙线#01-#25、110kV森温线宝珠乙支线#09-#13、#48-#69、110kV从明森线宝珠甲支线#00-#02 110kV森养甲线、110kV森养乙线、110kV从明森线、110kV森温线宝珠乙支线导线连接位置红外测温：110kV森养甲线#4-#5、#13-#14、110kV森养乙线#4-#5、#11-#12、110kV从明森线#92-#93、#107-#108、#114-#115、110kV森温线宝珠乙支线#10-#11重要交叉跨越红外测温（2024年3月） 110kV街灌线、110kV森养甲线云星甲支线、110kV森温线、110kV森温线宝珠乙支线、110kV森良乙线、110kV森养甲线、110kV森养乙线导线连接位置红外测温：110kV街灌线#1-#2、110kV森温线#41-#42、#51-#52、110kV森温线宝珠乙支线#7-#8、110kV森养甲线云星甲支线#10-#11、#13-#14、110kV森养甲线#26-#27、110kV森养乙线#26-#27重要交叉跨越红外测温（2024年3月） 110kV流吕线、110kV流森线、110kV森良甲线、110kV森吕线、110kV森桃线、110kV森温线、110kV森良乙线、110kV森温线宝珠乙支线导线连接位置红外测温：110kV流吕线#6-#7、110kV流森线#18-#19、110kV森良甲线#5-#6、110kV森吕线#5-#6、110kV森桃线#5-#6、110kV森温线#5-#6、110kV森良乙线#5-#6、#8-#9、110kV森温线宝珠乙支线#10-#11重要交叉跨越红外测温（2024年3月） 110kV森温线线路故障巡维：110kV森温线#01-#52塔段无人机巡视 110kV森温线线路特殊巡维：故障跳闸，110kV森温线#01-#52塔段无人机特巡 110kV从明森线、110kV森温线宝珠乙支线无人机精细化巡线：机巡线路巡视（精细化）：110kV从明森线 #74-#86，110kV森温线宝珠乙支线#17-#29 110kV从明森线、110kV森温线宝珠乙支线无人机精细化巡线：机巡线路巡视（测温）：110kV从明森线 #74-#86，110kV森温线宝珠乙支线#17-#29 110kV森养甲线、110kV森养乙线、110kV从明森线、110kV森温线宝珠乙支线导线连接位置红外测温：110kV森养甲线#4-#5、#13-#14、110kV森养乙线#4-#5、#11-#12、110kV从明森线#92-#93、#107-#108、#114-#115、110kV森温线宝珠乙支线#10-#11重要交叉跨越红外测温（2024年4月） 110kV街灌线、110kV森养甲线云星支线、110kV森温线、110kV森养乙线、110kV森养甲线、110kV森温线宝珠乙支线导线连接位置红外测温：110kV街灌线#1-#2、110kV森养甲线云星支线#10-#11、#13-#14、110kV森温线#41-#42、#51-#52、110kV森养乙线#26-#27、110kV森养甲线#26-#27、110kV森温线宝珠乙支线#07-#08重要交叉跨越红外测温（2024年4月） 110kV森养乙线、110kV森温线宝珠乙支线、110kV从明森线宝珠甲支线无人机精细化巡线：机巡线路巡视（精细化）：110kV森养乙线#25、110kV森温线宝珠乙支线#67-#69、110kV从明森线宝珠甲支线#00-#02 110kV森桃线、110kV森温线、110kV森良乙线、110kV森吕线、110kV森良甲线、110kV流森线导线连接位置红外测温：110kV森桃线#5-#6、110kV森温线#5-#6、110kV森良乙线#5-#6、#08-#09、110kV森吕线#05-#06、#08-#09、110kV森良甲线#05-#06、#08-#09、#09-#10、110kV流森线#18-#19、#15-#16、#14-#15重要交叉跨越红外测温（2024年4月） 110kV森养甲线桃莲甲支线、110kV森温线、110kV森桃线无人机精细化巡线：机巡线路巡视（可见光）：110kV森养甲线桃莲甲支线#16-#25、110kV森温线、110kV森桃线#10-#11 110kV森养甲线桃莲甲支线、110kV森温线、110kV森桃线无人机精细化巡线：机巡线路巡视（测温）：110kV森养甲线桃莲甲支线#16-#25、110kV森温线、110kV森桃线#10-#11 110kV森温线宝珠乙支线、110kV森养甲线导线连接位置红外测温：110kV森温线宝珠乙支线#10-#11、110kV森养甲线#26-#27重要交叉跨越红外测温（2024年5月） 110kV森温线无人机精细化巡线：机巡线路巡视（测温）：110kV森温线#36-#52 110kV森温线无人机精细化巡线：机巡线路巡视（可见光）：110kV森温线#36-#52 110kV森桃线、110kV森温线、110kV森良乙线、110kV森吕线、110kV森良甲线、110kV 流森线导线连接位置红外测温：森桃线#05-#06、森温线#05-#06、森良乙线#05-#06、#08-#09、森吕线#05-#06、#08-#09 森良甲线#05-#06、#08-#09、#09-#10、 流森线#18-#19、#15-#16、#14-#15重要交叉跨越红外测温（2024年5月） 110kV森温线、110kV森桃线、35kV良吕线无人机精细化巡线：机巡线路巡视（可见光）：110kV森温线、110kV森桃线#10-11，35kV良吕线#41-#58 110kV森温线、110kV森桃线、35kV良吕线无人机精细化巡线：机巡线路巡视（测温）：110kV森温线、110kV森桃线#10-11，35kV良吕线#41-#58 110kV森养甲线云星支线、110kV森温线、110kV森养乙线、110kV森养甲线、110kV森温线宝珠乙支线导线连接位置红外测温：森养甲线云星支线#10-#11、#13-#14、森温线#41-#42、#51-#52、森养乙线#26-#27、森养甲线#26-#27、森温线宝珠乙支线#07-#08重要交叉跨越红外测温（2024年5月） 500kV蓄北线、110kV森温线、110kV森温线宝珠乙支线导线连接位置红外测温：500kV蓄北线#77塔段、#174-#175塔段；110kV森温线#50-#51塔段；110kV森温线宝珠乙支线#44-#45塔段半张力预绞丝周期化定检测温作业（2024年6月） 110kV森养甲线桃莲甲支线无人机精细化巡线：机巡线路巡视（1-6月精细化测温）：（Ⅳ级）110kV森温线#31-#36；110kV森桃线#31-#34；110kV森养甲线桃莲甲支线#3-#12 110kV森养甲线桃莲甲支线;110kV森温线;110kV森桃线无人机精细化巡线：机巡线路巡视（1-6月精细化）：（Ⅳ级）110kV森温线#31-#36；110kV森桃线#31-#34；110kV森养甲线桃莲甲支线#3-#12 110kV森温线宝珠乙支线无人机巡视、测量作业：机巡线路巡视（4-6月点云测量）：（Ⅲ级）110kV森温线宝珠乙支线#00-#69；（外委实施） 110kV森温线导线连接位置红外测温：合成绝缘子（避雷器）红外测温：接续管红外测温：110kV森温线#01-#52塔段（2024年） 110kV森温线无人机巡视、测量作业：机巡线路巡视（4-6月点云测量）：（Ⅳ级）110kV森温线#01-#52；（外委实施） 110kV森养甲线、110kV森养乙线、110kV从明森线、110kV森温线宝珠乙支线导线连接位置红外测温：110kV森养甲线#04-#05、#13-#14、110kV森养乙线#04-#05、#11-#12、110kV从明森线#92-#93、#107-#108、#114-#115、110kV森温线宝珠乙支线#10-#11重要交叉跨越红外测温（2024年6月） 110kV街灌线、110kV森养甲线云甲支线、110kV森温线、110kV森温线宝珠乙支线、110kV森养乙线、110kV森养甲线导线连接位置红外测温：110kV街灌线#1-#2、110kV森养甲线云甲支线#10-#11、#13-#14、110kV森温线#41-#42、#51-#52、110kV森温线宝珠乙支线#07-#08、110kV森养乙线#26-#27、110kV森养甲线#26-#27重要交叉跨越红外测温（2024年6月） 110kV森桃线、110kV森温线、110kV森良乙线、110kV森吕线、110kV森良甲线、 110kV流森线导线连接位置红外测温：森桃线#05-#06、森温线#05-#06、森良乙线#05-#06、#08-#09、森吕线#05-#06、#08-#09 森良甲线#05-#06、#08-#09、#09-#10 流森线#18-#19、#15-#16、#14-#15重要交叉跨越红外测温（2024年6月） 110kV街灌线、110kV森吕线、110kV森温线、110kV森温线宝珠乙支线、110kV森良乙线导线连接位置红外测温：110kV街灌线#1-#2、110kV森温线#41-#42、#51-#52、110kV森温线宝珠乙支线#10-#11、森良乙线#08-#09、森吕线#08-#09重要交叉跨越红外测温（2024年7月） 110kV流吕线、110kV流森线、110kV森良甲线、110kV森吕线、110kV森桃线、110kV森温线、110kV森良乙线、110kV森养甲线、110kV森养乙线、110kV森温线宝珠乙支线导线连接位置红外测温：110kV流吕线#6-#7、110kV流森线#18-#19、110kV森良甲线#5-#6、110kV森吕线#5-#6、110kV森桃线#5-#6、110kV森温线#5-#6、110kV森良乙线#5-#6、110kV森养甲线#26-#27、110kV森养乙线#26-#27、110kV森温线宝珠乙支线#7-#8重要交叉跨越红外测温（2024年7月） 110kV森吕线;110kV森温线;110kV流森线;110kV森桃线;110kV森良甲线;110kV森良乙线无人机精细化巡线：机巡线路巡视（精细化、红外）：110kV森良甲线#01-#12、110kV森良乙线#01-#13、110kV森吕线#01-#10、110kV流森线#13-#23、110kV森温线#01-#10、10kV森桃线#01-#10 110kV从明森线、110kV森温线宝珠乙支线无人机精细化巡线：机巡线路巡视（精细化、红外）：110kV从明森线#56-#65，110kV森温线宝珠乙支线#38-#47 110kV从明森线、110kV森温线宝珠乙支线无人机精细化巡线：机巡线路巡视（精细化、红外）：110kV从明森线#66-#70，110kV森温线宝珠乙支线#33-#37 110kV从明森线、110kV森温线宝珠乙支线无人机精细化巡线：机巡线路巡视（精细化、红外）：110kV从明森线#87-#89、#71-#73，110kV森温线宝珠乙支线#14-#16、#30-32 110kV森温线、110kV森桃线无人机精细化巡线：机巡线路巡视（精细化、红外）：110kV森温线#12-#30、110kV森桃线#12-#30塔段 110kV森桃线、110kV森温线、110kV森良乙线、110kV森吕线、110kV森良甲线、110kV流森线导线连接位置红外测温：110kV森桃线#05-#06、110kV森温线#05-#06、110kV森良乙线#05-#06、#08-#09、110kV森吕线#05-#06、#08-#09、110kV森良甲线#05-#06、#08-#09、 110kV流森线#18-#19、#15-#16、重要交叉跨越红外测温（2024年8月） 110kV街灌线、110kV森养甲线云星甲支线、110kV森温线、110kV森养乙线、110kV森养甲线、110kV森温线宝珠乙支线导线连接位置红外测温：110kV街灌线#01-#02、110kV森养甲线云星甲支线#10-#11、#13-#14、110kV森温线#41-#42、#51-#52、110kV森养乙线#26-#27、110kV森养甲线#26-#27、110kV森温线宝珠乙支线#07-#08重要交叉跨越红外测温（2024年8月） 110kV森养甲线、110kV森养乙线、110kV从明森线、110kV森温线宝珠乙支线导线连接位置红外测温：110kV森养甲线#4-#5、#13-#14、110kV森养乙线#4-#5、#11-#12、110kV从明森线#92-#93、#107-#108、#114-#115、110kV森温线宝珠乙支线#10-#11重要交叉跨越红外测温（2024年8月） 110kV街灌线、110kV森吕线、110kV森温线、110kV森温线宝珠乙支线、110kV森良乙线导线连接位置红外测温：110kV街灌线#1-#2、110kV森温线#41-#42、#51-#52、110kV森温线宝珠乙支线#10-#11、森良乙线#08-#09、森吕线#08-#09重要交叉跨越红外测温（2024年7月） 110kV流吕线、110kV流森线、110kV森良甲线、110kV森吕线、110kV森桃线、110kV森温线、110kV森良乙线、110kV森养甲线、110kV森养乙线、110kV森温线宝珠乙支线导线连接位置红外测温：110kV流吕线#6-#7、110kV流森线#18-#19、110kV森良甲线#5-#6、110kV森吕线#5-#6、110kV森桃线#5-#6、110kV森温线#5-#6、110kV森良乙线#5-#6、110kV森养甲线#26-#27、110kV森养乙线#26-#27、110kV森温线宝珠乙支线#7-#8重要交叉跨越红外测温（2024年7月） 110kV街灌线、110kV森吕线、110kV森温线、110kV森温线宝珠乙支线、110kV森良乙线导线连接位置红外测温：110kV街灌线#1-#2、110kV森温线#41-#42、#51-#52、110kV森温线宝珠乙支线#10-#11、森良乙线#08-#09、森吕线#08-#09重要交叉跨越红外测温（2024年7月） 110kV流吕线、110kV流森线、110kV森良甲线、110kV森吕线、110kV森桃线、110kV森温线、110kV森良乙线、110kV森养甲线、110kV森养乙线、110kV森温线宝珠乙支线导线连接位置红外测温：110kV流吕线#6-#7、110kV流森线#18-#19、110kV森良甲线#5-#6、110kV森吕线#5-#6、110kV森桃线#5-#6、110kV森温线#5-#6、110kV森良乙线#5-#6、110kV森养甲线#26-#27、110kV森养乙线#26-#27、110kV森温线宝珠乙支线#7-#8重要交叉跨越红外测温（2024年7月） 110kV森吕线;110kV森温线;110kV流森线;110kV森桃线;110kV森良甲线;110kV森良乙线无人机精细化巡线：机巡线路巡视（精细化、红外）：110kV森良甲线#01-#12、110kV森良乙线#01-#13、110kV森吕线#01-#10、110kV流森线#13-#23、110kV森温线#01-#10、10kV森桃线#01-#10 110kV从明森线、110kV森温线宝珠乙支线无人机精细化巡线：机巡线路巡视（精细化、红外）：110kV从明森线#56-#65，110kV森温线宝珠乙支线#38-#47 110kV从明森线、110kV森温线宝珠乙支线无人机精细化巡线：机巡线路巡视（精细化、红外）：110kV从明森线#66-#70，110kV森温线宝珠乙支线#33-#37 110kV从明森线、110kV森温线宝珠乙支线无人机精细化巡线：机巡线路巡视（精细化、红外）：110kV从明森线#87-#89、#71-#73，110kV森温线宝珠乙支线#14-#16、#30-32 110kV森温线、110kV森桃线无人机精细化巡线：机巡线路巡视（精细化、红外）：110kV森温线#12-#30、110kV森桃线#12-#30塔段 110kV森桃线、110kV森温线、110kV森良乙线、110kV森吕线、110kV森良甲线、110kV流森线导线连接位置红外测温：110kV森桃线#05-#06、110kV森温线#05-#06、110kV森良乙线#05-#06、#08-#09、110kV森吕线#05-#06、#08-#09、110kV森良甲线#05-#06、#08-#09、 110kV流森线#18-#19、#15-#16、重要交叉跨越红外测温（2024年8月） 110kV街灌线、110kV森养甲线云星甲支线、110kV森温线、110kV森养乙线、110kV森养甲线、110kV森温线宝珠乙支线导线连接位置红外测温：110kV街灌线#01-#02、110kV森养甲线云星甲支线#10-#11、#13-#14、110kV森温线#41-#42、#51-#52、110kV森养乙线#26-#27、110kV森养甲线#26-#27、110kV森温线宝珠乙支线#07-#08重要交叉跨越红外测温（2024年8月） 110kV森养甲线、110kV森养乙线、110kV从明森线、110kV森温线宝珠乙支线导线连接位置红外测温：110kV森养甲线#4-#5、#13-#14、110kV森养乙线#4-#5、#11-#12、110kV从明森线#92-#93、#107-#108、#114-#115、110kV森温线宝珠乙支线#10-#11重要交叉跨越红外测温（2024年8月） | AD17: #10-#11 #114-#115 #107-#108 #92-#93 #11-#12 #13-#14 #07-#08 #26-#27 #26-#27 #51-#52 #41-#42 #13-#14 #10-#11 #01-#02 #15-#16 #18-#19 #08-#09 #05-#06 #08-#09 #05-#06 #08-#09 #05-#06 #05-#06 #05-#06 #12-#30 #12-#30 #14-#16 #71-#73 #87-#89 #33-#37 #66-#70 #38-#47 #56-#65 #01-#10 #01-#10 #13-#23 #01-#10 #01-#13 #01-#12 | AF17: 已完成 | AG17: 1月份已完成
A18: 1708 | B18: 预试 | C18: 考核 | D18: 110kV | E18: 一般 | F18: 森温线宝珠乙支线 | G18: 运维策略 | H18: 全线 | I18: 0 | J18: 0 | K18: 87 | L18: 45566 | M18: 45596 | N18: 否 | O18: 输电管理二所 | P18: 董少波 | Q18: 朱国坚 | R18: 从化中心 | S18: =SUM(I18:K18) -> 87 | T18: 2024-01-11 09:00:00 2024-02-02 09:00:00 2024-02-01 09:00:00 2024-03-25 09:22:00 2024-03-22 10:18:10 2024-03-22 10:37:09 2024-03-29 09:17:00 2024-03-04 08:54:00 2024-03-05 09:00:00 2024-04-12 10:09:49 2024-04-12 10:09:49 2024-04-12 09:00:00 2024-04-12 09:00:00 2024-03-22 10:18:10 2024-05-30 09:23:00 2024-05-07 09:15:00 2024-06-28 09:17:00 2024-06-28 09:19:00 2024-06-24 09:05:00 2024-06-26 14:00:00 2024-07-30 09:00:00 2024-07-09 09:00:00 2024-08-07 10:01:52 2024-08-08 09:53:40 2024-08-07 10:03:12 2024-08-01 08:37:00 2024-08-02 09:09:00 2024-07-30 09:00:00 2024-07-09 09:00:00 2024-07-30 09:00:00 2024-07-09 09:00:00 2024-08-07 10:01:52 2024-08-08 09:53:40 2024-08-07 10:03:12 2024-08-01 08:37:00 2024-08-02 09:09:00 | U18: 45302.542 | AA18: SCWH0301231225080130 SCWH0301240105015320 SCWH0301240105015323 SCWH0301240222290937 SCWH0301240326004931 SCWH0301240326004932 SCWH0301240108012933 SCWH0301240108012929 SCWH0301240108012926 SCWH0301240412000663 SCWH0301240412000602 SCWH0301240108001061 SCWH0301240108001059 SCWH0301240408005493 SCWH0301240509004738 SCWH0301240507000472 SCWH0301240521015255 SCWH0301240109002331 SCWH0301240105010376 SCWH0301240105010130 SCWH0301240108012287 SCWH0301240108012297 SCWH0301240808003404 SCWH0301240808003168 SCWH0301240807003137 SCWH0301240108012582 SCWH0301240108012577 SCWH0301240108012287 SCWH0301240108012297 SCWH0301240108012287 SCWH0301240108012297 SCWH0301240808003404 SCWH0301240808003168 SCWH0301240807003137 SCWH0301240108012582 SCWH0301240108012577 | AB18: 森温线宝珠乙支线 | AC18: 110kV森桃线、110kV森温线、110kV森良乙线、110kV森吕线、110kV森良甲线、110kV流森线、110kV森温线宝珠乙支线导线连接位置：重要交叉跨越红外测温：110kV森桃线#05-#06、110kV森温线#05-#06、110kV森良乙线#05-#06、#08-#09、110kV森吕线#05-#06、#08-#09、110kV森良甲线#05-#06、#08-#09、110kV流森线#18-#19、#16-#15、110kV森温线宝珠乙支线#10-#11塔段测温(2024年1月) 110kV森桃线、110kV森温线、110kV森良乙线、110kV森吕线、110kV森良甲线、110kV流森线、110kV森温线宝珠乙支线导线连接位置红外测温：110kV森桃线#05-#06、110kV森温线#05-#06、110kV森良乙线#05-#06、#08-#09、110kV森吕线#05-#06、#08-#09、110kV森良甲线#05-#06、#08-#09、110kV流森线#18-#19、#16-#15、110kV森温线宝珠乙支线#10-#11重要交叉跨越红外测温（2024年2月） 110kV街灌线、110kV森养甲线云星支线、110kV森温线、110kV森养乙线、110kV森养甲线、110kV森温线宝珠乙支线导线连接位置红外测温：110kV街灌线#01-#02、110kV森养甲线云星支线#10-#11、#13-#14、110kV森温线#41-#42、#51-#52、110kV森养乙线#26-#27、110kV森养甲线#26-#27、110kV森温线宝珠乙支线#07-#08塔段重要交叉跨越红外测温（2024年2月） 500kV蓄北线、110kV森温线、110kV森温线宝珠乙支线导线连接位置红外测温：500kV蓄北线#77塔段、#174-#175塔段；110kV森温线#50-#51塔段；110kV森温线宝珠乙支线#44-#45塔段半张力预绞丝周期化定检测温作业（2024年3月） 110kV森养乙、110kV森温线宝珠乙支线、110kV从明森线宝珠甲支线无人机精细化巡线：机巡线路巡视（1-3月测温）：110kV森养乙线#01-#25、110kV森温线宝珠乙支线#09-#13、#48-#69、110kV从明森线宝珠甲支线#00-#02 110kV森养乙线、110kV森温线宝珠乙支线、110kV从明森线宝珠甲支线无人机精细化巡线：机巡线路巡视（1-3月精细化）：110kV森养乙线#01-#25、110kV森温线宝珠乙支线#09-#13、#48-#69、110kV从明森线宝珠甲支线#00-#02 110kV森养甲线、110kV森养乙线、110kV从明森线、110kV森温线宝珠乙支线导线连接位置红外测温：110kV森养甲线#4-#5、#13-#14、110kV森养乙线#4-#5、#11-#12、110kV从明森线#92-#93、#107-#108、#114-#115、110kV森温线宝珠乙支线#10-#11重要交叉跨越红外测温（2024年3月） 110kV街灌线、110kV森养甲线云星甲支线、110kV森温线、110kV森温线宝珠乙支线、110kV森良乙线、110kV森养甲线、110kV森养乙线导线连接位置红外测温：110kV街灌线#1-#2、110kV森温线#41-#42、#51-#52、110kV森温线宝珠乙支线#7-#8、110kV森养甲线云星甲支线#10-#11、#13-#14、110kV森养甲线#26-#27、110kV森养乙线#26-#27重要交叉跨越红外测温（2024年3月） 110kV流吕线、110kV流森线、110kV森良甲线、110kV森吕线、110kV森桃线、110kV森温线、110kV森良乙线、110kV森温线宝珠乙支线导线连接位置红外测温：110kV流吕线#6-#7、110kV流森线#18-#19、110kV森良甲线#5-#6、110kV森吕线#5-#6、110kV森桃线#5-#6、110kV森温线#5-#6、110kV森良乙线#5-#6、#8-#9、110kV森温线宝珠乙支线#10-#11重要交叉跨越红外测温（2024年3月） 110kV从明森线、110kV森温线宝珠乙支线无人机精细化巡线：机巡线路巡视（精细化）：110kV从明森线 #74-#86，110kV森温线宝珠乙支线#17-#29 110kV从明森线、110kV森温线宝珠乙支线无人机精细化巡线：机巡线路巡视（测温）：110kV从明森线 #74-#86，110kV森温线宝珠乙支线#17-#29 110kV森养甲线、110kV森养乙线、110kV从明森线、110kV森温线宝珠乙支线导线连接位置红外测温：110kV森养甲线#4-#5、#13-#14、110kV森养乙线#4-#5、#11-#12、110kV从明森线#92-#93、#107-#108、#114-#115、110kV森温线宝珠乙支线#10-#11重要交叉跨越红外测温（2024年4月） 110kV街灌线、110kV森养甲线云星支线、110kV森温线、110kV森养乙线、110kV森养甲线、110kV森温线宝珠乙支线导线连接位置红外测温：110kV街灌线#1-#2、110kV森养甲线云星支线#10-#11、#13-#14、110kV森温线#41-#42、#51-#52、110kV森养乙线#26-#27、110kV森养甲线#26-#27、110kV森温线宝珠乙支线#07-#08重要交叉跨越红外测温（2024年4月） 110kV森养乙线、110kV森温线宝珠乙支线、110kV从明森线宝珠甲支线无人机精细化巡线：机巡线路巡视（精细化）：110kV森养乙线#25、110kV森温线宝珠乙支线#67-#69、110kV从明森线宝珠甲支线#00-#02 110kV森温线宝珠乙支线、110kV森养甲线导线连接位置红外测温：110kV森温线宝珠乙支线#10-#11、110kV森养甲线#26-#27重要交叉跨越红外测温（2024年5月） 110kV森养甲线云星支线、110kV森温线、110kV森养乙线、110kV森养甲线、110kV森温线宝珠乙支线导线连接位置红外测温：森养甲线云星支线#10-#11、#13-#14、森温线#41-#42、#51-#52、森养乙线#26-#27、森养甲线#26-#27、森温线宝珠乙支线#07-#08重要交叉跨越红外测温（2024年5月） 500kV蓄北线、110kV森温线、110kV森温线宝珠乙支线导线连接位置红外测温：500kV蓄北线#77塔段、#174-#175塔段；110kV森温线#50-#51塔段；110kV森温线宝珠乙支线#44-#45塔段半张力预绞丝周期化定检测温作业（2024年6月） 110kV森温线宝珠乙支线无人机巡视、测量作业：机巡线路巡视（4-6月点云测量）：（Ⅲ级）110kV森温线宝珠乙支线#00-#69；（外委实施） 110kV森养甲线、110kV森养乙线、110kV从明森线、110kV森温线宝珠乙支线导线连接位置红外测温：110kV森养甲线#04-#05、#13-#14、110kV森养乙线#04-#05、#11-#12、110kV从明森线#92-#93、#107-#108、#114-#115、110kV森温线宝珠乙支线#10-#11重要交叉跨越红外测温（2024年6月） 110kV街灌线、110kV森养甲线云甲支线、110kV森温线、110kV森温线宝珠乙支线、110kV森养乙线、110kV森养甲线导线连接位置红外测温：110kV街灌线#1-#2、110kV森养甲线云甲支线#10-#11、#13-#14、110kV森温线#41-#42、#51-#52、110kV森温线宝珠乙支线#07-#08、110kV森养乙线#26-#27、110kV森养甲线#26-#27重要交叉跨越红外测温（2024年6月） 110kV街灌线、110kV森吕线、110kV森温线、110kV森温线宝珠乙支线、110kV森良乙线导线连接位置红外测温：110kV街灌线#1-#2、110kV森温线#41-#42、#51-#52、110kV森温线宝珠乙支线#10-#11、森良乙线#08-#09、森吕线#08-#09重要交叉跨越红外测温（2024年7月） 110kV流吕线、110kV流森线、110kV森良甲线、110kV森吕线、110kV森桃线、110kV森温线、110kV森良乙线、110kV森养甲线、110kV森养乙线、110kV森温线宝珠乙支线导线连接位置红外测温：110kV流吕线#6-#7、110kV流森线#18-#19、110kV森良甲线#5-#6、110kV森吕线#5-#6、110kV森桃线#5-#6、110kV森温线#5-#6、110kV森良乙线#5-#6、110kV森养甲线#26-#27、110kV森养乙线#26-#27、110kV森温线宝珠乙支线#7-#8重要交叉跨越红外测温（2024年7月） 110kV从明森线、110kV森温线宝珠乙支线无人机精细化巡线：机巡线路巡视（精细化、红外）：110kV从明森线#56-#65，110kV森温线宝珠乙支线#38-#47 110kV从明森线、110kV森温线宝珠乙支线无人机精细化巡线：机巡线路巡视（精细化、红外）：110kV从明森线#66-#70，110kV森温线宝珠乙支线#33-#37 110kV从明森线、110kV森温线宝珠乙支线无人机精细化巡线：机巡线路巡视（精细化、红外）：110kV从明森线#87-#89、#71-#73，110kV森温线宝珠乙支线#14-#16、#30-32 110kV街灌线、110kV森养甲线云星甲支线、110kV森温线、110kV森养乙线、110kV森养甲线、110kV森温线宝珠乙支线导线连接位置红外测温：110kV街灌线#01-#02、110kV森养甲线云星甲支线#10-#11、#13-#14、110kV森温线#41-#42、#51-#52、110kV森养乙线#26-#27、110kV森养甲线#26-#27、110kV森温线宝珠乙支线#07-#08重要交叉跨越红外测温（2024年8月） 110kV森养甲线、110kV森养乙线、110kV从明森线、110kV森温线宝珠乙支线导线连接位置红外测温：110kV森养甲线#4-#5、#13-#14、110kV森养乙线#4-#5、#11-#12、110kV从明森线#92-#93、#107-#108、#114-#115、110kV森温线宝珠乙支线#10-#11重要交叉跨越红外测温（2024年8月） 110kV街灌线、110kV森吕线、110kV森温线、110kV森温线宝珠乙支线、110kV森良乙线导线连接位置红外测温：110kV街灌线#1-#2、110kV森温线#41-#42、#51-#52、110kV森温线宝珠乙支线#10-#11、森良乙线#08-#09、森吕线#08-#09重要交叉跨越红外测温（2024年7月） 110kV流吕线、110kV流森线、110kV森良甲线、110kV森吕线、110kV森桃线、110kV森温线、110kV森良乙线、110kV森养甲线、110kV森养乙线、110kV森温线宝珠乙支线导线连接位置红外测温：110kV流吕线#6-#7、110kV流森线#18-#19、110kV森良甲线#5-#6、110kV森吕线#5-#6、110kV森桃线#5-#6、110kV森温线#5-#6、110kV森良乙线#5-#6、110kV森养甲线#26-#27、110kV森养乙线#26-#27、110kV森温线宝珠乙支线#7-#8重要交叉跨越红外测温（2024年7月） 110kV街灌线、110kV森吕线、110kV森温线、110kV森温线宝珠乙支线、110kV森良乙线导线连接位置红外测温：110kV街灌线#1-#2、110kV森温线#41-#42、#51-#52、110kV森温线宝珠乙支线#10-#11、森良乙线#08-#09、森吕线#08-#09重要交叉跨越红外测温（2024年7月） 110kV流吕线、110kV流森线、110kV森良甲线、110kV森吕线、110kV森桃线、110kV森温线、110kV森良乙线、110kV森养甲线、110kV森养乙线、110kV森温线宝珠乙支线导线连接位置红外测温：110kV流吕线#6-#7、110kV流森线#18-#19、110kV森良甲线#5-#6、110kV森吕线#5-#6、110kV森桃线#5-#6、110kV森温线#5-#6、110kV森良乙线#5-#6、110kV森养甲线#26-#27、110kV森养乙线#26-#27、110kV森温线宝珠乙支线#7-#8重要交叉跨越红外测温（2024年7月） 110kV从明森线、110kV森温线宝珠乙支线无人机精细化巡线：机巡线路巡视（精细化、红外）：110kV从明森线#56-#65，110kV森温线宝珠乙支线#38-#47 110kV从明森线、110kV森温线宝珠乙支线无人机精细化巡线：机巡线路巡视（精细化、红外）：110kV从明森线#66-#70，110kV森温线宝珠乙支线#33-#37 110kV从明森线、110kV森温线宝珠乙支线无人机精细化巡线：机巡线路巡视（精细化、红外）：110kV从明森线#87-#89、#71-#73，110kV森温线宝珠乙支线#14-#16、#30-32 110kV街灌线、110kV森养甲线云星甲支线、110kV森温线、110kV森养乙线、110kV森养甲线、110kV森温线宝珠乙支线导线连接位置红外测温：110kV街灌线#01-#02、110kV森养甲线云星甲支线#10-#11、#13-#14、110kV森温线#41-#42、#51-#52、110kV森养乙线#26-#27、110kV森养甲线#26-#27、110kV森温线宝珠乙支线#07-#08重要交叉跨越红外测温（2024年8月） 110kV森养甲线、110kV森养乙线、110kV从明森线、110kV森温线宝珠乙支线导线连接位置红外测温：110kV森养甲线#4-#5、#13-#14、110kV森养乙线#4-#5、#11-#12、110kV从明森线#92-#93、#107-#108、#114-#115、110kV森温线宝珠乙支线#10-#11重要交叉跨越红外测温（2024年8月） | AD18: #10-#11 #114-#115 #107-#108 #92-#93 #11-#12 #13-#14 #07-#08 #26-#27 #26-#27 #51-#52 #41-#42 #13-#14 #10-#11 #01-#02 #14-#16 #71-#73 #87-#89 #33-#37 #66-#70 #38-#47 #56-#65 | AF18: 已完成 | AG18: 1月份已完成
A19: 1722 | B19: 预试 | C19: 考核 | D19: 110kV | E19: 一般 | F19: 森桃线 | G19: 运维策略 | H19: 全线 | I19: 10 | J19: 45 | K19: 59 | L19: 45444 | M19: 45473 | N19: 否 | O19: 输电管理二所 | P19: 董少波 | Q19: 吴日冲 | R19: 从化中心 | S19: =SUM(I19:K19) -> 114 | T19: 2024-01-11 09:00:00 2024-02-10 08:00:00 2024-02-13 08:05:00 2024-02-12 08:00:00 2024-02-11 08:00:00 2024-02-09 08:00:00 2024-02-02 09:00:00 2024-03-05 09:00:00 2024-04-10 09:31:00 2024-05-17 11:40:15 2024-05-17 11:40:15 2024-05-28 10:10:16 2024-05-17 09:55:38 2024-05-17 09:55:38 2024-06-28 09:06:00 2024-06-27 11:10:10 2024-06-27 11:10:10 2024-06-24 09:05:00 2024-06-24 09:09:00 2024-07-04 09:58:42 2024-07-04 08:31:00 2024-07-09 09:00:00 2024-08-06 09:12:00 2024-08-06 09:44:39 2024-08-02 08:42:00 2024-07-04 09:58:42 2024-07-04 08:31:00 2024-07-09 09:00:00 2024-07-04 09:58:42 2024-07-04 08:31:00 2024-07-09 09:00:00 2024-08-06 09:12:00 2024-08-06 09:44:39 2024-08-02 08:42:00 | U19: 45302.542 | AA19: SCWH0301231225080130 SCWH0301240124025532 SCWH0301240124025535 SCWH0301240124025534 SCWH0301240124025533 SCWH0301240124025531 SCWH0301240105015320 SCWH0301240108012926 SCWH0301240108001060 SCWH0301240507009363 SCWH0301240507009375 SCWH0301240108012189 SCWH0301240517008046 SCWH0301240517008125 SCWH0301240109002450 SCWH0301240109001996 SCWH0301240109002393 SCWH0301240109009390 SCWH0301240105010216 SCWH0301240704005583 SCWH0301240704008668 SCWH0301240108012297 SCWH0301240730005874 SCWH0301240808001737 SCWH0301240108012581 SCWH0301240704005583 SCWH0301240704008668 SCWH0301240108012297 SCWH0301240704005583 SCWH0301240704008668 SCWH0301240108012297 SCWH0301240730005874 SCWH0301240808001737 SCWH0301240108012581 | AB19: 森桃线 | AC19: 110kV森桃线、110kV森温线、110kV森良乙线、110kV森吕线、110kV森良甲线、110kV流森线、110kV森温线宝珠乙支线导线连接位置：重要交叉跨越红外测温：110kV森桃线#05-#06、110kV森温线#05-#06、110kV森良乙线#05-#06、#08-#09、110kV森吕线#05-#06、#08-#09、110kV森良甲线#05-#06、#08-#09、110kV流森线#18-#19、#16-#15、110kV森温线宝珠乙支线#10-#11塔段测温(2024年1月) 生产指挥中心大厅特殊监盘：星级设备特巡：110kV凯坪棠线[★★]、110kV芳联福线[★★]、凯陈夏隆线[★★]、110kV森桃线[★★]、110kV凯鹤泰集线[★★★]（视频特巡至少4小时/次）；110kV环三乙线[★★★★]（视频特巡至少2小时/次）； 保供电线路特巡：2024年春运保供电（二级）（1.26-3.5）、2024年春节保供电（二级）（2.10-2.17）、2024年春节烟花汇演和无人机表演保供电（2.10、2.12-2.13）（一级）设备视频特巡；省市团拜会和市高质量发展大会保供电（二级）（2.6-2.7,2.19）准备阶段设备视频特巡。 电网风险特巡：广东电网有限责任公司2024第002号-Ⅳ-02IV级电网风险设备视频特巡；无电网风险生效前设备视频特巡。。 生产指挥中心大厅特殊监盘：星级设备特巡：110kV凯坪棠线[★★]、110kV芳联福线[★★]、凯陈夏隆线[★★]、110kV森桃线[★★]、110kV凯鹤泰集线[★★★]（视频特巡至少4小时/次）；110kV环三乙线[★★★★]（视频特巡至少2小时/次）； 保供电线路特巡：2024年春运保供电（二级）（1.26-3.5）、2024年春节保供电（二级）（2.10-2.17）、2024年春节烟花汇演和无人机表演保供电（一级）（2.10、2.12-2.13）设备视频特巡；省市团拜会和市高质量发展大会保供电（二级）（2.6-2.7,2.19）准备阶段设备视频特巡。 电网风险特巡：广东电网有限责任公司2024第002号-Ⅳ-02IV级电网风险设备视频特巡；无电网风险生效前设备视频特巡。 生产指挥中心大厅特殊监盘：星级设备特巡：110kV凯坪棠线[★★]、110kV芳联福线[★★]、凯陈夏隆线[★★]、110kV森桃线[★★]、110kV凯鹤泰集线[★★★]（视频特巡至少4小时/次）；110kV环三乙线[★★★★]（视频特巡至少2小时/次）； 保供电线路特巡：2024年春运保供电（二级）（1.26-3.5）、2024年春节保供电（二级）（2.10-2.17）、2024年春节烟花汇演和无人机表演保供电（一级）（2.10、2.12-2.13）设备视频特巡；省市团拜会和市高质量发展大会保供电（二级）（2.6-2.7,2.19）准备阶段设备视频特巡。 电网风险特巡：广东电网有限责任公司2024第002号-Ⅳ-02IV级电网风险设备视频特巡；无电网风险生效前设备视频特巡。 生产指挥中心大厅特殊监盘：星级设备特巡：110kV凯坪棠线[★★]、110kV芳联福线[★★]、凯陈夏隆线[★★]、110kV森桃线[★★]、110kV凯鹤泰集线[★★★]（视频特巡至少4小时/次）；110kV环三乙线[★★★★]（视频特巡至少2小时/次）； 保供电线路特巡：2024年春运保供电（二级）（1.26-3.5）、2024年春节保供电（二级）（2.10-2.17）设备视频特巡、省市团拜会和市高质量发展大会保供电（二级）（2.6-2.7,2.19）、2024年春节烟花汇演和无人机表演保供电（一级）（2.10、2.12-2.13）准备阶段设备视频特巡。 电网风险特巡：广东电网有限责任公司2024第002号-Ⅳ-02IV级电网风险设备视频特巡；无电网风险生效前设备视频特巡。 生产指挥中心大厅特殊监盘：星级设备特巡：110kV凯坪棠线[★★]、110kV芳联福线[★★]、凯陈夏隆线[★★]、110kV森桃线[★★]、110kV凯鹤泰集线[★★★]（视频特巡至少4小时/次）；110kV环三乙线[★★★★]（视频特巡至少2小时/次）； 保供电线路特巡：2024年春运保供电（二级）（1.26-3.5）、2024年迎春花市保供电（二级）（2.4-2.9）、省市团拜会和市高质量发展大会保供电（二级）（2.6-2.7,2.19）设备视频特巡；2024年春节保供电（二级）（2.10-2.17）、2024年春节烟花汇演和无人机表演保供电（一级）（2.10、2.12-2.13）准备阶段视频特巡。 电网风险特巡：无电网风险设备视频特巡；广东电网有限责任公司2024第002号-Ⅳ-02IV级电网风险生效前设备视频特巡。 110kV森桃线、110kV森温线、110kV森良乙线、110kV森吕线、110kV森良甲线、110kV流森线、110kV森温线宝珠乙支线导线连接位置红外测温：110kV森桃线#05-#06、110kV森温线#05-#06、110kV森良乙线#05-#06、#08-#09、110kV森吕线#05-#06、#08-#09、110kV森良甲线#05-#06、#08-#09、110kV流森线#18-#19、#16-#15、110kV森温线宝珠乙支线#10-#11重要交叉跨越红外测温（2024年2月） 110kV流吕线、110kV流森线、110kV森良甲线、110kV森吕线、110kV森桃线、110kV森温线、110kV森良乙线、110kV森温线宝珠乙支线导线连接位置红外测温：110kV流吕线#6-#7、110kV流森线#18-#19、110kV森良甲线#5-#6、110kV森吕线#5-#6、110kV森桃线#5-#6、110kV森温线#5-#6、110kV森良乙线#5-#6、#8-#9、110kV森温线宝珠乙支线#10-#11重要交叉跨越红外测温（2024年3月） 110kV森桃线、110kV森温线、110kV森良乙线、110kV森吕线、110kV森良甲线、110kV流森线导线连接位置红外测温：110kV森桃线#5-#6、110kV森温线#5-#6、110kV森良乙线#5-#6、#08-#09、110kV森吕线#05-#06、#08-#09、110kV森良甲线#05-#06、#08-#09、#09-#10、110kV流森线#18-#19、#15-#16、#14-#15重要交叉跨越红外测温（2024年4月） 110kV森养甲线桃莲甲支线、110kV森温线、110kV森桃线无人机精细化巡线：机巡线路巡视（可见光）：110kV森养甲线桃莲甲支线#16-#25、110kV森温线、110kV森桃线#10-#11 110kV森养甲线桃莲甲支线、110kV森温线、110kV森桃线无人机精细化巡线：机巡线路巡视（测温）：110kV森养甲线桃莲甲支线#16-#25、110kV森温线、110kV森桃线#10-#11 110kV森桃线、110kV森温线、110kV森良乙线、110kV森吕线、110kV森良甲线、110kV 流森线导线连接位置红外测温：森桃线#05-#06、森温线#05-#06、森良乙线#05-#06、#08-#09、森吕线#05-#06、#08-#09 森良甲线#05-#06、#08-#09、#09-#10、 流森线#18-#19、#15-#16、#14-#15重要交叉跨越红外测温（2024年5月） 110kV森温线、110kV森桃线、35kV良吕线无人机精细化巡线：机巡线路巡视（可见光）：110kV森温线、110kV森桃线#10-11，35kV良吕线#41-#58 110kV森温线、110kV森桃线、35kV良吕线无人机精细化巡线：机巡线路巡视（测温）：110kV森温线、110kV森桃线#10-11，35kV良吕线#41-#58 110kV森桃线无人机巡视、测量作业：机巡线路巡视（4-6月点云测量）：（Ⅳ级）110kV森桃线#01-#47；（外委实施） 110kV森养甲线桃莲甲支线无人机精细化巡线：机巡线路巡视（1-6月精细化测温）：（Ⅳ级）110kV森温线#31-#36；110kV森桃线#31-#34；110kV森养甲线桃莲甲支线#3-#12 110kV森养甲线桃莲甲支线;110kV森温线;110kV森桃线无人机精细化巡线：机巡线路巡视（1-6月精细化）：（Ⅳ级）110kV森温线#31-#36；110kV森桃线#31-#34；110kV森养甲线桃莲甲支线#3-#12 110kV森桃线导线连接位置红外测温：合成绝缘子（避雷器）红外测温：接续管红外测温：110kV森桃线#01-#47塔段（2024年） 110kV森桃线、110kV森温线、110kV森良乙线、110kV森吕线、110kV森良甲线、 110kV流森线导线连接位置红外测温：森桃线#05-#06、森温线#05-#06、森良乙线#05-#06、#08-#09、森吕线#05-#06、#08-#09 森良甲线#05-#06、#08-#09、#09-#10 流森线#18-#19、#15-#16、#14-#15重要交叉跨越红外测温（2024年6月） 110kV森桃线无人机精细化巡线：机巡线路巡视：110kV森桃线#37-#47塔段 110kV森桃线、110kV森养甲线桃莲甲支线无人机精细化巡线：机巡线路巡视：110kV森桃线#35-#36、110kV森养甲线桃莲甲支线#13-#15塔段 110kV流吕线、110kV流森线、110kV森良甲线、110kV森吕线、110kV森桃线、110kV森温线、110kV森良乙线、110kV森养甲线、110kV森养乙线、110kV森温线宝珠乙支线导线连接位置红外测温：110kV流吕线#6-#7、110kV流森线#18-#19、110kV森良甲线#5-#6、110kV森吕线#5-#6、110kV森桃线#5-#6、110kV森温线#5-#6、110kV森良乙线#5-#6、110kV森养甲线#26-#27、110kV森养乙线#26-#27、110kV森温线宝珠乙支线#7-#8重要交叉跨越红外测温（2024年7月） 110kV森吕线;110kV森温线;110kV流森线;110kV森桃线;110kV森良甲线;110kV森良乙线无人机精细化巡线：机巡线路巡视（精细化、红外）：110kV森良甲线#01-#12、110kV森良乙线#01-#13、110kV森吕线#01-#10、110kV流森线#13-#23、110kV森温线#01-#10、10kV森桃线#01-#10 110kV森温线、110kV森桃线无人机精细化巡线：机巡线路巡视（精细化、红外）：110kV森温线#12-#30、110kV森桃线#12-#30塔段 110kV森桃线、110kV森温线、110kV森良乙线、110kV森吕线、110kV森良甲线、110kV流森线导线连接位置红外测温：110kV森桃线#05-#06、110kV森温线#05-#06、110kV森良乙线#05-#06、#08-#09、110kV森吕线#05-#06、#08-#09、110kV森良甲线#05-#06、#08-#09、 110kV流森线#18-#19、#15-#16、重要交叉跨越红外测温（2024年8月） 110kV森桃线无人机精细化巡线：机巡线路巡视：110kV森桃线#37-#47塔段 110kV森桃线、110kV森养甲线桃莲甲支线无人机精细化巡线：机巡线路巡视：110kV森桃线#35-#36、110kV森养甲线桃莲甲支线#13-#15塔段 110kV流吕线、110kV流森线、110kV森良甲线、110kV森吕线、110kV森桃线、110kV森温线、110kV森良乙线、110kV森养甲线、110kV森养乙线、110kV森温线宝珠乙支线导线连接位置红外测温：110kV流吕线#6-#7、110kV流森线#18-#19、110kV森良甲线#5-#6、110kV森吕线#5-#6、110kV森桃线#5-#6、110kV森温线#5-#6、110kV森良乙线#5-#6、110kV森养甲线#26-#27、110kV森养乙线#26-#27、110kV森温线宝珠乙支线#7-#8重要交叉跨越红外测温（2024年7月） 110kV森桃线无人机精细化巡线：机巡线路巡视：110kV森桃线#37-#47塔段 110kV森桃线、110kV森养甲线桃莲甲支线无人机精细化巡线：机巡线路巡视：110kV森桃线#35-#36、110kV森养甲线桃莲甲支线#13-#15塔段 110kV流吕线、110kV流森线、110kV森良甲线、110kV森吕线、110kV森桃线、110kV森温线、110kV森良乙线、110kV森养甲线、110kV森养乙线、110kV森温线宝珠乙支线导线连接位置红外测温：110kV流吕线#6-#7、110kV流森线#18-#19、110kV森良甲线#5-#6、110kV森吕线#5-#6、110kV森桃线#5-#6、110kV森温线#5-#6、110kV森良乙线#5-#6、110kV森养甲线#26-#27、110kV森养乙线#26-#27、110kV森温线宝珠乙支线#7-#8重要交叉跨越红外测温（2024年7月） 110kV森吕线;110kV森温线;110kV流森线;110kV森桃线;110kV森良甲线;110kV森良乙线无人机精细化巡线：机巡线路巡视（精细化、红外）：110kV森良甲线#01-#12、110kV森良乙线#01-#13、110kV森吕线#01-#10、110kV流森线#13-#23、110kV森温线#01-#10、10kV森桃线#01-#10 110kV森温线、110kV森桃线无人机精细化巡线：机巡线路巡视（精细化、红外）：110kV森温线#12-#30、110kV森桃线#12-#30塔段 110kV森桃线、110kV森温线、110kV森良乙线、110kV森吕线、110kV森良甲线、110kV流森线导线连接位置红外测温：110kV森桃线#05-#06、110kV森温线#05-#06、110kV森良乙线#05-#06、#08-#09、110kV森吕线#05-#06、#08-#09、110kV森良甲线#05-#06、#08-#09、 110kV流森线#18-#19、#15-#16、重要交叉跨越红外测温（2024年8月） | AD19: #15-#16 #18-#19 #08-#09 #05-#06 #08-#09 #05-#06 #08-#09 #05-#06 #05-#06 #05-#06 #12-#30 #12-#30 #01-#10 #01-#10 #13-#23 #01-#10 #01-#13 #01-#12 | AF19: 已完成 | AG19: 1月份已完成
... A57: 2215 | B57: 预试 | C57: 考核 | D57: 220kV | E57: 一般 | F57: 汤森乙线 | G57: 运维策略 | H57: 全线 | I57: 49 | J57: 250 | K57: 78 | L57: 45597 | M57: 45626 | N57: 否 | O57: 输电管理二所 | P57: 董少波 | Q57: 黎仲宏 | R57: 从化中心 | S57: =SUM(I57:K57) -> 377 | T57: 2024-01-17 08:57:00 2024-01-10 08:54:00 2024-02-07 08:49:00 2024-03-15 09:15:00 2024-04-16 09:02:00 2024-04-12 08:56:00 2024-05-20 09:14:00 2024-06-28 08:54:00 2024-06-20 08:50:00 2024-06-12 09:44:37 2024-06-13 09:59:28 2024-06-04 09:48:00 2024-07-18 09:06:00 2024-07-11 09:22:00 2024-08-08 08:55:00 2024-08-01 08:34:00 2024-08-01 08:45:00 2024-07-18 09:06:00 2024-07-11 09:22:00 2024-07-18 09:06:00 2024-07-11 09:22:00 2024-08-08 08:55:00 2024-08-01 08:34:00 2024-08-01 08:45:00 | U57: 45308.497 | AA57: SCWH0301231225055862 SCWH0301231225055861 SCWH0301240103012777 SCWH0301240103014404 SCWH0301240103014682 SCWH0301240103014687 SCWH0301240103014470 SCWH0301240104022414 SCWH0301240103014517 SCWH0301240108004324 SCWH0301240108006605 SCWH0301240108003433 SCWH0301240103014731 SCWH0301240103014730 SCWH0301240103014560 SCWH0301240105006628 SCWH0301240105001413 SCWH0301240103014731 SCWH0301240103014730 SCWH0301240103014731 SCWH0301240103014730 SCWH0301240103014560 SCWH0301240105006628 SCWH0301240105001413 | AB57: 汤森乙线 | AC57: 220kV森从甲线;220kV森从乙线;220kV汤森甲线导线连接位置红外测温：220kV森从乙线#54-#55、#75-#76；220kV森从甲线#50-#51；220kV汤森甲线#39、#44-#45、#57-#58重要交叉跨越红外测温（含跨越110kV线路）（2024年1月） 220kV森从甲线;110kV温城线;220kV森从乙线;220kV汤森乙线;220kV汤森甲线导线连接位置红外测温：220kV森从甲线#01-#02、#03-#04、#10-#11；220kV森从乙线#01-#02、#03-#04、#10-#11、220kV汤森甲线#102-#103、#110-#111；220kV汤森乙线#100-#101、#108-#109；110kV温城线#02-#03重要交叉跨越红外测温（含跨越110kV线路）（2024年1月） 220kV森从甲线;110kV温城线;220kV森从乙线;220kV汤森乙线;220kV汤森甲线导线连接位置红外测温：220kV森从甲线#03-#04、#10-#11；220kV森从乙线#03-#04、#10-#11、220kV汤森甲线#102-#103、#110-#111；220kV汤森乙线#100-#101、#108-#109；110kV温城线#02-#03重要交叉跨越红外测温（2024年2月） 220kV森从甲线;110kV温城线;220kV森从乙线;220kV汤森乙线;220kV汤森甲线导线连接位置红外测温：220kV森从甲线#03-#04、#10-#11；220kV森从乙线#03-#04、#10-#11、220kV汤森甲线#102-#103、#110-#111；220kV汤森乙线#100-#101、#108-#109；110kV温城线#02-#03重要交叉跨越红外测温（2024年3月） 220kV森从甲线;220kV森从乙线;220kV汤森甲线导线连接位置红外测温：220kV森从乙线#54-#55、#75-#76；220kV森从甲线#50-#51；220kV汤森甲线#39、#44-#45、#57-#58重要交叉跨越红外测温（含跨越110kV线路）（2024年4月） 220kV森从甲线;110kV温城线;220kV森从乙线;220kV汤森乙线;220kV汤森甲线导线连接位置红外测温：220kV森从甲线#01-#02、#03-#04、#10-#11；220kV森从乙线#01-#02、#03-#04、#10-#11、220kV汤森甲线#102-#103、#110-#111；220kV汤森乙线#100-#101、#108-#109；110kV温城线#02-#03重要交叉跨越红外测温（含跨越110kV线路）（2024年4月） 220kV森从甲线;110kV温城线;220kV森从乙线;220kV汤森乙线;220kV汤森甲线导线连接位置红外测温：220kV森从甲线#03-#04、#10-#11；220kV森从乙线#03-#04、#10-#11、220kV汤森甲线#102-#103、#110-#111；220kV汤森乙线#100-#101、#108-#109；110kV温城线#02-#03重要交叉跨越红外测温（2024年5月） 110kV从兔线;110kV从明甲线;110kV聚兔线;110kV绿兔甲线;110kV绿兔乙线;110kV绿太甲线;110kV绿太乙线;110kV绿水甲线;110kV绿水乙线;110kV绿岗乙线;110kV聚兔线龙星甲支线;110kV绿水乙线国际城乙支线;220kV汤森乙线;220kV汤森甲线无人机巡视、测量作业：机巡线路巡视（4-6月点云测量）：（Ⅳ级）110kV从明甲线#01-#46；110kV从兔线#01-#62；110kV聚兔线#01-#36；110kV聚兔线龙星甲支线#00-#19；110kV绿水甲线#01-#26；110kV绿水乙线#01-#27；110kV绿水乙线国际城乙支线#00-#19；110kV绿太甲线#01-#35；110kV绿太乙线#01-#35；110kV绿兔甲线#01-#56；110kV绿兔乙线#01-#56；220kV汤森甲线#39-#114；220kV汤森乙线#56-#112（外委作业） 220kV森从甲线;110kV温城线;220kV森从乙线;220kV汤森乙线;220kV汤森甲线导线连接位置红外测温：220kV森从甲线#03-#04、#10-#11；220kV森从乙线#03-#04、#10-#11、220kV汤森甲线#102-#103、#110-#111；220kV汤森乙线#100-#101、#108-#109；110kV温城线#02-#03重要交叉跨越红外测温（2024年6月） 220kV森从甲线;220kV汤森乙线;220kV汤森甲线无人机精细化巡线：机巡线路巡视（1-6月精细化）：（Ⅲ级）220kV森从甲线#11-#16、220kV汤森甲线#96-#102、220kV汤森乙线#94-#100 220kV森从甲线;220kV汤森乙线;220kV汤森甲线无人机精细化巡线：机巡线路巡视（1-6月精细化）：（Ⅲ级）220kV森从甲线#17-#24；220kV汤森甲线#88-#95；220kV汤森乙线#86-#93 220kV森从甲线;220kV森从乙线;220kV汤森乙线;220kV汤森甲线无人机精细化巡线：机巡线路巡视（1-6月精细化）：（Ⅳ级）220kV森从甲线#01-#10、220kV森从乙线#01-#10、220kV汤森甲线#103-#114、220kV汤森乙线#101-#103； 220kV森从甲线;110kV温城线;220kV森从乙线;220kV汤森乙线;220kV汤森甲线导线连接位置红外测温：220kV森从甲线#01-#02、#03-#04、#10-#11；220kV森从乙线#01-#02、#03-#04、#10-#11、220kV汤森甲线#102-#103、#110-#111；220kV汤森乙线#100-#101、#108-#109；110kV温城线#02-#03重要交叉跨越红外测温（含跨越110kV线路）（2024年7月） 220kV森从甲线;220kV森从乙线;220kV汤森甲线导线连接位置红外测温：220kV森从乙线#54-#55、#75-#76；220kV森从甲线#50-#51；220kV汤森甲线#39、#44-#45、#57-#58重要交叉跨越红外测温（含跨越110kV线路）（2024年7月） 220kV森从甲线;110kV温城线;220kV森从乙线;220kV汤森乙线;220kV汤森甲线导线连接位置红外测温：220kV森从甲线#03-#04、#10-#11；220kV森从乙线#03-#04、#10-#11、220kV汤森甲线#102-#103、#110-#111；220kV汤森乙线#100-#101、#108-#109；110kV温城线#02-#03重要交叉跨越红外测温（2024年8月） 220kV汤森乙线无人机精细化巡线：机巡线路巡视（1-6月精细化）：（Ⅲ级）220kV汤森乙线#56-#70 220kV汤森乙线无人机精细化巡线：机巡线路巡视（1-6月精细化）：（Ⅲ级）220kV汤森乙线#71-#85 220kV森从甲线;110kV温城线;220kV森从乙线;220kV汤森乙线;220kV汤森甲线导线连接位置红外测温：220kV森从甲线#01-#02、#03-#04、#10-#11；220kV森从乙线#01-#02、#03-#04、#10-#11、220kV汤森甲线#102-#103、#110-#111；220kV汤森乙线#100-#101、#108-#109；110kV温城线#02-#03重要交叉跨越红外测温（含跨越110kV线路）（2024年7月） 220kV森从甲线;220kV森从乙线;220kV汤森甲线导线连接位置红外测温：220kV森从乙线#54-#55、#75-#76；220kV森从甲线#50-#51；220kV汤森甲线#39、#44-#45、#57-#58重要交叉跨越红外测温（含跨越110kV线路）（2024年7月） 220kV森从甲线;110kV温城线;220kV森从乙线;220kV汤森乙线;220kV汤森甲线导线连接位置红外测温：220kV森从甲线#01-#02、#03-#04、#10-#11；220kV森从乙线#01-#02、#03-#04、#10-#11、220kV汤森甲线#102-#103、#110-#111；220kV汤森乙线#100-#101、#108-#109；110kV温城线#02-#03重要交叉跨越红外测温（含跨越110kV线路）（2024年7月） 220kV森从甲线;220kV森从乙线;220kV汤森甲线导线连接位置红外测温：220kV森从乙线#54-#55、#75-#76；220kV森从甲线#50-#51；220kV汤森甲线#39、#44-#45、#57-#58重要交叉跨越红外测温（含跨越110kV线路）（2024年7月） 220kV森从甲线;110kV温城线;220kV森从乙线;220kV汤森乙线;220kV汤森甲线导线连接位置红外测温：220kV森从甲线#03-#04、#10-#11；220kV森从乙线#03-#04、#10-#11、220kV汤森甲线#102-#103、#110-#111；220kV汤森乙线#100-#101、#108-#109；110kV温城线#02-#03重要交叉跨越红外测温（2024年8月） 220kV汤森乙线无人机精细化巡线：机巡线路巡视（1-6月精细化）：（Ⅲ级）220kV汤森乙线#56-#70 220kV汤森乙线无人机精细化巡线：机巡线路巡视（1-6月精细化）：（Ⅲ级）220kV汤森乙线#71-#85 | AD57: #71-#85 #56-#70 #02-#03 #108-#109 #100-#101 #110-#111 #102-#103 #10-#11 #03-#04 #10-#11 #03-#04 | AF57: 已完成 | AG57: 1月份已完成
A58: 2241 | B58: 预试 | C58: 考核 | D58: 220kV | E58: 一般 | F58: 花绿甲线 | G58: 运维策略 | H58: 全线 | I58: 46 | J58: 246 | K58: 54 | L58: 45444 | M58: 45473 | N58: 否 | O58: 输电管理二所 | P58: 叶翔 | Q58: 薛永伦 | R58: 花都中心 | S58: 100 | T58: 2024-02-19 08:45:00 2024-02-05 08:59:00 2024-02-04 08:59:00 2024-02-02 08:45:00 2024-02-01 08:30:00 2024-03-25 08:38:00 2024-03-08 08:40:00 2024-03-06 08:35:00 2024-03-05 08:40:00 2024-03-04 08:45:00 2024-04-23 09:34:00 2024-04-16 08:48:00 2024-04-10 08:37:00 2024-04-09 08:45:00 2024-04-08 08:47:00 2024-05-23 08:36:00 2024-05-13 08:26:00 2024-05-13 08:26:00 2024-05-07 08:31:00 2024-05-08 08:01:00 2024-06-24 10:11:00 2024-06-18 09:22:00 2024-06-18 09:22:00 2024-06-24 08:05:00 2024-06-28 08:06:00 2024-06-20 09:45:56 2024-06-11 09:32:06 2024-06-18 09:06:00 2024-06-14 09:03:00 2024-06-03 08:22:00 2024-07-30 08:45:00 2024-07-29 08:45:00 2024-07-29 08:45:00 2024-07-25 09:00:00 2024-07-08 09:00:00 2024-07-11 09:00:00 2024-07-03 15:59:10 2024-07-01 08:40:00 2024-08-26 08:30:00 2024-08-07 08:45:00 2024-08-06 08:45:00 2024-08-05 08:45:00 2024-08-02 08:56:13 2024-07-30 08:45:00 2024-07-29 08:45:00 2024-07-29 08:45:00 2024-07-25 09:00:00 2024-07-08 09:00:00 2024-07-11 09:00:00 2024-07-03 15:59:10 2024-07-01 08:40:00 2024-07-30 08:45:00 2024-07-29 08:45:00 2024-07-29 08:45:00 2024-07-25 09:00:00 2024-07-08 09:00:00 2024-07-11 09:00:00 2024-07-03 15:59:10 2024-07-01 08:40:00 2024-08-26 08:30:00 2024-08-07 08:45:00 2024-08-06 08:45:00 2024-08-05 08:45:00 2024-08-02 08:56:13 2024-07-30 08:45:00 | U58: 45341.461 | AA58: SCWH0301240110001587 SCWH0301240110000746 SCWH0301240110001545 SCWH0301240110000938 SCWH0301240110000512 SCWH0301240110003331 SCWH0301240110003330 SCWH0301240110003327 SCWH0301240110003326 SCWH0301240110003324 SCWH0301240110003532 SCWH0301240110003528 SCWH0301240110003527 SCWH0301240110003531 SCWH0301240110003437 SCWH0301240110003443 SCWH0301240110003438 SCWH0301240110003441 SCWH0301240110003526 SCWH0301240110003442 SCWH0301240108002973 SCWH0301240110003854 SCWH0301240604001803 SCWH0301240109004101 SCWH0301240108004242 SCWH0301240108002974 SCWH0301240108002972 SCWH0301240110003858 SCWH0301240110003857 SCWH0301240110003860 SCWH0301240726001817 SCWH0301231228033045 SCWH0301240108003344 SCWH0301240718000180 SCWH0301240110003946 SCWH0301240110003953 SCWH0301240110003947 SCWH0301240110003949 SCWH0301240110003925 SCWH0301240110003923 SCWH0301240110003922 SCWH0301240110003926 SCWH0301240110003927 SCWH0301240726001817 SCWH0301231228033045 SCWH0301240108003344 SCWH0301240718000180 SCWH0301240110003946 SCWH0301240110003953 SCWH0301240110003947 SCWH0301240110003949 SCWH0301240726001817 SCWH0301231228033045 SCWH0301240108003344 SCWH0301240718000180 SCWH0301240110003946 SCWH0301240110003953 SCWH0301240110003947 SCWH0301240110003949 SCWH0301240110003925 SCWH0301240110003923 SCWH0301240110003922 SCWH0301240110003926 SCWH0301240110003927 SCWH0301240726001817 | AB58: 花绿甲线 | AC58: 220kV花绿甲线;220kV花绿乙线;220kV花空甲线;220kV花空乙线;220kV空汉甲线;220kV空汉乙线导线连接位置红外测温：合成绝缘子（避雷器）红外测温：重要交叉跨越红外测温：220kV空汉甲乙线#39-#40、220kV花绿甲乙线#07-#08、#14-#15、220kV花空甲乙线#08-#09、#14-#15（2024年02月第2次） 220kV花绿甲线;220kV花绿乙线;220kV花空甲线;220kV花空乙线;220kV空汉甲线;220kV空汉乙线;110kV空九甲线;110kV空九乙线;110kV田空丙线;110kV空梯线;110kV空芙线导线连接位置红外测温：合成绝缘子（避雷器）红外测温：重要交叉跨越红外测温：220kV花绿甲乙线#103-#104、#111-#112、#113-#114、花空甲乙线#104-#105、#111-#112、空汉甲乙线#03-#04、110kV空芙线#04-#05、#12-#13、空梯线#04-#05、#12-#13、田空丙线#86-#87、#94-#95、空九甲乙线#03-#04（2024年02月） 110kV田芙线;220kV花绿甲线;220kV花绿乙线;220kV花空甲线;220kV花空乙线;110kV田空丙线;110kV空芙线导线连接位置红外测温：合成绝缘子（避雷器）红外测温：重要交叉跨越红外测温：110kV田芙线#25-#26、#26-#27、#27-#28、田空丙线#25-#26、#29-#30、#48-#49、空芙线#51-#52、220kV花绿甲乙线#68-#69、#78-#79、花空甲乙线#67-#68、#80-#81（2024年02月） 220kV花绿甲线;220kV花绿乙线;220kV空汉甲线;220kV空汉乙线;110kV空九甲线;110kV空九乙线导线连接位置红外测温：合成绝缘子（避雷器）红外测温：重要交叉跨越红外测温：220kV花绿甲乙线#120-#121、#123-#124、#126-#127、#137-#138、#147-#148、空汉甲乙线#08-#09、#13-#14、#20-#21、110kV空九甲乙线#06-#07、#08-#09（2024年02月） 220kV花绿甲线;220kV花绿乙线;220kV花空甲线;220kV花空乙线导线连接位置红外测温：合成绝缘子（避雷器）红外测温：重要交叉跨越红外测温：220kV花绿甲乙线#07-#08、#13-#14、#14-#15、220kV花空甲乙线#08-#09、#13-#14、#14-#15、220kV花绿甲乙线#26（预绞丝）（2024年02月） 220kV花绿甲线;220kV花绿乙线;220kV花空甲线;220kV花空乙线;220kV空汉甲线;220kV空汉乙线导线连接位置红外测温：合成绝缘子（避雷器）红外测温：重要交叉跨越红外测温：220kV空汉甲乙线#39-#40、220kV花绿甲乙线#07-#08、#14-#15、220kV花空甲乙线#08-#09、#14-#15（2024年03月第2次） 110kV田芙线;220kV花绿甲线;220kV花绿乙线;220kV花空甲线;220kV花空乙线;110kV田空丙线;110kV空芙线导线连接位置红外测温：合成绝缘子（避雷器）红外测温：重要交叉跨越红外测温：110kV田芙线#25-#26、#26-#27、#27-#28、田空丙线#25-#26、#29-#30、#48-#49、空芙线#51-#52、220kV花绿甲乙线#68-#69、#78-#79、花空甲乙线#67-#68、#80-#81（2024年03月） 220kV花绿甲线;220kV花绿乙线;220kV花空甲线;220kV花空乙线;220kV空汉甲线;220kV空汉乙线;110kV空九甲线;110kV空九乙线;110kV田空丙线;110kV空梯线;110kV空芙线导线连接位置红外测温：合成绝缘子（避雷器）红外测温：重要交叉跨越红外测温：220kV花绿甲乙线#103-#104、#111-#112、#113-#114、花空甲乙线#104-#105、#111-#112、空汉甲乙线#03-#04、110kV空芙线#04-#05、#12-#13、空梯线#04-#05、#12-#13、田空丙线#86-#87、#94-#95、空九甲乙线#03-#04（2024年03月） 220kV花绿甲线;220kV花绿乙线;220kV花空甲线;220kV花空乙线导线连接位置红外测温：合成绝缘子（避雷器）红外测温：重要交叉跨越红外测温：220kV花绿甲乙线#07-#08、#13-#14、#14-#15、220kV花空甲乙线#08-#09、#13-#14、#14-#15、220kV花绿甲乙线#26（预绞丝）（2024年03月） 220kV花绿甲线;220kV花绿乙线;220kV空汉甲线;220kV空汉乙线;110kV空九甲线;110kV空九乙线导线连接位置红外测温：合成绝缘子（避雷器）红外测温：重要交叉跨越红外测温：220kV花绿甲乙线#120-#121、#123-#124、#126-#127、#137-#138、#147-#148、空汉甲乙线#08-#09、#13-#14、#20-#21、110kV空九甲乙线#06-#07、#08-#09（2024年03月） 220kV花绿甲线;220kV花绿乙线;220kV花空甲线;220kV花空乙线;220kV空汉甲线;220kV空汉乙线导线连接位置红外测温：合成绝缘子（避雷器）红外测温：重要交叉跨越红外测温：220kV空汉甲乙线#39-#40、220kV花绿甲乙线#07-#08、#14-#15、220kV花空甲乙线#08-#09、#14-#15（2024年04月第2次） 110kV田芙线;220kV花绿甲线;220kV花绿乙线;220kV花空甲线;220kV花空乙线;110kV田空丙线;110kV空芙线导线连接位置红外测温：合成绝缘子（避雷器）红外测温：重要交叉跨越红外测温：110kV田芙线#25-#26、#26-#27、#27-#28、田空丙线#25-#26、#29-#30、#48-#49、空芙线#51-#52、220kV花绿甲乙线#68-#69、#78-#79、花空甲乙线#67-#68、#80-#81（2024年04月） 220kV花绿甲线;220kV花绿乙线;220kV空汉甲线;220kV空汉乙线;110kV空九甲线;110kV空九乙线导线连接位置红外测温：合成绝缘子（避雷器）红外测温：重要交叉跨越红外测温：220kV花绿甲乙线#120-#121、#123-#124、#126-#127、#137-#138、#147-#148、空汉甲乙线#08-#09、#13-#14、#20-#21、110kV空九甲乙线#06-#07、#08-#09（2024年04月） 220kV花绿甲线;220kV花绿乙线;220kV花空甲线;220kV花空乙线;220kV空汉甲线;220kV空汉乙线;110kV空九甲线;110kV空九乙线;110kV田空丙线;110kV空梯线;110kV空芙线导线连接位置红外测温：合成绝缘子（避雷器）红外测温：重要交叉跨越红外测温：220kV花绿甲乙线#103-#104、#111-#112、#113-#114、花空甲乙线#104-#105、#111-#112、空汉甲乙线#03-#04、110kV空芙线#04-#05、#12-#13、空梯线#04-#05、#12-#13、田空丙线#86-#87、#94-#95、空九甲乙线#03-#04（2024年04月） 220kV花绿甲线;220kV花绿乙线;220kV花空甲线;220kV花空乙线导线连接位置红外测温：合成绝缘子（避雷器）红外测温：重要交叉跨越红外测温：220kV花绿甲乙线#07-#08、#13-#14、#14-#15、220kV花空甲乙线#08-#09、#13-#14、#14-#15、220kV花绿甲乙线#26（预绞丝）（2024年04月） 220kV花绿甲线;220kV花绿乙线;220kV花空甲线;220kV花空乙线;220kV空汉甲线;220kV空汉乙线导线连接位置红外测温：合成绝缘子（避雷器）红外测温：重要交叉跨越红外测温：220kV空汉甲乙线#39-#40、220kV花绿甲乙线#07-#08、#14-#15、220kV花空甲乙线#08-#09、#14-#15（2024年05月第2次） 110kV田芙线;220kV花绿甲线;220kV花绿乙线;220kV花空甲线;220kV花空乙线;110kV田空丙线;110kV空芙线导线连接位置红外测温：合成绝缘子（避雷器）红外测温：重要交叉跨越红外测温：110kV田芙线#25-#26、#26-#27、#27-#28、田空丙线#25-#26、#29-#30、#48-#49、空芙线#51-#52、220kV花绿甲乙线#68-#69、#78-#79、花空甲乙线#67-#68、#80-#81（2024年05月） 220kV花绿甲线;220kV花绿乙线;220kV花空甲线;220kV花空乙线;220kV空汉甲线;220kV空汉乙线;110kV空九甲线;110kV空九乙线;110kV田空丙线;110kV空梯线;110kV空芙线导线连接位置红外测温：合成绝缘子（避雷器）红外测温：重要交叉跨越红外测温：220kV花绿甲乙线#103-#104、#111-#112、#113-#114、花空甲乙线#104-#105、#111-#112、空汉甲乙线#03-#04、110kV空芙线#04-#05、#12-#13、空梯线#04-#05、#12-#13、田空丙线#86-#87、#94-#95、空九甲乙线#03-#04（2024年05月） 220kV花绿甲线;220kV花绿乙线;220kV花空甲线;220kV花空乙线导线连接位置红外测温：合成绝缘子（避雷器）红外测温：重要交叉跨越红外测温：220kV花绿甲乙线#07-#08、#13-#14、#14-#15、220kV花空甲乙线#08-#09、#13-#14、#14-#15、220kV花绿甲乙线#26（预绞丝）（2024年05月） 220kV花绿甲线;220kV花绿乙线;220kV空汉甲线;220kV空汉乙线;110kV空九甲线;110kV空九乙线导线连接位置红外测温：合成绝缘子（避雷器）红外测温：重要交叉跨越红外测温：220kV花绿甲乙线#120-#121、#123-#124、#126-#127、#137-#138、#147-#148、空汉甲乙线#08-#09、#13-#14、#20-#21、110kV空九甲乙线#06-#07、#08-#09（2024年05月） 220kV花绿甲线;220kV花绿乙线;220kV花空甲线;220kV花空乙线无人机精细化巡线：机巡线路巡视（1-6月精细化）：（Ⅳ级）220kV花绿甲线#01-#50；220kV花绿乙线#01-#50；220kV花空甲线#01-#50；220kV花空乙线#01-#50 110kV田芙线;220kV花绿甲线;220kV花绿乙线;220kV花空甲线;220kV花空乙线;110kV田空丙线;110kV空芙线导线连接位置红外测温：合成绝缘子（避雷器）红外测温：重要交叉跨越红外测温：110kV田芙线#25-#26、#26-#27、#27-#28、田空丙线#25-#26、#29-#30、#48-#49、空芙线#51-#52、220kV花绿甲乙线#68-#69、#78-#79、花空甲乙线#67-#68、#80-#81（2024年06月） 220kV花绿甲线;220kV花绿乙线;220kV空汉甲线;220kV空汉乙线;110kV空九甲线;110kV空九乙线导线连接位置红外测温：合成绝缘子（避雷器）红外测温：重要交叉跨越红外测温：220kV花绿甲乙线#120-#121、#123-#124、#126-#127、#137-#138、#147-#148、空汉甲乙线#08-#09、#13-#14、#20-#21、110kV空九甲乙线#06-#07、#08-#09（2024年06月） 220kV花绿甲线;220kV花绿乙线导线连接位置红外测温：合成绝缘子（避雷器）红外测温：220kV花绿甲乙线（2024年1-12月） 220kV花绿甲线;220kV花绿乙线;220kV花空甲线;220kV花空乙线无人机巡视、测量作业：机巡线路巡视（4-6月点云测量）：（Ⅳ级）220kV花绿甲线线#01-#154；220kV花绿甲线线#01-#154；220kV花空甲线#01-#113；220kV花空乙线#01-#113 220kV花绿甲线;220kV花绿乙线;220kV花空甲线;220kV花空乙线无人机精细化巡线：机巡线路巡视（1-6月精细化）：（Ⅳ级）220kV花绿甲线#104-#114；220kV花绿乙线#104-#114；220kV花空甲线#105-#113；220kV花空乙线#105-#113 220kV花绿甲线;220kV花绿乙线无人机精细化巡线：机巡线路巡视（1-6月精细化）：（Ⅳ级）220kV花绿甲线#115-#154；220kV花绿乙线#115-#154 220kV花绿甲线;220kV花绿乙线;220kV花空甲线;220kV花空乙线;220kV空汉甲线;220kV空汉乙线导线连接位置红外测温：合成绝缘子（避雷器）红外测温：重要交叉跨越红外测温：220kV空汉甲乙线#39-#40、220kV花绿甲乙线#07-#08、#14-#15、220kV花空甲乙线#08-#09、#14-#15（2024年06月第2次） 220kV花绿甲线;220kV花绿乙线;220kV花空甲线;220kV花空乙线;220kV空汉甲线;220kV空汉乙线;110kV空九甲线;110kV空九乙线;110kV田空丙线;110kV空梯线;110kV空芙线导线连接位置红外测温：合成绝缘子（避雷器）红外测温：重要交叉跨越红外测温：220kV花绿甲乙线#103-#104、#111-#112、#113-#114、花空甲乙线#104-#105、#111-#112、空汉甲乙线#03-#04、110kV空芙线#04-#05、#12-#13、空梯线#04-#05、#12-#13、田空丙线#86-#87、#94-#95、空九甲乙线#03-#04（2024年06月） 220kV花绿甲线;220kV花绿乙线;220kV花空甲线;220kV花空乙线导线连接位置红外测温：合成绝缘子（避雷器）红外测温：重要交叉跨越红外测温：220kV花绿甲乙线#07-#08、#13-#14、#14-#15、220kV花空甲乙线#08-#09、#13-#14、#14-#15、220kV花绿甲乙线#26（预绞丝）（2024年06月） 220kV花绿甲线;220kV花绿乙线;220kV花空甲线;220kV花空乙线无人机精细化巡线：机巡线路巡视（1-6月精细化）：（Ⅳ级）220kV花绿甲线#46；220kV花绿乙线#46；220kV花空甲线#44-#46；220kV花空乙线#44-#46 220kV花绿甲线;220kV花绿乙线;220kV花空甲线;220kV花空乙线无人机精细化巡线：机巡线路巡视（1-6月精细化）：（Ⅳ级）220kV花绿甲线#51-#72；220kV花绿乙线#51-#72；220kV花空甲线#51-#73；220kV花空乙线#51-#73 220kV花绿甲线;220kV花绿乙线;220kV花空甲线;220kV花空乙线无人机精细化巡线：机巡线路巡视（1-6月精细化）：（Ⅳ级）220kV花绿甲线#73-#103；220kV花绿乙线#73-#103；220kV花空甲线#74-#104；220kV花空乙线#74-#104 220kV花绿甲线;220kV花绿乙线;220kV花空甲线;220kV花空乙线导线连接位置红外测温：合成绝缘子（避雷器）红外测温：重要交叉跨越红外测温：220kV花绿甲乙线#07-#08、#14-#15、220kV花空甲乙线#08-#09、#14-#15（2024年07月第2次） 220kV花绿甲线;220kV花绿乙线;220kV空汉甲线;220kV空汉乙线;110kV空九甲线;110kV空九乙线导线连接位置红外测温：合成绝缘子（避雷器）红外测温：重要交叉跨越红外测温：220kV花绿甲乙线#120-#121、#123-#124、#126-#127、#137-#138、#147-#148、空汉甲乙线#08-#09、#13-#14、#20-#21、110kV空九甲乙线#06-#07、#08-#09（2024年07月） 220kV花绿甲线;220kV花绿乙线;220kV花空甲线;220kV花空乙线;220kV空汉甲线;220kV空汉乙线;110kV空九甲线;110kV空九乙线;110kV田空丙线;110kV空梯线;110kV空芙线导线连接位置红外测温：合成绝缘子（避雷器）红外测温：重要交叉跨越红外测温：220kV花绿甲乙线#103-#104、#111-#112、#113-#114、花空甲乙线#104-#105、#111-#112、空汉甲乙线#03-#04、110kV空芙线#04-#05、#12-#13、空梯线#04-#05、#12-#13、田空丙线#86-#87、#94-#95、空九甲乙线#03-#04（2024年07月） 220kV花绿甲线;220kV花绿乙线;220kV花空甲线;220kV花空乙线导线连接位置红外测温：合成绝缘子（避雷器）红外测温：重要交叉跨越红外测温：220kV花绿甲乙线#07-#08、#13-#14、#14-#15、220kV花空甲乙线#08-#09、#13-#14、#14-#15、220kV花绿甲乙线#26（预绞丝）（2024年07月） 110kV田芙线;220kV花绿甲线;220kV花绿乙线;220kV花空甲线;220kV花空乙线;110kV田空丙线;110kV空芙线导线连接位置红外测温：合成绝缘子（避雷器）红外测温：重要交叉跨越红外测温：110kV田芙线#25-#26、#26-#27、#27-#28、田空丙线#25-#26、#29-#30、#48-#49、空芙线#51-#52、220kV花绿甲乙线#68-#69、#78-#79、花空甲乙线#67-#68、#80-#81（2024年07月） 220kV花绿甲线;220kV花绿乙线;220kV花空甲线;220kV花空乙线;220kV空汉甲线;220kV空汉乙线导线连接位置红外测温：合成绝缘子（避雷器）红外测温：重要交叉跨越红外测温：220kV空汉甲乙线#39-#40、220kV花绿甲乙线#07-#08、#14-#15、220kV花空甲乙线#08-#09、#14-#15（2024年08月第2次） 220kV花绿甲线;220kV花绿乙线;220kV花空甲线;220kV花空乙线;220kV空汉甲线;220kV空汉乙线;110kV空九甲线;110kV空九乙线;110kV田空丙线;110kV空梯线;110kV空芙线导线连接位置红外测温：合成绝缘子（避雷器）红外测温：重要交叉跨越红外测温：220kV花绿甲乙线#103-#104、#111-#112、#113-#114、花空甲乙线#104-#105、#111-#112、空汉甲乙线#03-#04、110kV空芙线#04-#05、#12-#13、空梯线#04-#05、#12-#13、田空丙线#86-#87、#94-#95、空九甲乙线#03-#04（2024年08月） 220kV花绿甲线;220kV花绿乙线;220kV空汉甲线;220kV空汉乙线;110kV空九甲线;110kV空九乙线导线连接位置红外测温：合成绝缘子（避雷器）红外测温：重要交叉跨越红外测温：220kV花绿甲乙线#120-#121、#123-#124、#126-#127、#137-#138、#147-#148、空汉甲乙线#08-#09、#13-#14、#20-#21、110kV空九甲乙线#06-#07、#08-#09（2024年08月） 110kV田芙线;220kV花绿甲线;220kV花绿乙线;220kV花空甲线;220kV花空乙线;110kV田空丙线;110kV空芙线导线连接位置红外测温：合成绝缘子（避雷器）红外测温：重要交叉跨越红外测温：110kV田芙线#25-#26、#26-#27、#27-#28、田空丙线#25-#26、#29-#30、#48-#49、空芙线#51-#52、220kV花绿甲乙线#68-#69、#78-#79、花空甲乙线#67-#68、#80-#81（2024年08月） 220kV花绿甲线;220kV花绿乙线;220kV花空甲线;220kV花空乙线导线连接位置红外测温：合成绝缘子（避雷器）红外测温：重要交叉跨越红外测温：220kV花绿甲乙线#07-#08、#13-#14、#14-#15、220kV花空甲乙线#08-#09、#13-#14、#14-#15、220kV花绿甲乙线#26（预绞丝）（2024年08月） 220kV花绿甲线;220kV花绿乙线;220kV花空甲线;220kV花空乙线无人机精细化巡线：机巡线路巡视（1-6月精细化）：（Ⅳ级）220kV花绿甲线#46；220kV花绿乙线#46；220kV花空甲线#44-#46；220kV花空乙线#44-#46 220kV花绿甲线;220kV花绿乙线;220kV花空甲线;220kV花空乙线无人机精细化巡线：机巡线路巡视（1-6月精细化）：（Ⅳ级）220kV花绿甲线#51-#72；220kV花绿乙线#51-#72；220kV花空甲线#51-#73；220kV花空乙线#51-#73 220kV花绿甲线;220kV花绿乙线;220kV花空甲线;220kV花空乙线无人机精细化巡线：机巡线路巡视（1-6月精细化）：（Ⅳ级）220kV花绿甲线#73-#103；220kV花绿乙线#73-#103；220kV花空甲线#74-#104；220kV花空乙线#74-#104 220kV花绿甲线;220kV花绿乙线;220kV花空甲线;220kV花空乙线导线连接位置红外测温：合成绝缘子（避雷器）红外测温：重要交叉跨越红外测温：220kV花绿甲乙线#07-#08、#14-#15、220kV花空甲乙线#08-#09、#14-#15（2024年07月第2次） 220kV花绿甲线;220kV花绿乙线;220kV空汉甲线;220kV空汉乙线;110kV空九甲线;110kV空九乙线导线连接位置红外测温：合成绝缘子（避雷器）红外测温：重要交叉跨越红外测温：220kV花绿甲乙线#120-#121、#123-#124、#126-#127、#137-#138、#147-#148、空汉甲乙线#08-#09、#13-#14、#20-#21、110kV空九甲乙线#06-#07、#08-#09（2024年07月） 220kV花绿甲线;220kV花绿乙线;220kV花空甲线;220kV花空乙线;220kV空汉甲线;220kV空汉乙线;110kV空九甲线;110kV空九乙线;110kV田空丙线;110kV空梯线;110kV空芙线导线连接位置红外测温：合成绝缘子（避雷器）红外测温：重要交叉跨越红外测温：220kV花绿甲乙线#103-#104、#111-#112、#113-#114、花空甲乙线#104-#105、#111-#112、空汉甲乙线#03-#04、110kV空芙线#04-#05、#12-#13、空梯线#04-#05、#12-#13、田空丙线#86-#87、#94-#95、空九甲乙线#03-#04（2024年07月） 220kV花绿甲线;220kV花绿乙线;220kV花空甲线;220kV花空乙线导线连接位置红外测温：合成绝缘子（避雷器）红外测温：重要交叉跨越红外测温：220kV花绿甲乙线#07-#08、#13-#14、#14-#15、220kV花空甲乙线#08-#09、#13-#14、#14-#15、220kV花绿甲乙线#26（预绞丝）（2024年07月） 110kV田芙线;220kV花绿甲线;220kV花绿乙线;220kV花空甲线;220kV花空乙线;110kV田空丙线;110kV空芙线导线连接位置红外测温：合成绝缘子（避雷器）红外测温：重要交叉跨越红外测温：110kV田芙线#25-#26、#26-#27、#27-#28、田空丙线#25-#26、#29-#30、#48-#49、空芙线#51-#52、220kV花绿甲乙线#68-#69、#78-#79、花空甲乙线#67-#68、#80-#81（2024年07月） 220kV花绿甲线;220kV花绿乙线;220kV花空甲线;220kV花空乙线无人机精细化巡线：机巡线路巡视（1-6月精细化）：（Ⅳ级）220kV花绿甲线#46；220kV花绿乙线#46；220kV花空甲线#44-#46；220kV花空乙线#44-#46 220kV花绿甲线;220kV花绿乙线;220kV花空甲线;220kV花空乙线无人机精细化巡线：机巡线路巡视（1-6月精细化）：（Ⅳ级）220kV花绿甲线#51-#72；220kV花绿乙线#51-#72；220kV花空甲线#51-#73；220kV花空乙线#51-#73 220kV花绿甲线;220kV花绿乙线;220kV花空甲线;220kV花空乙线无人机精细化巡线：机巡线路巡视（1-6月精细化）：（Ⅳ级）220kV花绿甲线#73-#103；220kV花绿乙线#73-#103；220kV花空甲线#74-#104；220kV花空乙线#74-#104 220kV花绿甲线;220kV花绿乙线;220kV花空甲线;220kV花空乙线导线连接位置红外测温：合成绝缘子（避雷器）红外测温：重要交叉跨越红外测温：220kV花绿甲乙线#07-#08、#14-#15、220kV花空甲乙线#08-#09、#14-#15（2024年07月第2次） 220kV花绿甲线;220kV花绿乙线;220kV空汉甲线;220kV空汉乙线;110kV空九甲线;110kV空九乙线导线连接位置红外测温：合成绝缘子（避雷器）红外测温：重要交叉跨越红外测温：220kV花绿甲乙线#120-#121、#123-#124、#126-#127、#137-#138、#147-#148、空汉甲乙线#08-#09、#13-#14、#20-#21、110kV空九甲乙线#06-#07、#08-#09（2024年07月） 220kV花绿甲线;220kV花绿乙线;220kV花空甲线;220kV花空乙线;220kV空汉甲线;220kV空汉乙线;110kV空九甲线;110kV空九乙线;110kV田空丙线;110kV空梯线;110kV空芙线导线连接位置红外测温：合成绝缘子（避雷器）红外测温：重要交叉跨越红外测温：220kV花绿甲乙线#103-#104、#111-#112、#113-#114、花空甲乙线#104-#105、#111-#112、空汉甲乙线#03-#04、110kV空芙线#04-#05、#12-#13、空梯线#04-#05、#12-#13、田空丙线#86-#87、#94-#95、空九甲乙线#03-#04（2024年07月） 220kV花绿甲线;220kV花绿乙线;220kV花空甲线;220kV花空乙线导线连接位置红外测温：合成绝缘子（避雷器）红外测温：重要交叉跨越红外测温：220kV花绿甲乙线#07-#08、#13-#14、#14-#15、220kV花空甲乙线#08-#09、#13-#14、#14-#15、220kV花绿甲乙线#26（预绞丝）（2024年07月） 110kV田芙线;220kV花绿甲线;220kV花绿乙线;220kV花空甲线;220kV花空乙线;110kV田空丙线;110kV空芙线导线连接位置红外测温：合成绝缘子（避雷器）红外测温：重要交叉跨越红外测温：110kV田芙线#25-#26、#26-#27、#27-#28、田空丙线#25-#26、#29-#30、#48-#49、空芙线#51-#52、220kV花绿甲乙线#68-#69、#78-#79、花空甲乙线#67-#68、#80-#81（2024年07月） 220kV花绿甲线;220kV花绿乙线;220kV花空甲线;220kV花空乙线;220kV空汉甲线;220kV空汉乙线导线连接位置红外测温：合成绝缘子（避雷器）红外测温：重要交叉跨越红外测温：220kV空汉甲乙线#39-#40、220kV花绿甲乙线#07-#08、#14-#15、220kV花空甲乙线#08-#09、#14-#15（2024年08月第2次） 220kV花绿甲线;220kV花绿乙线;220kV花空甲线;220kV花空乙线;220kV空汉甲线;220kV空汉乙线;110kV空九甲线;110kV空九乙线;110kV田空丙线;110kV空梯线;110kV空芙线导线连接位置红外测温：合成绝缘子（避雷器）红外测温：重要交叉跨越红外测温：220kV花绿甲乙线#103-#104、#111-#112、#113-#114、花空甲乙线#104-#105、#111-#112、空汉甲乙线#03-#04、110kV空芙线#04-#05、#12-#13、空梯线#04-#05、#12-#13、田空丙线#86-#87、#94-#95、空九甲乙线#03-#04（2024年08月） 220kV花绿甲线;220kV花绿乙线;220kV空汉甲线;220kV空汉乙线;110kV空九甲线;110kV空九乙线导线连接位置红外测温：合成绝缘子（避雷器）红外测温：重要交叉跨越红外测温：220kV花绿甲乙线#120-#121、#123-#124、#126-#127、#137-#138、#147-#148、空汉甲乙线#08-#09、#13-#14、#20-#21、110kV空九甲乙线#06-#07、#08-#09（2024年08月） 110kV田芙线;220kV花绿甲线;220kV花绿乙线;220kV花空甲线;220kV花空乙线;110kV田空丙线;110kV空芙线导线连接位置红外测温：合成绝缘子（避雷器）红外测温：重要交叉跨越红外测温：110kV田芙线#25-#26、#26-#27、#27-#28、田空丙线#25-#26、#29-#30、#48-#49、空芙线#51-#52、220kV花绿甲乙线#68-#69、#78-#79、花空甲乙线#67-#68、#80-#81（2024年08月） 220kV花绿甲线;220kV花绿乙线;220kV花空甲线;220kV花空乙线导线连接位置红外测温：合成绝缘子（避雷器）红外测温：重要交叉跨越红外测温：220kV花绿甲乙线#07-#08、#13-#14、#14-#15、220kV花空甲乙线#08-#09、#13-#14、#14-#15、220kV花绿甲乙线#26（预绞丝）（2024年08月） 220kV花绿甲线;220kV花绿乙线;220kV花空甲线;220kV花空乙线无人机精细化巡线：机巡线路巡视（1-6月精细化）：（Ⅳ级）220kV花绿甲线#46；220kV花绿乙线#46；220kV花空甲线#44-#46；220kV花空乙线#44-#46 | AD58: #44-#46 #44-#46 #14-#15 #13-#14 #08-#09 #14-#15 #13-#14 #07-#08 #80-#81 #67-#68 #78-#79 #68-#69 #51-#52 #48-#49 #29-#30 #25-#26 #27-#28 #26-#27 #25-#26 #08-#09 #06-#07 #20-#21 #13-#14 #08-#09 #147-#148 #137-#138 #126-#127 #123-#124 #120-#121 #03-#04 #94-#95 #86-#87 #12-#13 #04-#05 #12-#13 #04-#05 #03-#04 #111-#112 #104-#105 #113-#114 #111-#112 #103-#104 #14-#15 #08-#09 #14-#15 #07-#08 #39-#40 | AF58: 已完成 | AG58: 2月份已完成
A59: 2254 | B59: 预试 | C59: 考核 | D59: 220kV | E59: 一般 | F59: 花绿乙线 | G59: 运维策略 | H59: 全线 | I59: 42 | J59: 237 | K59: 54 | L59: 45444 | M59: 45473 | N59: 否 | O59: 输电管理二所 | P59: 叶翔 | Q59: 薛永伦 | R59: 花都中心 | S59: 96 | T59: 2024-02-19 08:45:00 2024-02-05 08:59:00 2024-02-04 08:59:00 2024-02-02 08:45:00 2024-02-01 08:30:00 2024-03-25 08:38:00 2024-03-08 08:40:00 2024-03-06 08:35:00 2024-03-05 08:40:00 2024-03-04 08:45:00 2024-04-23 09:34:00 2024-04-16 08:48:00 2024-04-10 08:37:00 2024-04-09 08:45:00 2024-04-08 08:47:00 2024-05-23 08:36:00 2024-05-13 08:26:00 2024-05-13 08:26:00 2024-05-07 08:31:00 2024-05-08 08:01:00 2024-06-24 10:11:00 2024-06-18 09:22:00 2024-06-18 09:22:00 2024-06-24 08:05:00 2024-06-28 08:06:00 2024-06-20 09:45:56 2024-06-11 09:32:06 2024-06-18 09:06:00 2024-06-14 09:03:00 2024-06-03 08:22:00 2024-07-30 08:45:00 2024-07-29 08:45:00 2024-07-29 08:45:00 2024-07-25 09:00:00 2024-07-08 09:00:00 2024-07-11 09:00:00 2024-07-03 15:59:10 2024-07-01 08:40:00 2024-08-26 08:30:00 2024-08-07 08:45:00 2024-08-06 08:45:00 2024-08-05 08:45:00 2024-08-02 08:56:13 2024-07-30 08:45:00 2024-07-29 08:45:00 2024-07-29 08:45:00 2024-07-25 09:00:00 2024-07-08 09:00:00 2024-07-11 09:00:00 2024-07-03 15:59:10 2024-07-01 08:40:00 2024-07-30 08:45:00 2024-07-29 08:45:00 2024-07-29 08:45:00 2024-07-25 09:00:00 2024-07-08 09:00:00 2024-07-11 09:00:00 2024-07-03 15:59:10 2024-07-01 08:40:00 2024-08-26 08:30:00 2024-08-07 08:45:00 2024-08-06 08:45:00 2024-08-05 08:45:00 2024-08-02 08:56:13 2024-07-30 08:45:00 | U59: 45341.461 | AA59: SCWH0301240110001587 SCWH0301240110000746 SCWH0301240110001545 SCWH0301240110000938 SCWH0301240110000512 SCWH0301240110003331 SCWH0301240110003330 SCWH0301240110003327 SCWH0301240110003326 SCWH0301240110003324 SCWH0301240110003532 SCWH0301240110003528 SCWH0301240110003527 SCWH0301240110003531 SCWH0301240110003437 SCWH0301240110003443 SCWH0301240110003438 SCWH0301240110003441 SCWH0301240110003526 SCWH0301240110003442 SCWH0301240108002973 SCWH0301240110003854 SCWH0301240604001803 SCWH0301240109004101 SCWH0301240108004242 SCWH0301240108002974 SCWH0301240108002972 SCWH0301240110003858 SCWH0301240110003857 SCWH0301240110003860 SCWH0301240726001817 SCWH0301231228033045 SCWH0301240108003344 SCWH0301240718000180 SCWH0301240110003946 SCWH0301240110003953 SCWH0301240110003947 SCWH0301240110003949 SCWH0301240110003925 SCWH0301240110003923 SCWH0301240110003922 SCWH0301240110003926 SCWH0301240110003927 SCWH0301240726001817 SCWH0301231228033045 SCWH0301240108003344 SCWH0301240718000180 SCWH0301240110003946 SCWH0301240110003953 SCWH0301240110003947 SCWH0301240110003949 SCWH0301240726001817 SCWH0301231228033045 SCWH0301240108003344 SCWH0301240718000180 SCWH0301240110003946 SCWH0301240110003953 SCWH0301240110003947 SCWH0301240110003949 SCWH0301240110003925 SCWH0301240110003923 SCWH0301240110003922 SCWH0301240110003926 SCWH0301240110003927 SCWH0301240726001817 | AB59: 花绿乙线 | AC59: 220kV花绿甲线;220kV花绿乙线;220kV花空甲线;220kV花空乙线;220kV空汉甲线;220kV空汉乙线导线连接位置红外测温：合成绝缘子（避雷器）红外测温：重要交叉跨越红外测温：220kV空汉甲乙线#39-#40、220kV花绿甲乙线#07-#08、#14-#15、220kV花空甲乙线#08-#09、#14-#15（2024年02月第2次） 220kV花绿甲线;220kV花绿乙线;220kV花空甲线;220kV花空乙线;220kV空汉甲线;220kV空汉乙线;110kV空九甲线;110kV空九乙线;110kV田空丙线;110kV空梯线;110kV空芙线导线连接位置红外测温：合成绝缘子（避雷器）红外测温：重要交叉跨越红外测温：220kV花绿甲乙线#103-#104、#111-#112、#113-#114、花空甲乙线#104-#105、#111-#112、空汉甲乙线#03-#04、110kV空芙线#04-#05、#12-#13、空梯线#04-#05、#12-#13、田空丙线#86-#87、#94-#95、空九甲乙线#03-#04（2024年02月） 110kV田芙线;220kV花绿甲线;220kV花绿乙线;220kV花空甲线;220kV花空乙线;110kV田空丙线;110kV空芙线导线连接位置红外测温：合成绝缘子（避雷器）红外测温：重要交叉跨越红外测温：110kV田芙线#25-#26、#26-#27、#27-#28、田空丙线#25-#26、#29-#30、#48-#49、空芙线#51-#52、220kV花绿甲乙线#68-#69、#78-#79、花空甲乙线#67-#68、#80-#81（2024年02月） 220kV花绿甲线;220kV花绿乙线;220kV空汉甲线;220kV空汉乙线;110kV空九甲线;110kV空九乙线导线连接位置红外测温：合成绝缘子（避雷器）红外测温：重要交叉跨越红外测温：220kV花绿甲乙线#120-#121、#123-#124、#126-#127、#137-#138、#147-#148、空汉甲乙线#08-#09、#13-#14、#20-#21、110kV空九甲乙线#06-#07、#08-#09（2024年02月） 220kV花绿甲线;220kV花绿乙线;220kV花空甲线;220kV花空乙线导线连接位置红外测温：合成绝缘子（避雷器）红外测温：重要交叉跨越红外测温：220kV花绿甲乙线#07-#08、#13-#14、#14-#15、220kV花空甲乙线#08-#09、#13-#14、#14-#15、220kV花绿甲乙线#26（预绞丝）（2024年02月） 220kV花绿甲线;220kV花绿乙线;220kV花空甲线;220kV花空乙线;220kV空汉甲线;220kV空汉乙线导线连接位置红外测温：合成绝缘子（避雷器）红外测温：重要交叉跨越红外测温：220kV空汉甲乙线#39-#40、220kV花绿甲乙线#07-#08、#14-#15、220kV花空甲乙线#08-#09、#14-#15（2024年03月第2次） 110kV田芙线;220kV花绿甲线;220kV花绿乙线;220kV花空甲线;220kV花空乙线;110kV田空丙线;110kV空芙线导线连接位置红外测温：合成绝缘子（避雷器）红外测温：重要交叉跨越红外测温：110kV田芙线#25-#26、#26-#27、#27-#28、田空丙线#25-#26、#29-#30、#48-#49、空芙线#51-#52、220kV花绿甲乙线#68-#69、#78-#79、花空甲乙线#67-#68、#80-#81（2024年03月） 220kV花绿甲线;220kV花绿乙线;220kV花空甲线;220kV花空乙线;220kV空汉甲线;220kV空汉乙线;110kV空九甲线;110kV空九乙线;110kV田空丙线;110kV空梯线;110kV空芙线导线连接位置红外测温：合成绝缘子（避雷器）红外测温：重要交叉跨越红外测温：220kV花绿甲乙线#103-#104、#111-#112、#113-#114、花空甲乙线#104-#105、#111-#112、空汉甲乙线#03-#04、110kV空芙线#04-#05、#12-#13、空梯线#04-#05、#12-#13、田空丙线#86-#87、#94-#95、空九甲乙线#03-#04（2024年03月） 220kV花绿甲线;220kV花绿乙线;220kV花空甲线;220kV花空乙线导线连接位置红外测温：合成绝缘子（避雷器）红外测温：重要交叉跨越红外测温：220kV花绿甲乙线#07-#08、#13-#14、#14-#15、220kV花空甲乙线#08-#09、#13-#14、#14-#15、220kV花绿甲乙线#26（预绞丝）（2024年03月） 220kV花绿甲线;220kV花绿乙线;220kV空汉甲线;220kV空汉乙线;110kV空九甲线;110kV空九乙线导线连接位置红外测温：合成绝缘子（避雷器）红外测温：重要交叉跨越红外测温：220kV花绿甲乙线#120-#121、#123-#124、#126-#127、#137-#138、#147-#148、空汉甲乙线#08-#09、#13-#14、#20-#21、110kV空九甲乙线#06-#07、#08-#09（2024年03月） 220kV花绿甲线;220kV花绿乙线;220kV花空甲线;220kV花空乙线;220kV空汉甲线;220kV空汉乙线导线连接位置红外测温：合成绝缘子（避雷器）红外测温：重要交叉跨越红外测温：220kV空汉甲乙线#39-#40、220kV花绿甲乙线#07-#08、#14-#15、220kV花空甲乙线#08-#09、#14-#15（2024年04月第2次） 110kV田芙线;220kV花绿甲线;220kV花绿乙线;220kV花空甲线;220kV花空乙线;110kV田空丙线;110kV空芙线导线连接位置红外测温：合成绝缘子（避雷器）红外测温：重要交叉跨越红外测温：110kV田芙线#25-#26、#26-#27、#27-#28、田空丙线#25-#26、#29-#30、#48-#49、空芙线#51-#52、220kV花绿甲乙线#68-#69、#78-#79、花空甲乙线#67-#68、#80-#81（2024年04月） 220kV花绿甲线;220kV花绿乙线;220kV空汉甲线;220kV空汉乙线;110kV空九甲线;110kV空九乙线导线连接位置红外测温：合成绝缘子（避雷器）红外测温：重要交叉跨越红外测温：220kV花绿甲乙线#120-#121、#123-#124、#126-#127、#137-#138、#147-#148、空汉甲乙线#08-#09、#13-#14、#20-#21、110kV空九甲乙线#06-#07、#08-#09（2024年04月） 220kV花绿甲线;220kV花绿乙线;220kV花空甲线;220kV花空乙线;220kV空汉甲线;220kV空汉乙线;110kV空九甲线;110kV空九乙线;110kV田空丙线;110kV空梯线;110kV空芙线导线连接位置红外测温：合成绝缘子（避雷器）红外测温：重要交叉跨越红外测温：220kV花绿甲乙线#103-#104、#111-#112、#113-#114、花空甲乙线#104-#105、#111-#112、空汉甲乙线#03-#04、110kV空芙线#04-#05、#12-#13、空梯线#04-#05、#12-#13、田空丙线#86-#87、#94-#95、空九甲乙线#03-#04（2024年04月） 220kV花绿甲线;220kV花绿乙线;220kV花空甲线;220kV花空乙线导线连接位置红外测温：合成绝缘子（避雷器）红外测温：重要交叉跨越红外测温：220kV花绿甲乙线#07-#08、#13-#14、#14-#15、220kV花空甲乙线#08-#09、#13-#14、#14-#15、220kV花绿甲乙线#26（预绞丝）（2024年04月） 220kV花绿甲线;220kV花绿乙线;220kV花空甲线;220kV花空乙线;220kV空汉甲线;220kV空汉乙线导线连接位置红外测温：合成绝缘子（避雷器）红外测温：重要交叉跨越红外测温：220kV空汉甲乙线#39-#40、220kV花绿甲乙线#07-#08、#14-#15、220kV花空甲乙线#08-#09、#14-#15（2024年05月第2次） 110kV田芙线;220kV花绿甲线;220kV花绿乙线;220kV花空甲线;220kV花空乙线;110kV田空丙线;110kV空芙线导线连接位置红外测温：合成绝缘子（避雷器）红外测温：重要交叉跨越红外测温：110kV田芙线#25-#26、#26-#27、#27-#28、田空丙线#25-#26、#29-#30、#48-#49、空芙线#51-#52、220kV花绿甲乙线#68-#69、#78-#79、花空甲乙线#67-#68、#80-#81（2024年05月） 220kV花绿甲线;220kV花绿乙线;220kV花空甲线;220kV花空乙线;220kV空汉甲线;220kV空汉乙线;110kV空九甲线;110kV空九乙线;110kV田空丙线;110kV空梯线;110kV空芙线导线连接位置红外测温：合成绝缘子（避雷器）红外测温：重要交叉跨越红外测温：220kV花绿甲乙线#103-#104、#111-#112、#113-#114、花空甲乙线#104-#105、#111-#112、空汉甲乙线#03-#04、110kV空芙线#04-#05、#12-#13、空梯线#04-#05、#12-#13、田空丙线#86-#87、#94-#95、空九甲乙线#03-#04（2024年05月） 220kV花绿甲线;220kV花绿乙线;220kV花空甲线;220kV花空乙线导线连接位置红外测温：合成绝缘子（避雷器）红外测温：重要交叉跨越红外测温：220kV花绿甲乙线#07-#08、#13-#14、#14-#15、220kV花空甲乙线#08-#09、#13-#14、#14-#15、220kV花绿甲乙线#26（预绞丝）（2024年05月） 220kV花绿甲线;220kV花绿乙线;220kV空汉甲线;220kV空汉乙线;110kV空九甲线;110kV空九乙线导线连接位置红外测温：合成绝缘子（避雷器）红外测温：重要交叉跨越红外测温：220kV花绿甲乙线#120-#121、#123-#124、#126-#127、#137-#138、#147-#148、空汉甲乙线#08-#09、#13-#14、#20-#21、110kV空九甲乙线#06-#07、#08-#09（2024年05月） 220kV花绿甲线;220kV花绿乙线;220kV花空甲线;220kV花空乙线无人机精细化巡线：机巡线路巡视（1-6月精细化）：（Ⅳ级）220kV花绿甲线#01-#50；220kV花绿乙线#01-#50；220kV花空甲线#01-#50；220kV花空乙线#01-#50 110kV田芙线;220kV花绿甲线;220kV花绿乙线;220kV花空甲线;220kV花空乙线;110kV田空丙线;110kV空芙线导线连接位置红外测温：合成绝缘子（避雷器）红外测温：重要交叉跨越红外测温：110kV田芙线#25-#26、#26-#27、#27-#28、田空丙线#25-#26、#29-#30、#48-#49、空芙线#51-#52、220kV花绿甲乙线#68-#69、#78-#79、花空甲乙线#67-#68、#80-#81（2024年06月） 220kV花绿甲线;220kV花绿乙线;220kV空汉甲线;220kV空汉乙线;110kV空九甲线;110kV空九乙线导线连接位置红外测温：合成绝缘子（避雷器）红外测温：重要交叉跨越红外测温：220kV花绿甲乙线#120-#121、#123-#124、#126-#127、#137-#138、#147-#148、空汉甲乙线#08-#09、#13-#14、#20-#21、110kV空九甲乙线#06-#07、#08-#09（2024年06月） 220kV花绿甲线;220kV花绿乙线导线连接位置红外测温：合成绝缘子（避雷器）红外测温：220kV花绿甲乙线（2024年1-12月） 220kV花绿甲线;220kV花绿乙线;220kV花空甲线;220kV花空乙线无人机巡视、测量作业：机巡线路巡视（4-6月点云测量）：（Ⅳ级）220kV花绿甲线线#01-#154；220kV花绿甲线线#01-#154；220kV花空甲线#01-#113；220kV花空乙线#01-#113 220kV花绿甲线;220kV花绿乙线;220kV花空甲线;220kV花空乙线无人机精细化巡线：机巡线路巡视（1-6月精细化）：（Ⅳ级）220kV花绿甲线#104-#114；220kV花绿乙线#104-#114；220kV花空甲线#105-#113；220kV花空乙线#105-#113 220kV花绿甲线;220kV花绿乙线无人机精细化巡线：机巡线路巡视（1-6月精细化）：（Ⅳ级）220kV花绿甲线#115-#154；220kV花绿乙线#115-#154 220kV花绿甲线;220kV花绿乙线;220kV花空甲线;220kV花空乙线;220kV空汉甲线;220kV空汉乙线导线连接位置红外测温：合成绝缘子（避雷器）红外测温：重要交叉跨越红外测温：220kV空汉甲乙线#39-#40、220kV花绿甲乙线#07-#08、#14-#15、220kV花空甲乙线#08-#09、#14-#15（2024年06月第2次） 220kV花绿甲线;220kV花绿乙线;220kV花空甲线;220kV花空乙线;220kV空汉甲线;220kV空汉乙线;110kV空九甲线;110kV空九乙线;110kV田空丙线;110kV空梯线;110kV空芙线导线连接位置红外测温：合成绝缘子（避雷器）红外测温：重要交叉跨越红外测温：220kV花绿甲乙线#103-#104、#111-#112、#113-#114、花空甲乙线#104-#105、#111-#112、空汉甲乙线#03-#04、110kV空芙线#04-#05、#12-#13、空梯线#04-#05、#12-#13、田空丙线#86-#87、#94-#95、空九甲乙线#03-#04（2024年06月） 220kV花绿甲线;220kV花绿乙线;220kV花空甲线;220kV花空乙线导线连接位置红外测温：合成绝缘子（避雷器）红外测温：重要交叉跨越红外测温：220kV花绿甲乙线#07-#08、#13-#14、#14-#15、220kV花空甲乙线#08-#09、#13-#14、#14-#15、220kV花绿甲乙线#26（预绞丝）（2024年06月） 220kV花绿甲线;220kV花绿乙线;220kV花空甲线;220kV花空乙线无人机精细化巡线：机巡线路巡视（1-6月精细化）：（Ⅳ级）220kV花绿甲线#46；220kV花绿乙线#46；220kV花空甲线#44-#46；220kV花空乙线#44-#46 220kV花绿甲线;220kV花绿乙线;220kV花空甲线;220kV花空乙线无人机精细化巡线：机巡线路巡视（1-6月精细化）：（Ⅳ级）220kV花绿甲线#51-#72；220kV花绿乙线#51-#72；220kV花空甲线#51-#73；220kV花空乙线#51-#73 220kV花绿甲线;220kV花绿乙线;220kV花空甲线;220kV花空乙线无人机精细化巡线：机巡线路巡视（1-6月精细化）：（Ⅳ级）220kV花绿甲线#73-#103；220kV花绿乙线#73-#103；220kV花空甲线#74-#104；220kV花空乙线#74-#104 220kV花绿甲线;220kV花绿乙线;220kV花空甲线;220kV花空乙线导线连接位置红外测温：合成绝缘子（避雷器）红外测温：重要交叉跨越红外测温：220kV花绿甲乙线#07-#08、#14-#15、220kV花空甲乙线#08-#09、#14-#15（2024年07月第2次） 220kV花绿甲线;220kV花绿乙线;220kV空汉甲线;220kV空汉乙线;110kV空九甲线;110kV空九乙线导线连接位置红外测温：合成绝缘子（避雷器）红外测温：重要交叉跨越红外测温：220kV花绿甲乙线#120-#121、#123-#124、#126-#127、#137-#138、#147-#148、空汉甲乙线#08-#09、#13-#14、#20-#21、110kV空九甲乙线#06-#07、#08-#09（2024年07月） 220kV花绿甲线;220kV花绿乙线;220kV花空甲线;220kV花空乙线;220kV空汉甲线;220kV空汉乙线;110kV空九甲线;110kV空九乙线;110kV田空丙线;110kV空梯线;110kV空芙线导线连接位置红外测温：合成绝缘子（避雷器）红外测温：重要交叉跨越红外测温：220kV花绿甲乙线#103-#104、#111-#112、#113-#114、花空甲乙线#104-#105、#111-#112、空汉甲乙线#03-#04、110kV空芙线#04-#05、#12-#13、空梯线#04-#05、#12-#13、田空丙线#86-#87、#94-#95、空九甲乙线#03-#04（2024年07月） 220kV花绿甲线;220kV花绿乙线;220kV花空甲线;220kV花空乙线导线连接位置红外测温：合成绝缘子（避雷器）红外测温：重要交叉跨越红外测温：220kV花绿甲乙线#07-#08、#13-#14、#14-#15、220kV花空甲乙线#08-#09、#13-#14、#14-#15、220kV花绿甲乙线#26（预绞丝）（2024年07月） 110kV田芙线;220kV花绿甲线;220kV花绿乙线;220kV花空甲线;220kV花空乙线;110kV田空丙线;110kV空芙线导线连接位置红外测温：合成绝缘子（避雷器）红外测温：重要交叉跨越红外测温：110kV田芙线#25-#26、#26-#27、#27-#28、田空丙线#25-#26、#29-#30、#48-#49、空芙线#51-#52、220kV花绿甲乙线#68-#69、#78-#79、花空甲乙线#67-#68、#80-#81（2024年07月） 220kV花绿甲线;220kV花绿乙线;220kV花空甲线;220kV花空乙线;220kV空汉甲线;220kV空汉乙线导线连接位置红外测温：合成绝缘子（避雷器）红外测温：重要交叉跨越红外测温：220kV空汉甲乙线#39-#40、220kV花绿甲乙线#07-#08、#14-#15、220kV花空甲乙线#08-#09、#14-#15（2024年08月第2次） 220kV花绿甲线;220kV花绿乙线;220kV花空甲线;220kV花空乙线;220kV空汉甲线;220kV空汉乙线;110kV空九甲线;110kV空九乙线;110kV田空丙线;110kV空梯线;110kV空芙线导线连接位置红外测温：合成绝缘子（避雷器）红外测温：重要交叉跨越红外测温：220kV花绿甲乙线#103-#104、#111-#112、#113-#114、花空甲乙线#104-#105、#111-#112、空汉甲乙线#03-#04、110kV空芙线#04-#05、#12-#13、空梯线#04-#05、#12-#13、田空丙线#86-#87、#94-#95、空九甲乙线#03-#04（2024年08月） 220kV花绿甲线;220kV花绿乙线;220kV空汉甲线;220kV空汉乙线;110kV空九甲线;110kV空九乙线导线连接位置红外测温：合成绝缘子（避雷器）红外测温：重要交叉跨越红外测温：220kV花绿甲乙线#120-#121、#123-#124、#126-#127、#137-#138、#147-#148、空汉甲乙线#08-#09、#13-#14、#20-#21、110kV空九甲乙线#06-#07、#08-#09（2024年08月） 110kV田芙线;220kV花绿甲线;220kV花绿乙线;220kV花空甲线;220kV花空乙线;110kV田空丙线;110kV空芙线导线连接位置红外测温：合成绝缘子（避雷器）红外测温：重要交叉跨越红外测温：110kV田芙线#25-#26、#26-#27、#27-#28、田空丙线#25-#26、#29-#30、#48-#49、空芙线#51-#52、220kV花绿甲乙线#68-#69、#78-#79、花空甲乙线#67-#68、#80-#81（2024年08月） 220kV花绿甲线;220kV花绿乙线;220kV花空甲线;220kV花空乙线导线连接位置红外测温：合成绝缘子（避雷器）红外测温：重要交叉跨越红外测温：220kV花绿甲乙线#07-#08、#13-#14、#14-#15、220kV花空甲乙线#08-#09、#13-#14、#14-#15、220kV花绿甲乙线#26（预绞丝）（2024年08月） 220kV花绿甲线;220kV花绿乙线;220kV花空甲线;220kV花空乙线无人机精细化巡线：机巡线路巡视（1-6月精细化）：（Ⅳ级）220kV花绿甲线#46；220kV花绿乙线#46；220kV花空甲线#44-#46；220kV花空乙线#44-#46 220kV花绿甲线;220kV花绿乙线;220kV花空甲线;220kV花空乙线无人机精细化巡线：机巡线路巡视（1-6月精细化）：（Ⅳ级）220kV花绿甲线#51-#72；220kV花绿乙线#51-#72；220kV花空甲线#51-#73；220kV花空乙线#51-#73 220kV花绿甲线;220kV花绿乙线;220kV花空甲线;220kV花空乙线无人机精细化巡线：机巡线路巡视（1-6月精细化）：（Ⅳ级）220kV花绿甲线#73-#103；220kV花绿乙线#73-#103；220kV花空甲线#74-#104；220kV花空乙线#74-#104 220kV花绿甲线;220kV花绿乙线;220kV花空甲线;220kV花空乙线导线连接位置红外测温：合成绝缘子（避雷器）红外测温：重要交叉跨越红外测温：220kV花绿甲乙线#07-#08、#14-#15、220kV花空甲乙线#08-#09、#14-#15（2024年07月第2次） 220kV花绿甲线;220kV花绿乙线;220kV空汉甲线;220kV空汉乙线;110kV空九甲线;110kV空九乙线导线连接位置红外测温：合成绝缘子（避雷器）红外测温：重要交叉跨越红外测温：220kV花绿甲乙线#120-#121、#123-#124、#126-#127、#137-#138、#147-#148、空汉甲乙线#08-#09、#13-#14、#20-#21、110kV空九甲乙线#06-#07、#08-#09（2024年07月） 220kV花绿甲线;220kV花绿乙线;220kV花空甲线;220kV花空乙线;220kV空汉甲线;220kV空汉乙线;110kV空九甲线;110kV空九乙线;110kV田空丙线;110kV空梯线;110kV空芙线导线连接位置红外测温：合成绝缘子（避雷器）红外测温：重要交叉跨越红外测温：220kV花绿甲乙线#103-#104、#111-#112、#113-#114、花空甲乙线#104-#105、#111-#112、空汉甲乙线#03-#04、110kV空芙线#04-#05、#12-#13、空梯线#04-#05、#12-#13、田空丙线#86-#87、#94-#95、空九甲乙线#03-#04（2024年07月） 220kV花绿甲线;220kV花绿乙线;220kV花空甲线;220kV花空乙线导线连接位置红外测温：合成绝缘子（避雷器）红外测温：重要交叉跨越红外测温：220kV花绿甲乙线#07-#08、#13-#14、#14-#15、220kV花空甲乙线#08-#09、#13-#14、#14-#15、220kV花绿甲乙线#26（预绞丝）（2024年07月） 110kV田芙线;220kV花绿甲线;220kV花绿乙线;220kV花空甲线;220kV花空乙线;110kV田空丙线;110kV空芙线导线连接位置红外测温：合成绝缘子（避雷器）红外测温：重要交叉跨越红外测温：110kV田芙线#25-#26、#26-#27、#27-#28、田空丙线#25-#26、#29-#30、#48-#49、空芙线#51-#52、220kV花绿甲乙线#68-#69、#78-#79、花空甲乙线#67-#68、#80-#81（2024年07月） 220kV花绿甲线;220kV花绿乙线;220kV花空甲线;220kV花空乙线无人机精细化巡线：机巡线路巡视（1-6月精细化）：（Ⅳ级）220kV花绿甲线#46；220kV花绿乙线#46；220kV花空甲线#44-#46；220kV花空乙线#44-#46 220kV花绿甲线;220kV花绿乙线;220kV花空甲线;220kV花空乙线无人机精细化巡线：机巡线路巡视（1-6月精细化）：（Ⅳ级）220kV花绿甲线#51-#72；220kV花绿乙线#51-#72；220kV花空甲线#51-#73；220kV花空乙线#51-#73 220kV花绿甲线;220kV花绿乙线;220kV花空甲线;220kV花空乙线无人机精细化巡线：机巡线路巡视（1-6月精细化）：（Ⅳ级）220kV花绿甲线#73-#103；220kV花绿乙线#73-#103；220kV花空甲线#74-#104；220kV花空乙线#74-#104 220kV花绿甲线;220kV花绿乙线;220kV花空甲线;220kV花空乙线导线连接位置红外测温：合成绝缘子（避雷器）红外测温：重要交叉跨越红外测温：220kV花绿甲乙线#07-#08、#14-#15、220kV花空甲乙线#08-#09、#14-#15（2024年07月第2次） 220kV花绿甲线;220kV花绿乙线;220kV空汉甲线;220kV空汉乙线;110kV空九甲线;110kV空九乙线导线连接位置红外测温：合成绝缘子（避雷器）红外测温：重要交叉跨越红外测温：220kV花绿甲乙线#120-#121、#123-#124、#126-#127、#137-#138、#147-#148、空汉甲乙线#08-#09、#13-#14、#20-#21、110kV空九甲乙线#06-#07、#08-#09（2024年07月） 220kV花绿甲线;220kV花绿乙线;220kV花空甲线;220kV花空乙线;220kV空汉甲线;220kV空汉乙线;110kV空九甲线;110kV空九乙线;110kV田空丙线;110kV空梯线;110kV空芙线导线连接位置红外测温：合成绝缘子（避雷器）红外测温：重要交叉跨越红外测温：220kV花绿甲乙线#103-#104、#111-#112、#113-#114、花空甲乙线#104-#105、#111-#112、空汉甲乙线#03-#04、110kV空芙线#04-#05、#12-#13、空梯线#04-#05、#12-#13、田空丙线#86-#87、#94-#95、空九甲乙线#03-#04（2024年07月） 220kV花绿甲线;220kV花绿乙线;220kV花空甲线;220kV花空乙线导线连接位置红外测温：合成绝缘子（避雷器）红外测温：重要交叉跨越红外测温：220kV花绿甲乙线#07-#08、#13-#14、#14-#15、220kV花空甲乙线#08-#09、#13-#14、#14-#15、220kV花绿甲乙线#26（预绞丝）（2024年07月） 110kV田芙线;220kV花绿甲线;220kV花绿乙线;220kV花空甲线;220kV花空乙线;110kV田空丙线;110kV空芙线导线连接位置红外测温：合成绝缘子（避雷器）红外测温：重要交叉跨越红外测温：110kV田芙线#25-#26、#26-#27、#27-#28、田空丙线#25-#26、#29-#30、#48-#49、空芙线#51-#52、220kV花绿甲乙线#68-#69、#78-#79、花空甲乙线#67-#68、#80-#81（2024年07月） 220kV花绿甲线;220kV花绿乙线;220kV花空甲线;220kV花空乙线;220kV空汉甲线;220kV空汉乙线导线连接位置红外测温：合成绝缘子（避雷器）红外测温：重要交叉跨越红外测温：220kV空汉甲乙线#39-#40、220kV花绿甲乙线#07-#08、#14-#15、220kV花空甲乙线#08-#09、#14-#15（2024年08月第2次） 220kV花绿甲线;220kV花绿乙线;220kV花空甲线;220kV花空乙线;220kV空汉甲线;220kV空汉乙线;110kV空九甲线;110kV空九乙线;110kV田空丙线;110kV空梯线;110kV空芙线导线连接位置红外测温：合成绝缘子（避雷器）红外测温：重要交叉跨越红外测温：220kV花绿甲乙线#103-#104、#111-#112、#113-#114、花空甲乙线#104-#105、#111-#112、空汉甲乙线#03-#04、110kV空芙线#04-#05、#12-#13、空梯线#04-#05、#12-#13、田空丙线#86-#87、#94-#95、空九甲乙线#03-#04（2024年08月） 220kV花绿甲线;220kV花绿乙线;220kV空汉甲线;220kV空汉乙线;110kV空九甲线;110kV空九乙线导线连接位置红外测温：合成绝缘子（避雷器）红外测温：重要交叉跨越红外测温：220kV花绿甲乙线#120-#121、#123-#124、#126-#127、#137-#138、#147-#148、空汉甲乙线#08-#09、#13-#14、#20-#21、110kV空九甲乙线#06-#07、#08-#09（2024年08月） 110kV田芙线;220kV花绿甲线;220kV花绿乙线;220kV花空甲线;220kV花空乙线;110kV田空丙线;110kV空芙线导线连接位置红外测温：合成绝缘子（避雷器）红外测温：重要交叉跨越红外测温：110kV田芙线#25-#26、#26-#27、#27-#28、田空丙线#25-#26、#29-#30、#48-#49、空芙线#51-#52、220kV花绿甲乙线#68-#69、#78-#79、花空甲乙线#67-#68、#80-#81（2024年08月） 220kV花绿甲线;220kV花绿乙线;220kV花空甲线;220kV花空乙线导线连接位置红外测温：合成绝缘子（避雷器）红外测温：重要交叉跨越红外测温：220kV花绿甲乙线#07-#08、#13-#14、#14-#15、220kV花空甲乙线#08-#09、#13-#14、#14-#15、220kV花绿甲乙线#26（预绞丝）（2024年08月） 220kV花绿甲线;220kV花绿乙线;220kV花空甲线;220kV花空乙线无人机精细化巡线：机巡线路巡视（1-6月精细化）：（Ⅳ级）220kV花绿甲线#46；220kV花绿乙线#46；220kV花空甲线#44-#46；220kV花空乙线#44-#46 | AD59: #44-#46 #44-#46 #14-#15 #13-#14 #08-#09 #14-#15 #13-#14 #07-#08 #80-#81 #67-#68 #78-#79 #68-#69 #51-#52 #48-#49 #29-#30 #25-#26 #27-#28 #26-#27 #25-#26 #08-#09 #06-#07 #20-#21 #13-#14 #08-#09 #147-#148 #137-#138 #126-#127 #123-#124 #120-#121 #03-#04 #94-#95 #86-#87 #12-#13 #04-#05 #12-#13 #04-#05 #03-#04 #111-#112 #104-#105 #113-#114 #111-#112 #103-#104 #14-#15 #08-#09 #14-#15 #07-#08 #39-#40 | AF59: 已完成 | AG59: 2月份已完成
A60: 2267 | B60: 预试 | C60: 考核 | D60: 220kV | E60: 一般 | F60: 花空甲线 | G60: 运维策略 | H60: 全线 | I60: 30 | J60: 147 | K60: 31 | L60: 45444 | M60: 45473 | N60: 否 | O60: 输电管理二所 | P60: 叶翔 | Q60: 黄文锋 | R60: 花都中心 | S60: 61 | T60: 2024-02-19 08:45:00 2024-02-05 08:59:00 2024-02-04 08:59:00 2024-02-01 08:30:00 2024-03-25 08:38:00 2024-03-08 08:40:00 2024-03-06 08:35:00 2024-03-05 08:40:00 2024-04-23 09:34:00 2024-04-16 08:48:00 2024-04-09 08:45:00 2024-04-08 08:47:00 2024-05-23 08:36:00 2024-05-13 08:26:00 2024-05-13 08:26:00 2024-05-07 08:31:00 2024-06-24 10:11:00 2024-06-18 09:22:00 2024-06-24 08:05:00 2024-06-28 08:06:00 2024-06-20 09:45:56 2024-06-18 09:06:00 2024-06-14 09:03:00 2024-06-03 08:22:00 2024-06-03 08:38:00 2024-07-30 08:45:00 2024-07-29 08:45:00 2024-07-29 08:45:00 2024-07-25 09:00:00 2024-07-11 09:00:00 2024-07-03 15:59:10 2024-07-01 08:40:00 2024-08-26 08:30:00 2024-08-07 08:45:00 2024-08-05 08:45:00 2024-08-02 08:56:13 2024-07-30 08:45:00 2024-07-29 08:45:00 2024-07-29 08:45:00 2024-07-25 09:00:00 2024-07-11 09:00:00 2024-07-03 15:59:10 2024-07-01 08:40:00 2024-07-30 08:45:00 2024-07-29 08:45:00 2024-07-29 08:45:00 2024-07-25 09:00:00 2024-07-11 09:00:00 2024-07-03 15:59:10 2024-07-01 08:40:00 2024-08-26 08:30:00 2024-08-07 08:45:00 2024-08-05 08:45:00 2024-08-02 08:56:13 2024-07-30 08:45:00 | U60: 45341.461 | AA60: SCWH0301240110001587 SCWH0301240110000746 SCWH0301240110001545 SCWH0301240110000512 SCWH0301240110003331 SCWH0301240110003330 SCWH0301240110003327 SCWH0301240110003326 SCWH0301240110003532 SCWH0301240110003528 SCWH0301240110003531 SCWH0301240110003437 SCWH0301240110003443 SCWH0301240110003438 SCWH0301240110003441 SCWH0301240110003526 SCWH0301240108002973 SCWH0301240110003854 SCWH0301240109004180 SCWH0301240108004242 SCWH0301240108002974 SCWH0301240110003858 SCWH0301240110003857 SCWH0301240110003860 SCWH0301240110003852 SCWH0301240726001817 SCWH0301231228033045 SCWH0301240108003344 SCWH0301240718000180 SCWH0301240110003953 SCWH0301240110003947 SCWH0301240110003949 SCWH0301240110003925 SCWH0301240110003923 SCWH0301240110003926 SCWH0301240110003927 SCWH0301240726001817 SCWH0301231228033045 SCWH0301240108003344 SCWH0301240718000180 SCWH0301240110003953 SCWH0301240110003947 SCWH0301240110003949 SCWH0301240726001817 SCWH0301231228033045 SCWH0301240108003344 SCWH0301240718000180 SCWH0301240110003953 SCWH0301240110003947 SCWH0301240110003949 SCWH0301240110003925 SCWH0301240110003923 SCWH0301240110003926 SCWH0301240110003927 SCWH0301240726001817 | AB60: 花空甲线 | AC60: 220kV花绿甲线;220kV花绿乙线;220kV花空甲线;220kV花空乙线;220kV空汉甲线;220kV空汉乙线导线连接位置红外测温：合成绝缘子（避雷器）红外测温：重要交叉跨越红外测温：220kV空汉甲乙线#39-#40、220kV花绿甲乙线#07-#08、#14-#15、220kV花空甲乙线#08-#09、#14-#15（2024年02月第2次） 220kV花绿甲线;220kV花绿乙线;220kV花空甲线;220kV花空乙线;220kV空汉甲线;220kV空汉乙线;110kV空九甲线;110kV空九乙线;110kV田空丙线;110kV空梯线;110kV空芙线导线连接位置红外测温：合成绝缘子（避雷器）红外测温：重要交叉跨越红外测温：220kV花绿甲乙线#103-#104、#111-#112、#113-#114、花空甲乙线#104-#105、#111-#112、空汉甲乙线#03-#04、110kV空芙线#04-#05、#12-#13、空梯线#04-#05、#12-#13、田空丙线#86-#87、#94-#95、空九甲乙线#03-#04（2024年02月） 110kV田芙线;220kV花绿甲线;220kV花绿乙线;220kV花空甲线;220kV花空乙线;110kV田空丙线;110kV空芙线导线连接位置红外测温：合成绝缘子（避雷器）红外测温：重要交叉跨越红外测温：110kV田芙线#25-#26、#26-#27、#27-#28、田空丙线#25-#26、#29-#30、#48-#49、空芙线#51-#52、220kV花绿甲乙线#68-#69、#78-#79、花空甲乙线#67-#68、#80-#81（2024年02月） 220kV花绿甲线;220kV花绿乙线;220kV花空甲线;220kV花空乙线导线连接位置红外测温：合成绝缘子（避雷器）红外测温：重要交叉跨越红外测温：220kV花绿甲乙线#07-#08、#13-#14、#14-#15、220kV花空甲乙线#08-#09、#13-#14、#14-#15、220kV花绿甲乙线#26（预绞丝）（2024年02月） 220kV花绿甲线;220kV花绿乙线;220kV花空甲线;220kV花空乙线;220kV空汉甲线;220kV空汉乙线导线连接位置红外测温：合成绝缘子（避雷器）红外测温：重要交叉跨越红外测温：220kV空汉甲乙线#39-#40、220kV花绿甲乙线#07-#08、#14-#15、220kV花空甲乙线#08-#09、#14-#15（2024年03月第2次） 110kV田芙线;220kV花绿甲线;220kV花绿乙线;220kV花空甲线;220kV花空乙线;110kV田空丙线;110kV空芙线导线连接位置红外测温：合成绝缘子（避雷器）红外测温：重要交叉跨越红外测温：110kV田芙线#25-#26、#26-#27、#27-#28、田空丙线#25-#26、#29-#30、#48-#49、空芙线#51-#52、220kV花绿甲乙线#68-#69、#78-#79、花空甲乙线#67-#68、#80-#81（2024年03月） 220kV花绿甲线;220kV花绿乙线;220kV花空甲线;220kV花空乙线;220kV空汉甲线;220kV空汉乙线;110kV空九甲线;110kV空九乙线;110kV田空丙线;110kV空梯线;110kV空芙线导线连接位置红外测温：合成绝缘子（避雷器）红外测温：重要交叉跨越红外测温：220kV花绿甲乙线#103-#104、#111-#112、#113-#114、花空甲乙线#104-#105、#111-#112、空汉甲乙线#03-#04、110kV空芙线#04-#05、#12-#13、空梯线#04-#05、#12-#13、田空丙线#86-#87、#94-#95、空九甲乙线#03-#04（2024年03月） 220kV花绿甲线;220kV花绿乙线;220kV花空甲线;220kV花空乙线导线连接位置红外测温：合成绝缘子（避雷器）红外测温：重要交叉跨越红外测温：220kV花绿甲乙线#07-#08、#13-#14、#14-#15、220kV花空甲乙线#08-#09、#13-#14、#14-#15、220kV花绿甲乙线#26（预绞丝）（2024年03月） 220kV花绿甲线;220kV花绿乙线;220kV花空甲线;220kV花空乙线;220kV空汉甲线;220kV空汉乙线导线连接位置红外测温：合成绝缘子（避雷器）红外测温：重要交叉跨越红外测温：220kV空汉甲乙线#39-#40、220kV花绿甲乙线#07-#08、#14-#15、220kV花空甲乙线#08-#09、#14-#15（2024年04月第2次） 110kV田芙线;220kV花绿甲线;220kV花绿乙线;220kV花空甲线;220kV花空乙线;110kV田空丙线;110kV空芙线导线连接位置红外测温：合成绝缘子（避雷器）红外测温：重要交叉跨越红外测温：110kV田芙线#25-#26、#26-#27、#27-#28、田空丙线#25-#26、#29-#30、#48-#49、空芙线#51-#52、220kV花绿甲乙线#68-#69、#78-#79、花空甲乙线#67-#68、#80-#81（2024年04月） 220kV花绿甲线;220kV花绿乙线;220kV花空甲线;220kV花空乙线;220kV空汉甲线;220kV空汉乙线;110kV空九甲线;110kV空九乙线;110kV田空丙线;110kV空梯线;110kV空芙线导线连接位置红外测温：合成绝缘子（避雷器）红外测温：重要交叉跨越红外测温：220kV花绿甲乙线#103-#104、#111-#112、#113-#114、花空甲乙线#104-#105、#111-#112、空汉甲乙线#03-#04、110kV空芙线#04-#05、#12-#13、空梯线#04-#05、#12-#13、田空丙线#86-#87、#94-#95、空九甲乙线#03-#04（2024年04月） 220kV花绿甲线;220kV花绿乙线;220kV花空甲线;220kV花空乙线导线连接位置红外测温：合成绝缘子（避雷器）红外测温：重要交叉跨越红外测温：220kV花绿甲乙线#07-#08、#13-#14、#14-#15、220kV花空甲乙线#08-#09、#13-#14、#14-#15、220kV花绿甲乙线#26（预绞丝）（2024年04月） 220kV花绿甲线;220kV花绿乙线;220kV花空甲线;220kV花空乙线;220kV空汉甲线;220kV空汉乙线导线连接位置红外测温：合成绝缘子（避雷器）红外测温：重要交叉跨越红外测温：220kV空汉甲乙线#39-#40、220kV花绿甲乙线#07-#08、#14-#15、220kV花空甲乙线#08-#09、#14-#15（2024年05月第2次） 110kV田芙线;220kV花绿甲线;220kV花绿乙线;220kV花空甲线;220kV花空乙线;110kV田空丙线;110kV空芙线导线连接位置红外测温：合成绝缘子（避雷器）红外测温：重要交叉跨越红外测温：110kV田芙线#25-#26、#26-#27、#27-#28、田空丙线#25-#26、#29-#30、#48-#49、空芙线#51-#52、220kV花绿甲乙线#68-#69、#78-#79、花空甲乙线#67-#68、#80-#81（2024年05月） 220kV花绿甲线;220kV花绿乙线;220kV花空甲线;220kV花空乙线;220kV空汉甲线;220kV空汉乙线;110kV空九甲线;110kV空九乙线;110kV田空丙线;110kV空梯线;110kV空芙线导线连接位置红外测温：合成绝缘子（避雷器）红外测温：重要交叉跨越红外测温：220kV花绿甲乙线#103-#104、#111-#112、#113-#114、花空甲乙线#104-#105、#111-#112、空汉甲乙线#03-#04、110kV空芙线#04-#05、#12-#13、空梯线#04-#05、#12-#13、田空丙线#86-#87、#94-#95、空九甲乙线#03-#04（2024年05月） 220kV花绿甲线;220kV花绿乙线;220kV花空甲线;220kV花空乙线导线连接位置红外测温：合成绝缘子（避雷器）红外测温：重要交叉跨越红外测温：220kV花绿甲乙线#07-#08、#13-#14、#14-#15、220kV花空甲乙线#08-#09、#13-#14、#14-#15、220kV花绿甲乙线#26（预绞丝）（2024年05月） 220kV花绿甲线;220kV花绿乙线;220kV花空甲线;220kV花空乙线无人机精细化巡线：机巡线路巡视（1-6月精细化）：（Ⅳ级）220kV花绿甲线#01-#50；220kV花绿乙线#01-#50；220kV花空甲线#01-#50；220kV花空乙线#01-#50 110kV田芙线;220kV花绿甲线;220kV花绿乙线;220kV花空甲线;220kV花空乙线;110kV田空丙线;110kV空芙线导线连接位置红外测温：合成绝缘子（避雷器）红外测温：重要交叉跨越红外测温：110kV田芙线#25-#26、#26-#27、#27-#28、田空丙线#25-#26、#29-#30、#48-#49、空芙线#51-#52、220kV花绿甲乙线#68-#69、#78-#79、花空甲乙线#67-#68、#80-#81（2024年06月） 220kV花空甲线;220kV花空乙线导线连接位置红外测温：合成绝缘子（避雷器）红外测温：220kV花空甲乙线（2024年1-12月） 220kV花绿甲线;220kV花绿乙线;220kV花空甲线;220kV花空乙线无人机巡视、测量作业：机巡线路巡视（4-6月点云测量）：（Ⅳ级）220kV花绿甲线线#01-#154；220kV花绿甲线线#01-#154；220kV花空甲线#01-#113；220kV花空乙线#01-#113 220kV花绿甲线;220kV花绿乙线;220kV花空甲线;220kV花空乙线无人机精细化巡线：机巡线路巡视（1-6月精细化）：（Ⅳ级）220kV花绿甲线#104-#114；220kV花绿乙线#104-#114；220kV花空甲线#105-#113；220kV花空乙线#105-#113 220kV花绿甲线;220kV花绿乙线;220kV花空甲线;220kV花空乙线;220kV空汉甲线;220kV空汉乙线导线连接位置红外测温：合成绝缘子（避雷器）红外测温：重要交叉跨越红外测温：220kV空汉甲乙线#39-#40、220kV花绿甲乙线#07-#08、#14-#15、220kV花空甲乙线#08-#09、#14-#15（2024年06月第2次） 220kV花绿甲线;220kV花绿乙线;220kV花空甲线;220kV花空乙线;220kV空汉甲线;220kV空汉乙线;110kV空九甲线;110kV空九乙线;110kV田空丙线;110kV空梯线;110kV空芙线导线连接位置红外测温：合成绝缘子（避雷器）红外测温：重要交叉跨越红外测温：220kV花绿甲乙线#103-#104、#111-#112、#113-#114、花空甲乙线#104-#105、#111-#112、空汉甲乙线#03-#04、110kV空芙线#04-#05、#12-#13、空梯线#04-#05、#12-#13、田空丙线#86-#87、#94-#95、空九甲乙线#03-#04（2024年06月） 220kV花绿甲线;220kV花绿乙线;220kV花空甲线;220kV花空乙线导线连接位置红外测温：合成绝缘子（避雷器）红外测温：重要交叉跨越红外测温：220kV花绿甲乙线#07-#08、#13-#14、#14-#15、220kV花空甲乙线#08-#09、#13-#14、#14-#15、220kV花绿甲乙线#26（预绞丝）（2024年06月） 110kV空芙线（含梯面乙支线）、220kV空汉甲乙线、220kV花空甲乙线导线连接位置红外测温：合成绝缘子（避雷器）红外测温：110kV空芙线、110kV空芙线梯面乙支线、220kV空汉甲线、220kV空汉乙线、220kV花空甲线、220kV花空乙线（广州市2024年普通高考保供电准备阶段） 220kV花绿甲线;220kV花绿乙线;220kV花空甲线;220kV花空乙线无人机精细化巡线：机巡线路巡视（1-6月精细化）：（Ⅳ级）220kV花绿甲线#46；220kV花绿乙线#46；220kV花空甲线#44-#46；220kV花空乙线#44-#46 220kV花绿甲线;220kV花绿乙线;220kV花空甲线;220kV花空乙线无人机精细化巡线：机巡线路巡视（1-6月精细化）：（Ⅳ级）220kV花绿甲线#51-#72；220kV花绿乙线#51-#72；220kV花空甲线#51-#73；220kV花空乙线#51-#73 220kV花绿甲线;220kV花绿乙线;220kV花空甲线;220kV花空乙线无人机精细化巡线：机巡线路巡视（1-6月精细化）：（Ⅳ级）220kV花绿甲线#73-#103；220kV花绿乙线#73-#103；220kV花空甲线#74-#104；220kV花空乙线#74-#104 220kV花绿甲线;220kV花绿乙线;220kV花空甲线;220kV花空乙线导线连接位置红外测温：合成绝缘子（避雷器）红外测温：重要交叉跨越红外测温：220kV花绿甲乙线#07-#08、#14-#15、220kV花空甲乙线#08-#09、#14-#15（2024年07月第2次） 220kV花绿甲线;220kV花绿乙线;220kV花空甲线;220kV花空乙线;220kV空汉甲线;220kV空汉乙线;110kV空九甲线;110kV空九乙线;110kV田空丙线;110kV空梯线;110kV空芙线导线连接位置红外测温：合成绝缘子（避雷器）红外测温：重要交叉跨越红外测温：220kV花绿甲乙线#103-#104、#111-#112、#113-#114、花空甲乙线#104-#105、#111-#112、空汉甲乙线#03-#04、110kV空芙线#04-#05、#12-#13、空梯线#04-#05、#12-#13、田空丙线#86-#87、#94-#95、空九甲乙线#03-#04（2024年07月） 220kV花绿甲线;220kV花绿乙线;220kV花空甲线;220kV花空乙线导线连接位置红外测温：合成绝缘子（避雷器）红外测温：重要交叉跨越红外测温：220kV花绿甲乙线#07-#08、#13-#14、#14-#15、220kV花空甲乙线#08-#09、#13-#14、#14-#15、220kV花绿甲乙线#26（预绞丝）（2024年07月） 110kV田芙线;220kV花绿甲线;220kV花绿乙线;220kV花空甲线;220kV花空乙线;110kV田空丙线;110kV空芙线导线连接位置红外测温：合成绝缘子（避雷器）红外测温：重要交叉跨越红外测温：110kV田芙线#25-#26、#26-#27、#27-#28、田空丙线#25-#26、#29-#30、#48-#49、空芙线#51-#52、220kV花绿甲乙线#68-#69、#78-#79、花空甲乙线#67-#68、#80-#81（2024年07月） 220kV花绿甲线;220kV花绿乙线;220kV花空甲线;220kV花空乙线;220kV空汉甲线;220kV空汉乙线导线连接位置红外测温：合成绝缘子（避雷器）红外测温：重要交叉跨越红外测温：220kV空汉甲乙线#39-#40、220kV花绿甲乙线#07-#08、#14-#15、220kV花空甲乙线#08-#09、#14-#15（2024年08月第2次） 220kV花绿甲线;220kV花绿乙线;220kV花空甲线;220kV花空乙线;220kV空汉甲线;220kV空汉乙线;110kV空九甲线;110kV空九乙线;110kV田空丙线;110kV空梯线;110kV空芙线导线连接位置红外测温：合成绝缘子（避雷器）红外测温：重要交叉跨越红外测温：220kV花绿甲乙线#103-#104、#111-#112、#113-#114、花空甲乙线#104-#105、#111-#112、空汉甲乙线#03-#04、110kV空芙线#04-#05、#12-#13、空梯线#04-#05、#12-#13、田空丙线#86-#87、#94-#95、空九甲乙线#03-#04（2024年08月） 110kV田芙线;220kV花绿甲线;220kV花绿乙线;220kV花空甲线;220kV花空乙线;110kV田空丙线;110kV空芙线导线连接位置红外测温：合成绝缘子（避雷器）红外测温：重要交叉跨越红外测温：110kV田芙线#25-#26、#26-#27、#27-#28、田空丙线#25-#26、#29-#30、#48-#49、空芙线#51-#52、220kV花绿甲乙线#68-#69、#78-#79、花空甲乙线#67-#68、#80-#81（2024年08月） 220kV花绿甲线;220kV花绿乙线;220kV花空甲线;220kV花空乙线导线连接位置红外测温：合成绝缘子（避雷器）红外测温：重要交叉跨越红外测温：220kV花绿甲乙线#07-#08、#13-#14、#14-#15、220kV花空甲乙线#08-#09、#13-#14、#14-#15、220kV花绿甲乙线#26（预绞丝）（2024年08月） 220kV花绿甲线;220kV花绿乙线;220kV花空甲线;220kV花空乙线无人机精细化巡线：机巡线路巡视（1-6月精细化）：（Ⅳ级）220kV花绿甲线#46；220kV花绿乙线#46；220kV花空甲线#44-#46；220kV花空乙线#44-#46 220kV花绿甲线;220kV花绿乙线;220kV花空甲线;220kV花空乙线无人机精细化巡线：机巡线路巡视（1-6月精细化）：（Ⅳ级）220kV花绿甲线#51-#72；220kV花绿乙线#51-#72；220kV花空甲线#51-#73；220kV花空乙线#51-#73 220kV花绿甲线;220kV花绿乙线;220kV花空甲线;220kV花空乙线无人机精细化巡线：机巡线路巡视（1-6月精细化）：（Ⅳ级）220kV花绿甲线#73-#103；220kV花绿乙线#73-#103；220kV花空甲线#74-#104；220kV花空乙线#74-#104 220kV花绿甲线;220kV花绿乙线;220kV花空甲线;220kV花空乙线导线连接位置红外测温：合成绝缘子（避雷器）红外测温：重要交叉跨越红外测温：220kV花绿甲乙线#07-#08、#14-#15、220kV花空甲乙线#08-#09、#14-#15（2024年07月第2次） 220kV花绿甲线;220kV花绿乙线;220kV花空甲线;220kV花空乙线;220kV空汉甲线;220kV空汉乙线;110kV空九甲线;110kV空九乙线;110kV田空丙线;110kV空梯线;110kV空芙线导线连接位置红外测温：合成绝缘子（避雷器）红外测温：重要交叉跨越红外测温：220kV花绿甲乙线#103-#104、#111-#112、#113-#114、花空甲乙线#104-#105、#111-#112、空汉甲乙线#03-#04、110kV空芙线#04-#05、#12-#13、空梯线#04-#05、#12-#13、田空丙线#86-#87、#94-#95、空九甲乙线#03-#04（2024年07月） 220kV花绿甲线;220kV花绿乙线;220kV花空甲线;220kV花空乙线导线连接位置红外测温：合成绝缘子（避雷器）红外测温：重要交叉跨越红外测温：220kV花绿甲乙线#07-#08、#13-#14、#14-#15、220kV花空甲乙线#08-#09、#13-#14、#14-#15、220kV花绿甲乙线#26（预绞丝）（2024年07月） 110kV田芙线;220kV花绿甲线;220kV花绿乙线;220kV花空甲线;220kV花空乙线;110kV田空丙线;110kV空芙线导线连接位置红外测温：合成绝缘子（避雷器）红外测温：重要交叉跨越红外测温：110kV田芙线#25-#26、#26-#27、#27-#28、田空丙线#25-#26、#29-#30、#48-#49、空芙线#51-#52、220kV花绿甲乙线#68-#69、#78-#79、花空甲乙线#67-#68、#80-#81（2024年07月） 220kV花绿甲线;220kV花绿乙线;220kV花空甲线;220kV花空乙线无人机精细化巡线：机巡线路巡视（1-6月精细化）：（Ⅳ级）220kV花绿甲线#46；220kV花绿乙线#46；220kV花空甲线#44-#46；220kV花空乙线#44-#46 220kV花绿甲线;220kV花绿乙线;220kV花空甲线;220kV花空乙线无人机精细化巡线：机巡线路巡视（1-6月精细化）：（Ⅳ级）220kV花绿甲线#51-#72；220kV花绿乙线#51-#72；220kV花空甲线#51-#73；220kV花空乙线#51-#73 220kV花绿甲线;220kV花绿乙线;220kV花空甲线;220kV花空乙线无人机精细化巡线：机巡线路巡视（1-6月精细化）：（Ⅳ级）220kV花绿甲线#73-#103；220kV花绿乙线#73-#103；220kV花空甲线#74-#104；220kV花空乙线#74-#104 220kV花绿甲线;220kV花绿乙线;220kV花空甲线;220kV花空乙线导线连接位置红外测温：合成绝缘子（避雷器）红外测温：重要交叉跨越红外测温：220kV花绿甲乙线#07-#08、#14-#15、220kV花空甲乙线#08-#09、#14-#15（2024年07月第2次） 220kV花绿甲线;220kV花绿乙线;220kV花空甲线;220kV花空乙线;220kV空汉甲线;220kV空汉乙线;110kV空九甲线;110kV空九乙线;110kV田空丙线;110kV空梯线;110kV空芙线导线连接位置红外测温：合成绝缘子（避雷器）红外测温：重要交叉跨越红外测温：220kV花绿甲乙线#103-#104、#111-#112、#113-#114、花空甲乙线#104-#105、#111-#112、空汉甲乙线#03-#04、110kV空芙线#04-#05、#12-#13、空梯线#04-#05、#12-#13、田空丙线#86-#87、#94-#95、空九甲乙线#03-#04（2024年07月） 220kV花绿甲线;220kV花绿乙线;220kV花空甲线;220kV花空乙线导线连接位置红外测温：合成绝缘子（避雷器）红外测温：重要交叉跨越红外测温：220kV花绿甲乙线#07-#08、#13-#14、#14-#15、220kV花空甲乙线#08-#09、#13-#14、#14-#15、220kV花绿甲乙线#26（预绞丝）（2024年07月） 110kV田芙线;220kV花绿甲线;220kV花绿乙线;220kV花空甲线;220kV花空乙线;110kV田空丙线;110kV空芙线导线连接位置红外测温：合成绝缘子（避雷器）红外测温：重要交叉跨越红外测温：110kV田芙线#25-#26、#26-#27、#27-#28、田空丙线#25-#26、#29-#30、#48-#49、空芙线#51-#52、220kV花绿甲乙线#68-#69、#78-#79、花空甲乙线#67-#68、#80-#81（2024年07月） 220kV花绿甲线;220kV花绿乙线;220kV花空甲线;220kV花空乙线;220kV空汉甲线;220kV空汉乙线导线连接位置红外测温：合成绝缘子（避雷器）红外测温：重要交叉跨越红外测温：220kV空汉甲乙线#39-#40、220kV花绿甲乙线#07-#08、#14-#15、220kV花空甲乙线#08-#09、#14-#15（2024年08月第2次） 220kV花绿甲线;220kV花绿乙线;220kV花空甲线;220kV花空乙线;220kV空汉甲线;220kV空汉乙线;110kV空九甲线;110kV空九乙线;110kV田空丙线;110kV空梯线;110kV空芙线导线连接位置红外测温：合成绝缘子（避雷器）红外测温：重要交叉跨越红外测温：220kV花绿甲乙线#103-#104、#111-#112、#113-#114、花空甲乙线#104-#105、#111-#112、空汉甲乙线#03-#04、110kV空芙线#04-#05、#12-#13、空梯线#04-#05、#12-#13、田空丙线#86-#87、#94-#95、空九甲乙线#03-#04（2024年08月） 110kV田芙线;220kV花绿甲线;220kV花绿乙线;220kV花空甲线;220kV花空乙线;110kV田空丙线;110kV空芙线导线连接位置红外测温：合成绝缘子（避雷器）红外测温：重要交叉跨越红外测温：110kV田芙线#25-#26、#26-#27、#27-#28、田空丙线#25-#26、#29-#30、#48-#49、空芙线#51-#52、220kV花绿甲乙线#68-#69、#78-#79、花空甲乙线#67-#68、#80-#81（2024年08月） 220kV花绿甲线;220kV花绿乙线;220kV花空甲线;220kV花空乙线导线连接位置红外测温：合成绝缘子（避雷器）红外测温：重要交叉跨越红外测温：220kV花绿甲乙线#07-#08、#13-#14、#14-#15、220kV花空甲乙线#08-#09、#13-#14、#14-#15、220kV花绿甲乙线#26（预绞丝）（2024年08月） 220kV花绿甲线;220kV花绿乙线;220kV花空甲线;220kV花空乙线无人机精细化巡线：机巡线路巡视（1-6月精细化）：（Ⅳ级）220kV花绿甲线#46；220kV花绿乙线#46；220kV花空甲线#44-#46；220kV花空乙线#44-#46 | AD60: #44-#46 #44-#46 #14-#15 #13-#14 #08-#09 #14-#15 #13-#14 #07-#08 #80-#81 #67-#68 #78-#79 #68-#69 #51-#52 #48-#49 #29-#30 #25-#26 #27-#28 #26-#27 #25-#26 #03-#04 #94-#95 #86-#87 #12-#13 #04-#05 #12-#13 #04-#05 #03-#04 #111-#112 #104-#105 #113-#114 #111-#112 #103-#104 #14-#15 #08-#09 #14-#15 #07-#08 #39-#40 | AF60: 已完成 | AG60: 2月份已完成
A61: 2280 | B61: 预试 | C61: 考核 | D61: 220kV | E61: 一般 | F61: 花空乙线 | G61: 运维策略 | H61: 全线 | I61: 30 | J61: 147 | K61: 31 | L61: 45444 | M61: 45473 | N61: 否 | O61: 输电管理二所 | P61: 叶翔 | Q61: 黄文锋 | R61: 花都中心 | S61: 61 | T61: 2024-02-19 08:45:00 2024-02-05 08:59:00 2024-02-04 08:59:00 2024-02-01 08:30:00 2024-03-25 08:38:00 2024-03-08 08:40:00 2024-03-06 08:35:00 2024-03-05 08:40:00 2024-04-23 09:34:00 2024-04-16 08:48:00 2024-04-09 08:45:00 2024-04-08 08:47:00 2024-05-23 08:36:00 2024-05-13 08:26:00 2024-05-13 08:26:00 2024-05-07 08:31:00 2024-06-24 10:11:00 2024-06-18 09:22:00 2024-06-24 08:05:00 2024-06-28 08:06:00 2024-06-20 09:45:56 2024-06-18 09:06:00 2024-06-14 09:03:00 2024-06-03 08:22:00 2024-06-03 08:38:00 2024-07-30 08:45:00 2024-07-29 08:45:00 2024-07-29 08:45:00 2024-07-25 09:00:00 2024-07-11 09:00:00 2024-07-03 15:59:10 2024-07-01 08:40:00 2024-08-26 08:30:00 2024-08-07 08:45:00 2024-08-05 08:45:00 2024-08-02 08:56:13 2024-07-30 08:45:00 2024-07-29 08:45:00 2024-07-29 08:45:00 2024-07-25 09:00:00 2024-07-11 09:00:00 2024-07-03 15:59:10 2024-07-01 08:40:00 2024-07-30 08:45:00 2024-07-29 08:45:00 2024-07-29 08:45:00 2024-07-25 09:00:00 2024-07-11 09:00:00 2024-07-03 15:59:10 2024-07-01 08:40:00 2024-08-26 08:30:00 2024-08-07 08:45:00 2024-08-05 08:45:00 2024-08-02 08:56:13 2024-07-30 08:45:00 | U61: 45341.461 | AA61: SCWH0301240110001587 SCWH0301240110000746 SCWH0301240110001545 SCWH0301240110000512 SCWH0301240110003331 SCWH0301240110003330 SCWH0301240110003327 SCWH0301240110003326 SCWH0301240110003532 SCWH0301240110003528 SCWH0301240110003531 SCWH0301240110003437 SCWH0301240110003443 SCWH0301240110003438 SCWH0301240110003441 SCWH0301240110003526 SCWH0301240108002973 SCWH0301240110003854 SCWH0301240109004180 SCWH0301240108004242 SCWH0301240108002974 SCWH0301240110003858 SCWH0301240110003857 SCWH0301240110003860 SCWH0301240110003852 SCWH0301240726001817 SCWH0301231228033045 SCWH0301240108003344 SCWH0301240718000180 SCWH0301240110003953 SCWH0301240110003947 SCWH0301240110003949 SCWH0301240110003925 SCWH0301240110003923 SCWH0301240110003926 SCWH0301240110003927 SCWH0301240726001817 SCWH0301231228033045 SCWH0301240108003344 SCWH0301240718000180 SCWH0301240110003953 SCWH0301240110003947 SCWH0301240110003949 SCWH0301240726001817 SCWH0301231228033045 SCWH0301240108003344 SCWH0301240718000180 SCWH0301240110003953 SCWH0301240110003947 SCWH0301240110003949 SCWH0301240110003925 SCWH0301240110003923 SCWH0301240110003926 SCWH0301240110003927 SCWH0301240726001817 | AB61: 花空乙线 | AC61: 220kV花绿甲线;220kV花绿乙线;220kV花空甲线;220kV花空乙线;220kV空汉甲线;220kV空汉乙线导线连接位置红外测温：合成绝缘子（避雷器）红外测温：重要交叉跨越红外测温：220kV空汉甲乙线#39-#40、220kV花绿甲乙线#07-#08、#14-#15、220kV花空甲乙线#08-#09、#14-#15（2024年02月第2次） 220kV花绿甲线;220kV花绿乙线;220kV花空甲线;220kV花空乙线;220kV空汉甲线;220kV空汉乙线;110kV空九甲线;110kV空九乙线;110kV田空丙线;110kV空梯线;110kV空芙线导线连接位置红外测温：合成绝缘子（避雷器）红外测温：重要交叉跨越红外测温：220kV花绿甲乙线#103-#104、#111-#112、#113-#114、花空甲乙线#104-#105、#111-#112、空汉甲乙线#03-#04、110kV空芙线#04-#05、#12-#13、空梯线#04-#05、#12-#13、田空丙线#86-#87、#94-#95、空九甲乙线#03-#04（2024年02月） 110kV田芙线;220kV花绿甲线;220kV花绿乙线;220kV花空甲线;220kV花空乙线;110kV田空丙线;110kV空芙线导线连接位置红外测温：合成绝缘子（避雷器）红外测温：重要交叉跨越红外测温：110kV田芙线#25-#26、#26-#27、#27-#28、田空丙线#25-#26、#29-#30、#48-#49、空芙线#51-#52、220kV花绿甲乙线#68-#69、#78-#79、花空甲乙线#67-#68、#80-#81（2024年02月） 220kV花绿甲线;220kV花绿乙线;220kV花空甲线;220kV花空乙线导线连接位置红外测温：合成绝缘子（避雷器）红外测温：重要交叉跨越红外测温：220kV花绿甲乙线#07-#08、#13-#14、#14-#15、220kV花空甲乙线#08-#09、#13-#14、#14-#15、220kV花绿甲乙线#26（预绞丝）（2024年02月） 220kV花绿甲线;220kV花绿乙线;220kV花空甲线;220kV花空乙线;220kV空汉甲线;220kV空汉乙线导线连接位置红外测温：合成绝缘子（避雷器）红外测温：重要交叉跨越红外测温：220kV空汉甲乙线#39-#40、220kV花绿甲乙线#07-#08、#14-#15、220kV花空甲乙线#08-#09、#14-#15（2024年03月第2次） 110kV田芙线;220kV花绿甲线;220kV花绿乙线;220kV花空甲线;220kV花空乙线;110kV田空丙线;110kV空芙线导线连接位置红外测温：合成绝缘子（避雷器）红外测温：重要交叉跨越红外测温：110kV田芙线#25-#26、#26-#27、#27-#28、田空丙线#25-#26、#29-#30、#48-#49、空芙线#51-#52、220kV花绿甲乙线#68-#69、#78-#79、花空甲乙线#67-#68、#80-#81（2024年03月） 220kV花绿甲线;220kV花绿乙线;220kV花空甲线;220kV花空乙线;220kV空汉甲线;220kV空汉乙线;110kV空九甲线;110kV空九乙线;110kV田空丙线;110kV空梯线;110kV空芙线导线连接位置红外测温：合成绝缘子（避雷器）红外测温：重要交叉跨越红外测温：220kV花绿甲乙线#103-#104、#111-#112、#113-#114、花空甲乙线#104-#105、#111-#112、空汉甲乙线#03-#04、110kV空芙线#04-#05、#12-#13、空梯线#04-#05、#12-#13、田空丙线#86-#87、#94-#95、空九甲乙线#03-#04（2024年03月） 220kV花绿甲线;220kV花绿乙线;220kV花空甲线;220kV花空乙线导线连接位置红外测温：合成绝缘子（避雷器）红外测温：重要交叉跨越红外测温：220kV花绿甲乙线#07-#08、#13-#14、#14-#15、220kV花空甲乙线#08-#09、#13-#14、#14-#15、220kV花绿甲乙线#26（预绞丝）（2024年03月） 220kV花绿甲线;220kV花绿乙线;220kV花空甲线;220kV花空乙线;220kV空汉甲线;220kV空汉乙线导线连接位置红外测温：合成绝缘子（避雷器）红外测温：重要交叉跨越红外测温：220kV空汉甲乙线#39-#40、220kV花绿甲乙线#07-#08、#14-#15、220kV花空甲乙线#08-#09、#14-#15（2024年04月第2次） 110kV田芙线;220kV花绿甲线;220kV花绿乙线;220kV花空甲线;220kV花空乙线;110kV田空丙线;110kV空芙线导线连接位置红外测温：合成绝缘子（避雷器）红外测温：重要交叉跨越红外测温：110kV田芙线#25-#26、#26-#27、#27-#28、田空丙线#25-#26、#29-#30、#48-#49、空芙线#51-#52、220kV花绿甲乙线#68-#69、#78-#79、花空甲乙线#67-#68、#80-#81（2024年04月） 220kV花绿甲线;220kV花绿乙线;220kV花空甲线;220kV花空乙线;220kV空汉甲线;220kV空汉乙线;110kV空九甲线;110kV空九乙线;110kV田空丙线;110kV空梯线;110kV空芙线导线连接位置红外测温：合成绝缘子（避雷器）红外测温：重要交叉跨越红外测温：220kV花绿甲乙线#103-#104、#111-#112、#113-#114、花空甲乙线#104-#105、#111-#112、空汉甲乙线#03-#04、110kV空芙线#04-#05、#12-#13、空梯线#04-#05、#12-#13、田空丙线#86-#87、#94-#95、空九甲乙线#03-#04（2024年04月） 220kV花绿甲线;220kV花绿乙线;220kV花空甲线;220kV花空乙线导线连接位置红外测温：合成绝缘子（避雷器）红外测温：重要交叉跨越红外测温：220kV花绿甲乙线#07-#08、#13-#14、#14-#15、220kV花空甲乙线#08-#09、#13-#14、#14-#15、220kV花绿甲乙线#26（预绞丝）（2024年04月） 220kV花绿甲线;220kV花绿乙线;220kV花空甲线;220kV花空乙线;220kV空汉甲线;220kV空汉乙线导线连接位置红外测温：合成绝缘子（避雷器）红外测温：重要交叉跨越红外测温：220kV空汉甲乙线#39-#40、220kV花绿甲乙线#07-#08、#14-#15、220kV花空甲乙线#08-#09、#14-#15（2024年05月第2次） 110kV田芙线;220kV花绿甲线;220kV花绿乙线;220kV花空甲线;220kV花空乙线;110kV田空丙线;110kV空芙线导线连接位置红外测温：合成绝缘子（避雷器）红外测温：重要交叉跨越红外测温：110kV田芙线#25-#26、#26-#27、#27-#28、田空丙线#25-#26、#29-#30、#48-#49、空芙线#51-#52、220kV花绿甲乙线#68-#69、#78-#79、花空甲乙线#67-#68、#80-#81（2024年05月） 220kV花绿甲线;220kV花绿乙线;220kV花空甲线;220kV花空乙线;220kV空汉甲线;220kV空汉乙线;110kV空九甲线;110kV空九乙线;110kV田空丙线;110kV空梯线;110kV空芙线导线连接位置红外测温：合成绝缘子（避雷器）红外测温：重要交叉跨越红外测温：220kV花绿甲乙线#103-#104、#111-#112、#113-#114、花空甲乙线#104-#105、#111-#112、空汉甲乙线#03-#04、110kV空芙线#04-#05、#12-#13、空梯线#04-#05、#12-#13、田空丙线#86-#87、#94-#95、空九甲乙线#03-#04（2024年05月） 220kV花绿甲线;220kV花绿乙线;220kV花空甲线;220kV花空乙线导线连接位置红外测温：合成绝缘子（避雷器）红外测温：重要交叉跨越红外测温：220kV花绿甲乙线#07-#08、#13-#14、#14-#15、220kV花空甲乙线#08-#09、#13-#14、#14-#15、220kV花绿甲乙线#26（预绞丝）（2024年05月） 220kV花绿甲线;220kV花绿乙线;220kV花空甲线;220kV花空乙线无人机精细化巡线：机巡线路巡视（1-6月精细化）：（Ⅳ级）220kV花绿甲线#01-#50；220kV花绿乙线#01-#50；220kV花空甲线#01-#50；220kV花空乙线#01-#50 110kV田芙线;220kV花绿甲线;220kV花绿乙线;220kV花空甲线;220kV花空乙线;110kV田空丙线;110kV空芙线导线连接位置红外测温：合成绝缘子（避雷器）红外测温：重要交叉跨越红外测温：110kV田芙线#25-#26、#26-#27、#27-#28、田空丙线#25-#26、#29-#30、#48-#49、空芙线#51-#52、220kV花绿甲乙线#68-#69、#78-#79、花空甲乙线#67-#68、#80-#81（2024年06月） 220kV花空甲线;220kV花空乙线导线连接位置红外测温：合成绝缘子（避雷器）红外测温：220kV花空甲乙线（2024年1-12月） 220kV花绿甲线;220kV花绿乙线;220kV花空甲线;220kV花空乙线无人机巡视、测量作业：机巡线路巡视（4-6月点云测量）：（Ⅳ级）220kV花绿甲线线#01-#154；220kV花绿甲线线#01-#154；220kV花空甲线#01-#113；220kV花空乙线#01-#113 220kV花绿甲线;220kV花绿乙线;220kV花空甲线;220kV花空乙线无人机精细化巡线：机巡线路巡视（1-6月精细化）：（Ⅳ级）220kV花绿甲线#104-#114；220kV花绿乙线#104-#114；220kV花空甲线#105-#113；220kV花空乙线#105-#113 220kV花绿甲线;220kV花绿乙线;220kV花空甲线;220kV花空乙线;220kV空汉甲线;220kV空汉乙线导线连接位置红外测温：合成绝缘子（避雷器）红外测温：重要交叉跨越红外测温：220kV空汉甲乙线#39-#40、220kV花绿甲乙线#07-#08、#14-#15、220kV花空甲乙线#08-#09、#14-#15（2024年06月第2次） 220kV花绿甲线;220kV花绿乙线;220kV花空甲线;220kV花空乙线;220kV空汉甲线;220kV空汉乙线;110kV空九甲线;110kV空九乙线;110kV田空丙线;110kV空梯线;110kV空芙线导线连接位置红外测温：合成绝缘子（避雷器）红外测温：重要交叉跨越红外测温：220kV花绿甲乙线#103-#104、#111-#112、#113-#114、花空甲乙线#104-#105、#111-#112、空汉甲乙线#03-#04、110kV空芙线#04-#05、#12-#13、空梯线#04-#05、#12-#13、田空丙线#86-#87、#94-#95、空九甲乙线#03-#04（2024年06月） 220kV花绿甲线;220kV花绿乙线;220kV花空甲线;220kV花空乙线导线连接位置红外测温：合成绝缘子（避雷器）红外测温：重要交叉跨越红外测温：220kV花绿甲乙线#07-#08、#13-#14、#14-#15、220kV花空甲乙线#08-#09、#13-#14、#14-#15、220kV花绿甲乙线#26（预绞丝）（2024年06月） 110kV空芙线（含梯面乙支线）、220kV空汉甲乙线、220kV花空甲乙线导线连接位置红外测温：合成绝缘子（避雷器）红外测温：110kV空芙线、110kV空芙线梯面乙支线、220kV空汉甲线、220kV空汉乙线、220kV花空甲线、220kV花空乙线（广州市2024年普通高考保供电准备阶段） 220kV花绿甲线;220kV花绿乙线;220kV花空甲线;220kV花空乙线无人机精细化巡线：机巡线路巡视（1-6月精细化）：（Ⅳ级）220kV花绿甲线#46；220kV花绿乙线#46；220kV花空甲线#44-#46；220kV花空乙线#44-#46 220kV花绿甲线;220kV花绿乙线;220kV花空甲线;220kV花空乙线无人机精细化巡线：机巡线路巡视（1-6月精细化）：（Ⅳ级）220kV花绿甲线#51-#72；220kV花绿乙线#51-#72；220kV花空甲线#51-#73；220kV花空乙线#51-#73 220kV花绿甲线;220kV花绿乙线;220kV花空甲线;220kV花空乙线无人机精细化巡线：机巡线路巡视（1-6月精细化）：（Ⅳ级）220kV花绿甲线#73-#103；220kV花绿乙线#73-#103；220kV花空甲线#74-#104；220kV花空乙线#74-#104 220kV花绿甲线;220kV花绿乙线;220kV花空甲线;220kV花空乙线导线连接位置红外测温：合成绝缘子（避雷器）红外测温：重要交叉跨越红外测温：220kV花绿甲乙线#07-#08、#14-#15、220kV花空甲乙线#08-#09、#14-#15（2024年07月第2次） 220kV花绿甲线;220kV花绿乙线;220kV花空甲线;220kV花空乙线;220kV空汉甲线;220kV空汉乙线;110kV空九甲线;110kV空九乙线;110kV田空丙线;110kV空梯线;110kV空芙线导线连接位置红外测温：合成绝缘子（避雷器）红外测温：重要交叉跨越红外测温：220kV花绿甲乙线#103-#104、#111-#112、#113-#114、花空甲乙线#104-#105、#111-#112、空汉甲乙线#03-#04、110kV空芙线#04-#05、#12-#13、空梯线#04-#05、#12-#13、田空丙线#86-#87、#94-#95、空九甲乙线#03-#04（2024年07月） 220kV花绿甲线;220kV花绿乙线;220kV花空甲线;220kV花空乙线导线连接位置红外测温：合成绝缘子（避雷器）红外测温：重要交叉跨越红外测温：220kV花绿甲乙线#07-#08、#13-#14、#14-#15、220kV花空甲乙线#08-#09、#13-#14、#14-#15、220kV花绿甲乙线#26（预绞丝）（2024年07月） 110kV田芙线;220kV花绿甲线;220kV花绿乙线;220kV花空甲线;220kV花空乙线;110kV田空丙线;110kV空芙线导线连接位置红外测温：合成绝缘子（避雷器）红外测温：重要交叉跨越红外测温：110kV田芙线#25-#26、#26-#27、#27-#28、田空丙线#25-#26、#29-#30、#48-#49、空芙线#51-#52、220kV花绿甲乙线#68-#69、#78-#79、花空甲乙线#67-#68、#80-#81（2024年07月） 220kV花绿甲线;220kV花绿乙线;220kV花空甲线;220kV花空乙线;220kV空汉甲线;220kV空汉乙线导线连接位置红外测温：合成绝缘子（避雷器）红外测温：重要交叉跨越红外测温：220kV空汉甲乙线#39-#40、220kV花绿甲乙线#07-#08、#14-#15、220kV花空甲乙线#08-#09、#14-#15（2024年08月第2次） 220kV花绿甲线;220kV花绿乙线;220kV花空甲线;220kV花空乙线;220kV空汉甲线;220kV空汉乙线;110kV空九甲线;110kV空九乙线;110kV田空丙线;110kV空梯线;110kV空芙线导线连接位置红外测温：合成绝缘子（避雷器）红外测温：重要交叉跨越红外测温：220kV花绿甲乙线#103-#104、#111-#112、#113-#114、花空甲乙线#104-#105、#111-#112、空汉甲乙线#03-#04、110kV空芙线#04-#05、#12-#13、空梯线#04-#05、#12-#13、田空丙线#86-#87、#94-#95、空九甲乙线#03-#04（2024年08月） 110kV田芙线;220kV花绿甲线;220kV花绿乙线;220kV花空甲线;220kV花空乙线;110kV田空丙线;110kV空芙线导线连接位置红外测温：合成绝缘子（避雷器）红外测温：重要交叉跨越红外测温：110kV田芙线#25-#26、#26-#27、#27-#28、田空丙线#25-#26、#29-#30、#48-#49、空芙线#51-#52、220kV花绿甲乙线#68-#69、#78-#79、花空甲乙线#67-#68、#80-#81（2024年08月） 220kV花绿甲线;220kV花绿乙线;220kV花空甲线;220kV花空乙线导线连接位置红外测温：合成绝缘子（避雷器）红外测温：重要交叉跨越红外测温：220kV花绿甲乙线#07-#08、#13-#14、#14-#15、220kV花空甲乙线#08-#09、#13-#14、#14-#15、220kV花绿甲乙线#26（预绞丝）（2024年08月） 220kV花绿甲线;220kV花绿乙线;220kV花空甲线;220kV花空乙线无人机精细化巡线：机巡线路巡视（1-6月精细化）：（Ⅳ级）220kV花绿甲线#46；220kV花绿乙线#46；220kV花空甲线#44-#46；220kV花空乙线#44-#46 220kV花绿甲线;220kV花绿乙线;220kV花空甲线;220kV花空乙线无人机精细化巡线：机巡线路巡视（1-6月精细化）：（Ⅳ级）220kV花绿甲线#51-#72；220kV花绿乙线#51-#72；220kV花空甲线#51-#73；220kV花空乙线#51-#73 220kV花绿甲线;220kV花绿乙线;220kV花空甲线;220kV花空乙线无人机精细化巡线：机巡线路巡视（1-6月精细化）：（Ⅳ级）220kV花绿甲线#73-#103；220kV花绿乙线#73-#103；220kV花空甲线#74-#104；220kV花空乙线#74-#104 220kV花绿甲线;220kV花绿乙线;220kV花空甲线;220kV花空乙线导线连接位置红外测温：合成绝缘子（避雷器）红外测温：重要交叉跨越红外测温：220kV花绿甲乙线#07-#08、#14-#15、220kV花空甲乙线#08-#09、#14-#15（2024年07月第2次） 220kV花绿甲线;220kV花绿乙线;220kV花空甲线;220kV花空乙线;220kV空汉甲线;220kV空汉乙线;110kV空九甲线;110kV空九乙线;110kV田空丙线;110kV空梯线;110kV空芙线导线连接位置红外测温：合成绝缘子（避雷器）红外测温：重要交叉跨越红外测温：220kV花绿甲乙线#103-#104、#111-#112、#113-#114、花空甲乙线#104-#105、#111-#112、空汉甲乙线#03-#04、110kV空芙线#04-#05、#12-#13、空梯线#04-#05、#12-#13、田空丙线#86-#87、#94-#95、空九甲乙线#03-#04（2024年07月） 220kV花绿甲线;220kV花绿乙线;220kV花空甲线;220kV花空乙线导线连接位置红外测温：合成绝缘子（避雷器）红外测温：重要交叉跨越红外测温：220kV花绿甲乙线#07-#08、#13-#14、#14-#15、220kV花空甲乙线#08-#09、#13-#14、#14-#15、220kV花绿甲乙线#26（预绞丝）（2024年07月） 110kV田芙线;220kV花绿甲线;220kV花绿乙线;220kV花空甲线;220kV花空乙线;110kV田空丙线;110kV空芙线导线连接位置红外测温：合成绝缘子（避雷器）红外测温：重要交叉跨越红外测温：110kV田芙线#25-#26、#26-#27、#27-#28、田空丙线#25-#26、#29-#30、#48-#49、空芙线#51-#52、220kV花绿甲乙线#68-#69、#78-#79、花空甲乙线#67-#68、#80-#81（2024年07月） 220kV花绿甲线;220kV花绿乙线;220kV花空甲线;220kV花空乙线无人机精细化巡线：机巡线路巡视（1-6月精细化）：（Ⅳ级）220kV花绿甲线#46；220kV花绿乙线#46；220kV花空甲线#44-#46；220kV花空乙线#44-#46 220kV花绿甲线;220kV花绿乙线;220kV花空甲线;220kV花空乙线无人机精细化巡线：机巡线路巡视（1-6月精细化）：（Ⅳ级）220kV花绿甲线#51-#72；220kV花绿乙线#51-#72；220kV花空甲线#51-#73；220kV花空乙线#51-#73 220kV花绿甲线;220kV花绿乙线;220kV花空甲线;220kV花空乙线无人机精细化巡线：机巡线路巡视（1-6月精细化）：（Ⅳ级）220kV花绿甲线#73-#103；220kV花绿乙线#73-#103；220kV花空甲线#74-#104；220kV花空乙线#74-#104 220kV花绿甲线;220kV花绿乙线;220kV花空甲线;220kV花空乙线导线连接位置红外测温：合成绝缘子（避雷器）红外测温：重要交叉跨越红外测温：220kV花绿甲乙线#07-#08、#14-#15、220kV花空甲乙线#08-#09、#14-#15（2024年07月第2次） 220kV花绿甲线;220kV花绿乙线;220kV花空甲线;220kV花空乙线;220kV空汉甲线;220kV空汉乙线;110kV空九甲线;110kV空九乙线;110kV田空丙线;110kV空梯线;110kV空芙线导线连接位置红外测温：合成绝缘子（避雷器）红外测温：重要交叉跨越红外测温：220kV花绿甲乙线#103-#104、#111-#112、#113-#114、花空甲乙线#104-#105、#111-#112、空汉甲乙线#03-#04、110kV空芙线#04-#05、#12-#13、空梯线#04-#05、#12-#13、田空丙线#86-#87、#94-#95、空九甲乙线#03-#04（2024年07月） 220kV花绿甲线;220kV花绿乙线;220kV花空甲线;220kV花空乙线导线连接位置红外测温：合成绝缘子（避雷器）红外测温：重要交叉跨越红外测温：220kV花绿甲乙线#07-#08、#13-#14、#14-#15、220kV花空甲乙线#08-#09、#13-#14、#14-#15、220kV花绿甲乙线#26（预绞丝）（2024年07月） 110kV田芙线;220kV花绿甲线;220kV花绿乙线;220kV花空甲线;220kV花空乙线;110kV田空丙线;110kV空芙线导线连接位置红外测温：合成绝缘子（避雷器）红外测温：重要交叉跨越红外测温：110kV田芙线#25-#26、#26-#27、#27-#28、田空丙线#25-#26、#29-#30、#48-#49、空芙线#51-#52、220kV花绿甲乙线#68-#69、#78-#79、花空甲乙线#67-#68、#80-#81（2024年07月） 220kV花绿甲线;220kV花绿乙线;220kV花空甲线;220kV花空乙线;220kV空汉甲线;220kV空汉乙线导线连接位置红外测温：合成绝缘子（避雷器）红外测温：重要交叉跨越红外测温：220kV空汉甲乙线#39-#40、220kV花绿甲乙线#07-#08、#14-#15、220kV花空甲乙线#08-#09、#14-#15（2024年08月第2次） 220kV花绿甲线;220kV花绿乙线;220kV花空甲线;220kV花空乙线;220kV空汉甲线;220kV空汉乙线;110kV空九甲线;110kV空九乙线;110kV田空丙线;110kV空梯线;110kV空芙线导线连接位置红外测温：合成绝缘子（避雷器）红外测温：重要交叉跨越红外测温：220kV花绿甲乙线#103-#104、#111-#112、#113-#114、花空甲乙线#104-#105、#111-#112、空汉甲乙线#03-#04、110kV空芙线#04-#05、#12-#13、空梯线#04-#05、#12-#13、田空丙线#86-#87、#94-#95、空九甲乙线#03-#04（2024年08月） 110kV田芙线;220kV花绿甲线;220kV花绿乙线;220kV花空甲线;220kV花空乙线;110kV田空丙线;110kV空芙线导线连接位置红外测温：合成绝缘子（避雷器）红外测温：重要交叉跨越红外测温：110kV田芙线#25-#26、#26-#27、#27-#28、田空丙线#25-#26、#29-#30、#48-#49、空芙线#51-#52、220kV花绿甲乙线#68-#69、#78-#79、花空甲乙线#67-#68、#80-#81（2024年08月） 220kV花绿甲线;220kV花绿乙线;220kV花空甲线;220kV花空乙线导线连接位置红外测温：合成绝缘子（避雷器）红外测温：重要交叉跨越红外测温：220kV花绿甲乙线#07-#08、#13-#14、#14-#15、220kV花空甲乙线#08-#09、#13-#14、#14-#15、220kV花绿甲乙线#26（预绞丝）（2024年08月） 220kV花绿甲线;220kV花绿乙线;220kV花空甲线;220kV花空乙线无人机精细化巡线：机巡线路巡视（1-6月精细化）：（Ⅳ级）220kV花绿甲线#46；220kV花绿乙线#46；220kV花空甲线#44-#46；220kV花空乙线#44-#46 | AD61: #44-#46 #44-#46 #14-#15 #13-#14 #08-#09 #14-#15 #13-#14 #07-#08 #80-#81 #67-#68 #78-#79 #68-#69 #51-#52 #48-#49 #29-#30 #25-#26 #27-#28 #26-#27 #25-#26 #03-#04 #94-#95 #86-#87 #12-#13 #04-#05 #12-#13 #04-#05 #03-#04 #111-#112 #104-#105 #113-#114 #111-#112 #103-#104 #14-#15 #08-#09 #14-#15 #07-#08 #39-#40 | AF61: 已完成 | AG61: 2月份已完成
